bahan_1,bahan_2,pH_bahan_1,pH_bahan_2,delta_pH,konsentrasi_1,konsentrasi_2,suhu_ruangan,ventilasi,volume_campuran_ml,tingkat_risiko,nama_bahan_1,nama_bahan_2,campuran,label_risiko
5,10,7.14,7.41,0.27,98.9,101.03,28.92,0.1,256.7,2,Air (H2O),Gas LPG (Propana/Butana),Air (H2O) + Gas LPG (Propana/Butana),Tinggi
1,2,11.33,2.22,9.11,8.84,3.95,30.5,0.4319,181.1,1,Amonia (NH3),Cuka (CH3COOH),Amonia (NH3) + Cuka (CH3COOH),Sedang
2,4,2.06,1.45,0.61,4.5,9.67,39.66,0.4668,437.0,2,Cuka (CH3COOH),Pembersih Lantai (HCl),Cuka (CH3COOH) + Pembersih Lantai (HCl),Tinggi
3,4,7.09,0.81,6.28,13.8,11.89,28.8,0.122,272.8,0,Sabun Cuci Piring,Pembersih Lantai (HCl),Sabun Cuci Piring + Pembersih Lantai (HCl),Aman
1,5,11.37,7.46,3.91,7.61,99.18,24.16,0.5677,64.1,0,Amonia (NH3),Air (H2O),Amonia (NH3) + Air (H2O),Aman
0,3,12.47,6.91,5.56,6.48,15.34,27.77,0.2713,422.9,1,Pemutih (NaClO),Sabun Cuci Piring,Pemutih (NaClO) + Sabun Cuci Piring,Sedang
0,5,12.3,7.18,5.11,5.65,99.23,20.11,0.8155,368.1,0,Pemutih (NaClO),Air (H2O),Pemutih (NaClO) + Air (H2O),Aman
0,1,12.7,11.57,1.13,6.4,10.35,37.0,0.4495,92.9,2,Pemutih (NaClO),Amonia (NH3),Pemutih (NaClO) + Amonia (NH3),Tinggi
7,8,13.98,7.3,6.68,21.63,102.71,22.39,0.7132,392.4,2,Basa Kuat (NaOH),Aluminium Foil (Al),Basa Kuat (NaOH) + Aluminium Foil (Al),Tinggi
1,5,11.38,6.98,4.4,16.74,98.16,22.16,0.0314,336.4,0,Amonia (NH3),Air (H2O),Amonia (NH3) + Air (H2O),Aman
0,6,12.94,6.84,6.1,4.56,70.71,24.58,0.077,180.4,2,Pemutih (NaClO),Alkohol (Etanol),Pemutih (NaClO) + Alkohol (Etanol),Tinggi
0,2,12.47,2.21,10.26,2.07,6.79,24.37,0.4165,447.5,2,Pemutih (NaClO),Cuka (CH3COOH),Pemutih (NaClO) + Cuka (CH3COOH),Tinggi
5,10,6.6,6.69,0.1,99.48,100.92,23.29,0.5341,268.2,2,Air (H2O),Gas LPG (Propana/Butana),Air (H2O) + Gas LPG (Propana/Butana),Tinggi
2,4,2.56,0.39,2.17,5.91,9.67,34.06,0.3636,487.3,1,Cuka (CH3COOH),Pembersih Lantai (HCl),Cuka (CH3COOH) + Pembersih Lantai (HCl),Sedang
5,10,7.02,7.74,0.72,96.16,99.95,21.03,0.2786,458.7,2,Air (H2O),Gas LPG (Propana/Butana),Air (H2O) + Gas LPG (Propana/Butana),Tinggi
0,2,13.15,2.87,10.28,0.5,7.96,21.62,0.3697,159.0,2,Pemutih (NaClO),Cuka (CH3COOH),Pemutih (NaClO) + Cuka (CH3COOH),Tinggi
7,8,13.74,7.02,6.71,22.81,102.78,36.71,0.3208,133.9,2,Basa Kuat (NaOH),Aluminium Foil (Al),Basa Kuat (NaOH) + Aluminium Foil (Al),Tinggi
0,6,12.69,6.63,6.06,5.02,69.27,23.49,0.6909,224.0,2,Pemutih (NaClO),Alkohol (Etanol),Pemutih (NaClO) + Alkohol (Etanol),Tinggi
0,1,12.56,11.07,1.49,7.34,11.75,33.92,0.2286,128.7,2,Pemutih (NaClO),Amonia (NH3),Pemutih (NaClO) + Amonia (NH3),Tinggi
4,5,0.57,7.36,6.79,9.35,99.59,26.98,0.726,453.7,0,Pembersih Lantai (HCl),Air (H2O),Pembersih Lantai (HCl) + Air (H2O),Aman
0,1,12.59,11.29,1.3,3.64,10.46,20.1,0.1608,296.9,2,Pemutih (NaClO),Amonia (NH3),Pemutih (NaClO) + Amonia (NH3),Tinggi
3,5,6.86,6.67,0.19,14.99,99.23,34.88,0.7209,188.6,0,Sabun Cuci Piring,Air (H2O),Sabun Cuci Piring + Air (H2O),Aman
1,3,11.59,7.02,4.58,7.36,16.44,29.73,0.9061,245.5,0,Amonia (NH3),Sabun Cuci Piring,Amonia (NH3) + Sabun Cuci Piring,Aman
0,1,12.69,11.24,1.44,4.47,15.44,25.62,0.0243,340.5,2,Pemutih (NaClO),Amonia (NH3),Pemutih (NaClO) + Amonia (NH3),Tinggi
1,5,11.64,6.98,4.66,9.55,101.43,39.27,0.853,182.5,0,Amonia (NH3),Air (H2O),Amonia (NH3) + Air (H2O),Aman
0,1,12.71,11.53,1.19,3.15,8.97,33.92,0.5701,93.7,2,Pemutih (NaClO),Amonia (NH3),Pemutih (NaClO) + Amonia (NH3),Tinggi
0,2,12.76,2.37,10.4,3.29,2.95,22.73,0.7089,298.8,2,Pemutih (NaClO),Cuka (CH3COOH),Pemutih (NaClO) + Cuka (CH3COOH),Tinggi
0,4,12.15,1.15,11.0,6.31,7.13,21.42,0.3968,72.8,2,Pemutih (NaClO),Pembersih Lantai (HCl),Pemutih (NaClO) + Pembersih Lantai (HCl),Tinggi
2,5,2.35,7.02,4.67,3.45,99.53,29.31,0.5426,178.9,0,Cuka (CH3COOH),Air (H2O),Cuka (CH3COOH) + Air (H2O),Aman
4,5,1.47,7.04,5.57,8.21,99.33,24.32,0.6229,88.4,0,Pembersih Lantai (HCl),Air (H2O),Pembersih Lantai (HCl) + Air (H2O),Aman
5,6,6.97,6.85,0.11,103.33,68.52,28.67,0.744,162.9,0,Air (H2O),Alkohol (Etanol),Air (H2O) + Alkohol (Etanol),Aman
1,4,11.47,1.25,10.22,9.26,10.31,24.8,0.0939,132.3,1,Amonia (NH3),Pembersih Lantai (HCl),Amonia (NH3) + Pembersih Lantai (HCl),Sedang
0,1,12.04,11.35,0.69,9.24,12.06,27.12,0.7578,56.5,2,Pemutih (NaClO),Amonia (NH3),Pemutih (NaClO) + Amonia (NH3),Tinggi
4,5,0.86,6.37,5.52,11.4,101.2,33.0,0.0481,477.1,0,Pembersih Lantai (HCl),Air (H2O),Pembersih Lantai (HCl) + Air (H2O),Aman
5,6,7.35,7.0,0.35,102.88,67.13,33.17,0.1629,81.8,0,Air (H2O),Alkohol (Etanol),Air (H2O) + Alkohol (Etanol),Aman
4,5,1.18,7.31,6.13,10.69,101.85,31.47,0.1285,415.0,0,Pembersih Lantai (HCl),Air (H2O),Pembersih Lantai (HCl) + Air (H2O),Aman
0,3,12.35,7.06,5.29,5.88,14.78,26.38,0.8449,60.5,0,Pemutih (NaClO),Sabun Cuci Piring,Pemutih (NaClO) + Sabun Cuci Piring,Aman
0,6,12.63,6.98,5.66,2.91,72.65,30.96,0.4235,305.8,2,Pemutih (NaClO),Alkohol (Etanol),Pemutih (NaClO) + Alkohol (Etanol),Tinggi
0,4,12.3,1.35,10.95,1.42,7.56,38.62,0.8584,243.0,2,Pemutih (NaClO),Pembersih Lantai (HCl),Pemutih (NaClO) + Pembersih Lantai (HCl),Tinggi
1,4,10.76,0.98,9.79,11.27,5.49,25.95,0.1,74.1,1,Amonia (NH3),Pembersih Lantai (HCl),Amonia (NH3) + Pembersih Lantai (HCl),Sedang
1,3,12.07,7.32,4.75,9.46,13.77,28.97,0.2932,197.9,0,Amonia (NH3),Sabun Cuci Piring,Amonia (NH3) + Sabun Cuci Piring,Aman
0,6,12.53,7.02,5.5,8.63,70.81,36.77,0.4261,150.2,2,Pemutih (NaClO),Alkohol (Etanol),Pemutih (NaClO) + Alkohol (Etanol),Tinggi
7,8,14.09,6.94,7.14,20.89,97.08,31.84,0.3502,368.7,2,Basa Kuat (NaOH),Aluminium Foil (Al),Basa Kuat (NaOH) + Aluminium Foil (Al),Tinggi
0,3,12.41,7.0,5.41,0.93,18.14,29.37,0.0563,103.5,1,Pemutih (NaClO),Sabun Cuci Piring,Pemutih (NaClO) + Sabun Cuci Piring,Sedang
1,4,11.34,0.57,10.76,11.68,12.27,29.55,0.0829,287.8,1,Amonia (NH3),Pembersih Lantai (HCl),Amonia (NH3) + Pembersih Lantai (HCl),Sedang
0,3,12.42,6.97,5.45,5.09,15.78,38.49,0.9191,163.8,2,Pemutih (NaClO),Sabun Cuci Piring,Pemutih (NaClO) + Sabun Cuci Piring,Tinggi
2,5,3.15,6.77,3.62,7.9,101.92,31.69,0.9012,70.5,0,Cuka (CH3COOH),Air (H2O),Cuka (CH3COOH) + Air (H2O),Aman
3,5,6.56,7.24,0.67,14.78,101.95,23.76,0.4637,209.0,0,Sabun Cuci Piring,Air (H2O),Sabun Cuci Piring + Air (H2O),Aman
7,8,14.29,6.83,7.46,20.68,103.75,33.69,0.1626,459.9,2,Basa Kuat (NaOH),Aluminium Foil (Al),Basa Kuat (NaOH) + Aluminium Foil (Al),Tinggi
3,4,7.04,1.31,5.73,18.37,6.54,23.3,0.4113,399.9,0,Sabun Cuci Piring,Pembersih Lantai (HCl),Sabun Cuci Piring + Pembersih Lantai (HCl),Aman
2,5,2.6,6.97,4.37,5.59,97.81,36.84,0.8383,260.9,0,Cuka (CH3COOH),Air (H2O),Cuka (CH3COOH) + Air (H2O),Aman
0,1,12.6,11.56,1.04,5.68,13.82,31.7,0.7261,390.7,2,Pemutih (NaClO),Amonia (NH3),Pemutih (NaClO) + Amonia (NH3),Tinggi
1,5,11.24,6.8,4.44,8.69,98.44,37.56,0.757,71.1,0,Amonia (NH3),Air (H2O),Amonia (NH3) + Air (H2O),Aman
5,10,7.03,7.47,0.43,100.48,104.09,37.04,0.5519,302.4,2,Air (H2O),Gas LPG (Propana/Butana),Air (H2O) + Gas LPG (Propana/Butana),Tinggi
3,5,7.18,7.36,0.19,9.78,98.69,36.1,0.9032,327.8,0,Sabun Cuci Piring,Air (H2O),Sabun Cuci Piring + Air (H2O),Aman
3,4,7.27,0.96,6.31,11.54,12.89,26.97,0.514,402.6,0,Sabun Cuci Piring,Pembersih Lantai (HCl),Sabun Cuci Piring + Pembersih Lantai (HCl),Aman
2,4,2.62,0.99,1.63,1.59,9.89,29.85,0.3288,335.0,1,Cuka (CH3COOH),Pembersih Lantai (HCl),Cuka (CH3COOH) + Pembersih Lantai (HCl),Sedang
1,3,10.97,7.45,3.52,5.65,19.06,33.95,0.1801,363.4,0,Amonia (NH3),Sabun Cuci Piring,Amonia (NH3) + Sabun Cuci Piring,Aman
0,4,12.09,1.15,10.94,5.94,10.03,36.44,0.3451,206.4,2,Pemutih (NaClO),Pembersih Lantai (HCl),Pemutih (NaClO) + Pembersih Lantai (HCl),Tinggi
7,8,14.02,6.32,7.7,17.13,99.62,33.81,0.0393,409.7,2,Basa Kuat (NaOH),Aluminium Foil (Al),Basa Kuat (NaOH) + Aluminium Foil (Al),Tinggi
2,5,2.55,7.01,4.46,2.55,100.08,30.73,0.924,156.3,0,Cuka (CH3COOH),Air (H2O),Cuka (CH3COOH) + Air (H2O),Aman
1,5,11.67,7.09,4.58,13.29,99.5,30.23,0.5321,98.2,0,Amonia (NH3),Air (H2O),Amonia (NH3) + Air (H2O),Aman
0,4,12.27,1.17,11.1,3.26,9.55,31.28,0.8407,90.1,2,Pemutih (NaClO),Pembersih Lantai (HCl),Pemutih (NaClO) + Pembersih Lantai (HCl),Tinggi
4,5,1.4,6.61,5.2,9.3,95.78,29.59,0.5842,381.6,0,Pembersih Lantai (HCl),Air (H2O),Pembersih Lantai (HCl) + Air (H2O),Aman
1,2,11.24,2.09,9.15,7.93,4.62,32.92,0.5708,210.2,1,Amonia (NH3),Cuka (CH3COOH),Amonia (NH3) + Cuka (CH3COOH),Sedang
7,8,14.36,6.99,7.37,18.77,97.48,21.76,0.8059,75.0,2,Basa Kuat (NaOH),Aluminium Foil (Al),Basa Kuat (NaOH) + Aluminium Foil (Al),Tinggi
0,4,12.62,0.97,11.64,0.5,11.37,37.31,0.8171,166.1,2,Pemutih (NaClO),Pembersih Lantai (HCl),Pemutih (NaClO) + Pembersih Lantai (HCl),Tinggi
0,2,12.78,2.27,10.51,9.09,8.24,23.74,0.3237,241.4,2,Pemutih (NaClO),Cuka (CH3COOH),Pemutih (NaClO) + Cuka (CH3COOH),Tinggi
2,5,2.5,6.74,4.23,6.97,101.53,38.64,0.3206,317.2,0,Cuka (CH3COOH),Air (H2O),Cuka (CH3COOH) + Air (H2O),Aman
2,4,2.69,0.7,1.99,8.99,13.97,21.76,0.1388,51.2,1,Cuka (CH3COOH),Pembersih Lantai (HCl),Cuka (CH3COOH) + Pembersih Lantai (HCl),Sedang
5,9,7.05,7.03,0.02,96.46,7.93,23.62,0.0665,383.5,2,Air (H2O),Asap Pembakaran (CO),Air (H2O) + Asap Pembakaran (CO),Tinggi
1,2,11.65,2.64,9.01,11.06,6.39,23.73,0.2357,335.2,1,Amonia (NH3),Cuka (CH3COOH),Amonia (NH3) + Cuka (CH3COOH),Sedang
0,5,13.03,6.88,6.15,8.42,101.65,37.99,0.6241,292.9,0,Pemutih (NaClO),Air (H2O),Pemutih (NaClO) + Air (H2O),Aman
0,1,12.75,10.84,1.91,5.65,9.56,38.13,0.6242,102.6,2,Pemutih (NaClO),Amonia (NH3),Pemutih (NaClO) + Amonia (NH3),Tinggi
1,2,11.5,2.82,8.68,8.24,6.03,34.83,0.5732,499.0,1,Amonia (NH3),Cuka (CH3COOH),Amonia (NH3) + Cuka (CH3COOH),Sedang
7,8,14.2,6.73,7.47,19.01,100.78,29.88,0.7546,96.3,2,Basa Kuat (NaOH),Aluminium Foil (Al),Basa Kuat (NaOH) + Aluminium Foil (Al),Tinggi
2,5,2.37,6.83,4.46,7.57,99.11,34.45,0.72,338.5,0,Cuka (CH3COOH),Air (H2O),Cuka (CH3COOH) + Air (H2O),Aman
0,6,12.15,6.8,5.35,6.44,73.14,28.47,0.2879,326.7,2,Pemutih (NaClO),Alkohol (Etanol),Pemutih (NaClO) + Alkohol (Etanol),Tinggi
1,2,11.53,2.72,8.82,14.89,5.26,33.93,0.9225,368.3,1,Amonia (NH3),Cuka (CH3COOH),Amonia (NH3) + Cuka (CH3COOH),Sedang
1,3,11.47,7.23,4.24,10.37,15.2,22.26,0.9848,427.5,0,Amonia (NH3),Sabun Cuci Piring,Amonia (NH3) + Sabun Cuci Piring,Aman
0,1,11.99,11.96,0.03,5.11,12.19,21.1,0.3352,411.3,0,Pemutih (NaClO),Amonia (NH3),Pemutih (NaClO) + Amonia (NH3),Aman
0,4,12.43,1.19,11.24,6.7,5.36,26.94,0.7375,253.5,2,Pemutih (NaClO),Pembersih Lantai (HCl),Pemutih (NaClO) + Pembersih Lantai (HCl),Tinggi
1,3,11.81,6.79,5.02,10.94,11.94,25.55,0.2201,145.7,0,Amonia (NH3),Sabun Cuci Piring,Amonia (NH3) + Sabun Cuci Piring,Aman
4,5,1.0,7.05,6.05,8.4,99.67,31.91,0.0671,387.5,0,Pembersih Lantai (HCl),Air (H2O),Pembersih Lantai (HCl) + Air (H2O),Aman
1,3,11.07,7.44,3.63,9.1,10.75,36.73,0.5875,182.3,0,Amonia (NH3),Sabun Cuci Piring,Amonia (NH3) + Sabun Cuci Piring,Aman
3,4,7.37,0.38,7.0,9.7,12.18,23.1,0.1819,437.8,0,Sabun Cuci Piring,Pembersih Lantai (HCl),Sabun Cuci Piring + Pembersih Lantai (HCl),Aman
2,4,2.39,0.98,1.41,6.67,7.35,23.12,0.716,346.5,1,Cuka (CH3COOH),Pembersih Lantai (HCl),Cuka (CH3COOH) + Pembersih Lantai (HCl),Sedang
1,2,11.65,2.18,9.47,10.2,4.74,24.76,0.0994,159.4,1,Amonia (NH3),Cuka (CH3COOH),Amonia (NH3) + Cuka (CH3COOH),Sedang
1,5,11.18,7.18,3.99,9.28,102.32,25.86,0.8963,55.9,0,Amonia (NH3),Air (H2O),Amonia (NH3) + Air (H2O),Aman
1,3,11.57,7.22,4.34,12.73,16.92,26.72,0.8251,213.4,0,Amonia (NH3),Sabun Cuci Piring,Amonia (NH3) + Sabun Cuci Piring,Aman
5,6,6.38,7.51,1.13,97.44,73.51,25.89,0.9485,393.6,0,Air (H2O),Alkohol (Etanol),Air (H2O) + Alkohol (Etanol),Aman
2,4,2.1,0.96,1.14,5.57,10.08,29.7,0.5125,383.8,1,Cuka (CH3COOH),Pembersih Lantai (HCl),Cuka (CH3COOH) + Pembersih Lantai (HCl),Sedang
5,10,6.69,6.93,0.25,101.23,97.6,38.01,0.6912,357.4,2,Air (H2O),Gas LPG (Propana/Butana),Air (H2O) + Gas LPG (Propana/Butana),Tinggi
2,4,3.1,1.22,1.89,1.74,11.1,36.59,0.2064,54.9,1,Cuka (CH3COOH),Pembersih Lantai (HCl),Cuka (CH3COOH) + Pembersih Lantai (HCl),Sedang
5,9,6.97,7.69,0.72,98.19,11.69,31.47,0.8381,232.0,2,Air (H2O),Asap Pembakaran (CO),Air (H2O) + Asap Pembakaran (CO),Tinggi
1,5,11.07,7.17,3.9,9.3,100.4,27.79,0.2887,210.1,0,Amonia (NH3),Air (H2O),Amonia (NH3) + Air (H2O),Aman
5,10,7.16,6.96,0.19,101.08,100.27,22.7,0.4838,171.5,2,Air (H2O),Gas LPG (Propana/Butana),Air (H2O) + Gas LPG (Propana/Butana),Tinggi
1,3,12.27,6.97,5.3,8.85,15.24,26.68,0.7709,98.0,0,Amonia (NH3),Sabun Cuci Piring,Amonia (NH3) + Sabun Cuci Piring,Aman
4,5,0.72,7.69,6.97,13.31,98.59,21.52,0.0778,51.1,0,Pembersih Lantai (HCl),Air (H2O),Pembersih Lantai (HCl) + Air (H2O),Aman
5,9,6.6,6.93,0.33,96.47,12.29,30.84,0.8729,379.5,2,Air (H2O),Asap Pembakaran (CO),Air (H2O) + Asap Pembakaran (CO),Tinggi
7,8,13.98,6.5,7.48,21.67,100.92,24.42,0.9877,474.8,2,Basa Kuat (NaOH),Aluminium Foil (Al),Basa Kuat (NaOH) + Aluminium Foil (Al),Tinggi
2,4,2.28,0.89,1.39,2.5,15.21,34.62,0.1926,101.9,1,Cuka (CH3COOH),Pembersih Lantai (HCl),Cuka (CH3COOH) + Pembersih Lantai (HCl),Sedang
3,4,7.4,1.39,6.02,17.71,4.58,27.29,0.5607,266.5,0,Sabun Cuci Piring,Pembersih Lantai (HCl),Sabun Cuci Piring + Pembersih Lantai (HCl),Aman
2,3,2.44,6.87,4.42,7.51,13.21,30.79,0.7907,193.4,1,Cuka (CH3COOH),Sabun Cuci Piring,Cuka (CH3COOH) + Sabun Cuci Piring,Sedang
2,4,2.58,0.99,1.58,4.56,11.99,20.0,0.1855,222.8,1,Cuka (CH3COOH),Pembersih Lantai (HCl),Cuka (CH3COOH) + Pembersih Lantai (HCl),Sedang
5,10,6.8,6.54,0.25,105.2,98.7,21.83,0.3364,285.1,2,Air (H2O),Gas LPG (Propana/Butana),Air (H2O) + Gas LPG (Propana/Butana),Tinggi
4,5,0.7,6.68,5.99,9.4,98.39,24.67,0.0421,58.0,0,Pembersih Lantai (HCl),Air (H2O),Pembersih Lantai (HCl) + Air (H2O),Aman
1,4,11.31,1.24,10.06,9.51,8.23,31.77,0.9823,447.9,0,Amonia (NH3),Pembersih Lantai (HCl),Amonia (NH3) + Pembersih Lantai (HCl),Aman
0,2,12.03,2.52,9.51,7.33,8.24,23.53,0.2205,133.9,2,Pemutih (NaClO),Cuka (CH3COOH),Pemutih (NaClO) + Cuka (CH3COOH),Tinggi
7,8,14.75,7.14,7.61,17.5,101.14,30.5,0.2602,281.9,2,Basa Kuat (NaOH),Aluminium Foil (Al),Basa Kuat (NaOH) + Aluminium Foil (Al),Tinggi
4,5,0.79,6.79,6.0,10.69,99.25,30.74,0.5929,311.0,0,Pembersih Lantai (HCl),Air (H2O),Pembersih Lantai (HCl) + Air (H2O),Aman
1,4,11.32,0.99,10.33,7.01,8.57,37.04,0.0354,198.1,2,Amonia (NH3),Pembersih Lantai (HCl),Amonia (NH3) + Pembersih Lantai (HCl),Tinggi
0,2,12.77,2.21,10.55,1.5,2.49,29.92,0.081,149.1,2,Pemutih (NaClO),Cuka (CH3COOH),Pemutih (NaClO) + Cuka (CH3COOH),Tinggi
7,8,14.05,7.26,6.79,20.09,102.06,33.24,0.5438,439.0,2,Basa Kuat (NaOH),Aluminium Foil (Al),Basa Kuat (NaOH) + Aluminium Foil (Al),Tinggi
1,3,11.42,6.92,4.5,9.24,16.09,26.68,0.2387,468.5,0,Amonia (NH3),Sabun Cuci Piring,Amonia (NH3) + Sabun Cuci Piring,Aman
5,9,6.99,7.17,0.18,100.39,9.68,37.58,0.0051,419.0,2,Air (H2O),Asap Pembakaran (CO),Air (H2O) + Asap Pembakaran (CO),Tinggi
3,4,6.93,1.0,5.93,15.84,10.8,25.74,0.6169,491.5,0,Sabun Cuci Piring,Pembersih Lantai (HCl),Sabun Cuci Piring + Pembersih Lantai (HCl),Aman
0,2,12.41,2.57,9.84,6.29,9.33,35.22,0.5413,483.3,2,Pemutih (NaClO),Cuka (CH3COOH),Pemutih (NaClO) + Cuka (CH3COOH),Tinggi
7,8,14.32,6.69,7.63,19.11,100.39,21.35,0.5822,205.6,2,Basa Kuat (NaOH),Aluminium Foil (Al),Basa Kuat (NaOH) + Aluminium Foil (Al),Tinggi
3,4,6.96,0.39,6.57,15.73,8.95,35.41,0.6833,250.7,0,Sabun Cuci Piring,Pembersih Lantai (HCl),Sabun Cuci Piring + Pembersih Lantai (HCl),Aman
0,6,12.63,6.85,5.78,2.1,65.6,33.87,0.2208,87.1,2,Pemutih (NaClO),Alkohol (Etanol),Pemutih (NaClO) + Alkohol (Etanol),Tinggi
2,3,2.47,7.19,4.72,4.56,12.71,32.77,0.3976,173.4,1,Cuka (CH3COOH),Sabun Cuci Piring,Cuka (CH3COOH) + Sabun Cuci Piring,Sedang
0,1,12.27,11.69,0.57,7.33,8.14,37.36,0.7149,303.2,2,Pemutih (NaClO),Amonia (NH3),Pemutih (NaClO) + Amonia (NH3),Tinggi
4,5,1.15,6.92,5.77,13.25,95.04,39.35,0.1855,257.9,2,Pembersih Lantai (HCl),Air (H2O),Pembersih Lantai (HCl) + Air (H2O),Tinggi
4,5,0.55,7.09,6.54,7.15,101.21,23.22,0.6515,196.7,0,Pembersih Lantai (HCl),Air (H2O),Pembersih Lantai (HCl) + Air (H2O),Aman
1,2,11.36,1.77,9.59,9.11,1.22,32.0,0.2917,362.7,1,Amonia (NH3),Cuka (CH3COOH),Amonia (NH3) + Cuka (CH3COOH),Sedang
5,9,6.81,7.13,0.32,100.52,10.94,22.06,0.5709,58.3,2,Air (H2O),Asap Pembakaran (CO),Air (H2O) + Asap Pembakaran (CO),Tinggi
5,6,7.31,7.03,0.28,102.37,68.68,21.65,0.8245,211.0,0,Air (H2O),Alkohol (Etanol),Air (H2O) + Alkohol (Etanol),Aman
5,9,6.83,7.17,0.34,103.6,11.28,23.35,0.1046,336.4,2,Air (H2O),Asap Pembakaran (CO),Air (H2O) + Asap Pembakaran (CO),Tinggi
5,9,6.54,7.26,0.72,103.4,12.77,38.7,0.9474,331.4,2,Air (H2O),Asap Pembakaran (CO),Air (H2O) + Asap Pembakaran (CO),Tinggi
5,10,7.41,7.14,0.27,101.3,103.95,29.62,0.0408,123.8,2,Air (H2O),Gas LPG (Propana/Butana),Air (H2O) + Gas LPG (Propana/Butana),Tinggi
3,4,7.19,1.34,5.85,12.94,8.94,29.96,0.5554,373.6,0,Sabun Cuci Piring,Pembersih Lantai (HCl),Sabun Cuci Piring + Pembersih Lantai (HCl),Aman
1,4,11.09,0.86,10.23,8.31,9.97,28.37,0.2036,428.2,1,Amonia (NH3),Pembersih Lantai (HCl),Amonia (NH3) + Pembersih Lantai (HCl),Sedang
5,6,7.01,7.47,0.47,102.77,71.51,30.87,0.514,314.6,1,Air (H2O),Alkohol (Etanol),Air (H2O) + Alkohol (Etanol),Sedang
0,6,12.74,7.05,5.69,1.73,68.85,24.21,0.623,334.2,2,Pemutih (NaClO),Alkohol (Etanol),Pemutih (NaClO) + Alkohol (Etanol),Tinggi
0,4,13.0,1.38,11.62,4.05,12.78,27.46,0.5126,235.9,2,Pemutih (NaClO),Pembersih Lantai (HCl),Pemutih (NaClO) + Pembersih Lantai (HCl),Tinggi
1,4,11.73,0.15,11.59,11.09,9.26,27.18,0.593,123.6,1,Amonia (NH3),Pembersih Lantai (HCl),Amonia (NH3) + Pembersih Lantai (HCl),Sedang
0,2,12.08,2.33,9.74,8.43,8.08,24.69,0.8837,248.9,2,Pemutih (NaClO),Cuka (CH3COOH),Pemutih (NaClO) + Cuka (CH3COOH),Tinggi
0,3,12.69,6.58,6.11,4.48,17.47,34.14,0.167,125.4,1,Pemutih (NaClO),Sabun Cuci Piring,Pemutih (NaClO) + Sabun Cuci Piring,Sedang
7,8,14.21,7.29,6.92,21.01,95.69,28.93,0.8642,301.2,2,Basa Kuat (NaOH),Aluminium Foil (Al),Basa Kuat (NaOH) + Aluminium Foil (Al),Tinggi
5,6,7.22,7.02,0.2,99.86,69.93,20.79,0.1221,253.5,0,Air (H2O),Alkohol (Etanol),Air (H2O) + Alkohol (Etanol),Aman
7,8,13.74,7.48,6.25,20.38,98.21,29.6,0.686,57.8,2,Basa Kuat (NaOH),Aluminium Foil (Al),Basa Kuat (NaOH) + Aluminium Foil (Al),Tinggi
5,10,7.63,6.96,0.67,102.0,94.21,22.79,0.03,188.6,2,Air (H2O),Gas LPG (Propana/Butana),Air (H2O) + Gas LPG (Propana/Butana),Tinggi
2,4,2.68,0.76,1.92,3.53,11.01,23.12,0.2346,483.5,1,Cuka (CH3COOH),Pembersih Lantai (HCl),Cuka (CH3COOH) + Pembersih Lantai (HCl),Sedang
0,1,12.79,11.59,1.2,4.94,14.01,31.41,0.0304,468.9,2,Pemutih (NaClO),Amonia (NH3),Pemutih (NaClO) + Amonia (NH3),Tinggi
0,1,12.65,11.8,0.85,6.24,10.28,31.54,0.3486,121.7,2,Pemutih (NaClO),Amonia (NH3),Pemutih (NaClO) + Amonia (NH3),Tinggi
1,4,11.32,0.9,10.42,9.33,10.41,33.01,0.7652,466.6,1,Amonia (NH3),Pembersih Lantai (HCl),Amonia (NH3) + Pembersih Lantai (HCl),Sedang
0,2,12.89,2.42,10.47,6.44,6.27,22.4,0.5445,52.6,2,Pemutih (NaClO),Cuka (CH3COOH),Pemutih (NaClO) + Cuka (CH3COOH),Tinggi
0,3,12.76,6.35,6.41,7.34,19.06,31.93,0.5457,250.0,1,Pemutih (NaClO),Sabun Cuci Piring,Pemutih (NaClO) + Sabun Cuci Piring,Sedang
1,2,10.83,2.3,8.53,12.18,8.07,37.27,0.5191,265.6,1,Amonia (NH3),Cuka (CH3COOH),Amonia (NH3) + Cuka (CH3COOH),Sedang
0,3,12.46,6.51,5.95,5.18,12.64,27.89,0.5494,386.1,1,Pemutih (NaClO),Sabun Cuci Piring,Pemutih (NaClO) + Sabun Cuci Piring,Sedang
2,3,2.44,7.17,4.72,4.49,15.78,22.03,0.4859,165.5,1,Cuka (CH3COOH),Sabun Cuci Piring,Cuka (CH3COOH) + Sabun Cuci Piring,Sedang
2,5,2.58,6.86,4.28,9.91,101.96,28.0,0.9767,420.4,0,Cuka (CH3COOH),Air (H2O),Cuka (CH3COOH) + Air (H2O),Aman
5,10,7.55,7.07,0.49,98.06,101.1,22.14,0.5673,165.5,2,Air (H2O),Gas LPG (Propana/Butana),Air (H2O) + Gas LPG (Propana/Butana),Tinggi
0,6,12.57,7.68,4.9,5.95,65.45,31.87,0.7937,341.0,2,Pemutih (NaClO),Alkohol (Etanol),Pemutih (NaClO) + Alkohol (Etanol),Tinggi
2,4,2.72,0.79,1.93,4.45,11.5,25.5,0.8226,240.7,0,Cuka (CH3COOH),Pembersih Lantai (HCl),Cuka (CH3COOH) + Pembersih Lantai (HCl),Aman
0,6,12.37,6.82,5.54,4.51,67.74,37.39,0.4729,290.9,2,Pemutih (NaClO),Alkohol (Etanol),Pemutih (NaClO) + Alkohol (Etanol),Tinggi
0,4,12.33,0.59,11.74,6.93,14.42,31.89,0.4968,494.5,2,Pemutih (NaClO),Pembersih Lantai (HCl),Pemutih (NaClO) + Pembersih Lantai (HCl),Tinggi
0,4,12.81,0.84,11.97,1.26,6.05,32.06,0.3372,457.5,2,Pemutih (NaClO),Pembersih Lantai (HCl),Pemutih (NaClO) + Pembersih Lantai (HCl),Tinggi
0,6,12.31,6.63,5.67,3.84,67.97,21.39,0.5191,80.4,2,Pemutih (NaClO),Alkohol (Etanol),Pemutih (NaClO) + Alkohol (Etanol),Tinggi
1,2,10.9,2.61,8.29,10.66,6.67,26.66,0.6695,497.4,1,Amonia (NH3),Cuka (CH3COOH),Amonia (NH3) + Cuka (CH3COOH),Sedang
4,5,1.26,6.46,5.2,9.98,100.23,21.78,0.9617,335.7,0,Pembersih Lantai (HCl),Air (H2O),Pembersih Lantai (HCl) + Air (H2O),Aman
3,5,6.3,6.85,0.55,11.89,96.36,22.4,0.9742,59.0,0,Sabun Cuci Piring,Air (H2O),Sabun Cuci Piring + Air (H2O),Aman
0,3,12.43,6.88,5.55,6.55,12.69,35.76,0.8647,323.8,1,Pemutih (NaClO),Sabun Cuci Piring,Pemutih (NaClO) + Sabun Cuci Piring,Sedang
3,4,6.63,0.78,5.85,12.69,6.92,30.19,0.8253,175.9,0,Sabun Cuci Piring,Pembersih Lantai (HCl),Sabun Cuci Piring + Pembersih Lantai (HCl),Aman
3,4,7.08,1.0,6.08,16.67,10.06,37.03,0.2085,468.8,0,Sabun Cuci Piring,Pembersih Lantai (HCl),Sabun Cuci Piring + Pembersih Lantai (HCl),Aman
3,4,7.53,1.08,6.45,17.95,12.17,22.83,0.212,418.4,0,Sabun Cuci Piring,Pembersih Lantai (HCl),Sabun Cuci Piring + Pembersih Lantai (HCl),Aman
0,4,12.51,1.0,11.51,6.07,8.2,32.82,0.8225,109.6,2,Pemutih (NaClO),Pembersih Lantai (HCl),Pemutih (NaClO) + Pembersih Lantai (HCl),Tinggi
0,6,12.59,6.97,5.62,2.95,70.6,36.5,0.6663,104.8,2,Pemutih (NaClO),Alkohol (Etanol),Pemutih (NaClO) + Alkohol (Etanol),Tinggi
2,5,2.48,7.15,4.67,5.11,101.06,26.24,0.5061,247.8,0,Cuka (CH3COOH),Air (H2O),Cuka (CH3COOH) + Air (H2O),Aman
5,9,7.34,6.4,0.95,96.69,12.51,23.84,0.2118,268.1,2,Air (H2O),Asap Pembakaran (CO),Air (H2O) + Asap Pembakaran (CO),Tinggi
2,5,2.38,7.05,4.67,3.77,99.4,30.19,0.9967,416.3,0,Cuka (CH3COOH),Air (H2O),Cuka (CH3COOH) + Air (H2O),Aman
5,6,7.14,7.22,0.08,100.98,67.94,35.84,0.4048,344.3,0,Air (H2O),Alkohol (Etanol),Air (H2O) + Alkohol (Etanol),Aman
1,5,11.43,6.69,4.74,9.19,97.68,35.81,0.5821,356.4,0,Amonia (NH3),Air (H2O),Amonia (NH3) + Air (H2O),Aman
7,8,13.41,7.62,5.79,18.01,99.94,36.89,0.0981,269.7,2,Basa Kuat (NaOH),Aluminium Foil (Al),Basa Kuat (NaOH) + Aluminium Foil (Al),Tinggi
3,4,6.74,0.32,6.42,10.39,9.11,35.7,0.8921,479.9,0,Sabun Cuci Piring,Pembersih Lantai (HCl),Sabun Cuci Piring + Pembersih Lantai (HCl),Aman
1,4,11.47,1.05,10.43,9.6,9.24,35.62,0.8251,273.0,1,Amonia (NH3),Pembersih Lantai (HCl),Amonia (NH3) + Pembersih Lantai (HCl),Sedang
4,5,1.14,6.8,5.66,10.06,98.49,30.24,0.6802,68.8,0,Pembersih Lantai (HCl),Air (H2O),Pembersih Lantai (HCl) + Air (H2O),Aman
2,3,1.77,7.06,5.29,7.19,16.15,29.24,0.9916,486.8,2,Cuka (CH3COOH),Sabun Cuci Piring,Cuka (CH3COOH) + Sabun Cuci Piring,Tinggi
1,3,11.8,6.77,5.03,12.37,16.44,32.49,0.3819,142.6,0,Amonia (NH3),Sabun Cuci Piring,Amonia (NH3) + Sabun Cuci Piring,Aman
0,6,12.32,7.01,5.31,6.28,72.45,39.37,0.7987,181.8,2,Pemutih (NaClO),Alkohol (Etanol),Pemutih (NaClO) + Alkohol (Etanol),Tinggi
3,5,6.89,6.75,0.14,16.08,102.15,38.56,0.2246,217.5,0,Sabun Cuci Piring,Air (H2O),Sabun Cuci Piring + Air (H2O),Aman
3,4,7.09,1.24,5.85,14.56,9.45,25.72,0.8159,437.6,0,Sabun Cuci Piring,Pembersih Lantai (HCl),Sabun Cuci Piring + Pembersih Lantai (HCl),Aman
1,4,11.61,1.48,10.13,14.26,11.38,23.61,0.0539,194.0,2,Amonia (NH3),Pembersih Lantai (HCl),Amonia (NH3) + Pembersih Lantai (HCl),Tinggi
0,5,12.74,7.17,5.57,4.81,99.83,24.27,0.5059,428.3,0,Pemutih (NaClO),Air (H2O),Pemutih (NaClO) + Air (H2O),Aman
2,3,2.24,7.07,4.83,6.61,16.7,23.03,0.0938,309.7,2,Cuka (CH3COOH),Sabun Cuci Piring,Cuka (CH3COOH) + Sabun Cuci Piring,Tinggi
1,2,11.75,2.22,9.53,9.5,4.96,39.84,0.0992,230.7,2,Amonia (NH3),Cuka (CH3COOH),Amonia (NH3) + Cuka (CH3COOH),Tinggi
2,4,2.96,1.28,1.68,6.52,11.17,27.51,0.5387,285.9,2,Cuka (CH3COOH),Pembersih Lantai (HCl),Cuka (CH3COOH) + Pembersih Lantai (HCl),Tinggi
0,3,12.46,7.13,5.34,3.43,16.3,26.54,0.1489,187.5,1,Pemutih (NaClO),Sabun Cuci Piring,Pemutih (NaClO) + Sabun Cuci Piring,Sedang
7,8,14.36,7.19,7.18,19.42,98.12,24.34,0.1378,348.4,2,Basa Kuat (NaOH),Aluminium Foil (Al),Basa Kuat (NaOH) + Aluminium Foil (Al),Tinggi
2,4,2.33,1.77,0.57,1.95,12.53,32.85,0.0649,311.0,1,Cuka (CH3COOH),Pembersih Lantai (HCl),Cuka (CH3COOH) + Pembersih Lantai (HCl),Sedang
0,6,12.98,7.47,5.51,4.96,68.67,20.46,0.3221,336.4,2,Pemutih (NaClO),Alkohol (Etanol),Pemutih (NaClO) + Alkohol (Etanol),Tinggi
0,5,11.81,7.11,4.7,6.11,99.01,22.45,0.7355,156.1,0,Pemutih (NaClO),Air (H2O),Pemutih (NaClO) + Air (H2O),Aman
4,5,0.69,7.56,6.86,13.03,101.26,32.72,0.7857,103.3,0,Pembersih Lantai (HCl),Air (H2O),Pembersih Lantai (HCl) + Air (H2O),Aman
1,5,11.61,7.01,4.59,11.7,101.75,23.31,0.7003,313.6,0,Amonia (NH3),Air (H2O),Amonia (NH3) + Air (H2O),Aman
5,9,7.31,6.94,0.37,96.21,10.34,36.84,0.1861,411.2,2,Air (H2O),Asap Pembakaran (CO),Air (H2O) + Asap Pembakaran (CO),Tinggi
5,9,6.92,6.7,0.22,99.03,10.28,38.45,0.4721,56.0,2,Air (H2O),Asap Pembakaran (CO),Air (H2O) + Asap Pembakaran (CO),Tinggi
5,10,6.75,6.72,0.02,100.71,99.56,35.19,0.4497,399.5,2,Air (H2O),Gas LPG (Propana/Butana),Air (H2O) + Gas LPG (Propana/Butana),Tinggi
2,3,1.97,6.69,4.72,5.2,12.74,38.0,0.0218,348.7,2,Cuka (CH3COOH),Sabun Cuci Piring,Cuka (CH3COOH) + Sabun Cuci Piring,Tinggi
5,10,7.16,7.38,0.21,102.32,99.25,29.89,0.9796,115.2,2,Air (H2O),Gas LPG (Propana/Butana),Air (H2O) + Gas LPG (Propana/Butana),Tinggi
7,8,14.02,7.1,6.92,17.33,104.83,26.99,0.1141,118.1,2,Basa Kuat (NaOH),Aluminium Foil (Al),Basa Kuat (NaOH) + Aluminium Foil (Al),Tinggi
2,4,2.61,1.01,1.6,5.53,8.82,24.55,0.404,294.1,1,Cuka (CH3COOH),Pembersih Lantai (HCl),Cuka (CH3COOH) + Pembersih Lantai (HCl),Sedang
4,5,0.68,6.12,5.45,8.34,100.17,23.32,0.9457,432.5,0,Pembersih Lantai (HCl),Air (H2O),Pembersih Lantai (HCl) + Air (H2O),Aman
0,2,12.25,2.8,9.45,4.75,7.24,35.74,0.1119,210.2,2,Pemutih (NaClO),Cuka (CH3COOH),Pemutih (NaClO) + Cuka (CH3COOH),Tinggi
4,5,0.86,6.71,5.86,8.71,98.4,35.14,0.5194,142.2,0,Pembersih Lantai (HCl),Air (H2O),Pembersih Lantai (HCl) + Air (H2O),Aman
5,6,7.1,6.99,0.1,99.28,71.02,35.44,0.0272,79.3,0,Air (H2O),Alkohol (Etanol),Air (H2O) + Alkohol (Etanol),Aman
1,2,11.34,2.86,8.48,8.48,1.97,29.03,0.3974,92.0,1,Amonia (NH3),Cuka (CH3COOH),Amonia (NH3) + Cuka (CH3COOH),Sedang
2,3,2.78,6.8,4.02,5.23,12.12,31.55,0.6346,409.1,1,Cuka (CH3COOH),Sabun Cuci Piring,Cuka (CH3COOH) + Sabun Cuci Piring,Sedang
3,5,7.61,6.45,1.16,15.1,101.91,23.32,0.6135,213.4,0,Sabun Cuci Piring,Air (H2O),Sabun Cuci Piring + Air (H2O),Aman
2,3,2.59,7.23,4.64,3.91,13.97,23.04,0.4403,326.9,1,Cuka (CH3COOH),Sabun Cuci Piring,Cuka (CH3COOH) + Sabun Cuci Piring,Sedang
1,4,11.48,1.14,10.34,10.05,12.82,39.68,0.6679,335.6,1,Amonia (NH3),Pembersih Lantai (HCl),Amonia (NH3) + Pembersih Lantai (HCl),Sedang
7,8,14.17,7.1,7.08,22.37,105.18,21.59,0.7315,134.3,2,Basa Kuat (NaOH),Aluminium Foil (Al),Basa Kuat (NaOH) + Aluminium Foil (Al),Tinggi
5,6,6.67,6.75,0.08,100.55,71.46,36.39,0.8798,286.4,0,Air (H2O),Alkohol (Etanol),Air (H2O) + Alkohol (Etanol),Aman
0,1,12.3,10.89,1.41,3.87,9.18,34.98,0.6511,329.4,2,Pemutih (NaClO),Amonia (NH3),Pemutih (NaClO) + Amonia (NH3),Tinggi
7,8,13.85,7.09,6.76,20.86,100.76,26.3,0.0038,356.8,2,Basa Kuat (NaOH),Aluminium Foil (Al),Basa Kuat (NaOH) + Aluminium Foil (Al),Tinggi
5,6,7.26,6.6,0.67,101.17,69.05,33.88,0.5127,187.4,0,Air (H2O),Alkohol (Etanol),Air (H2O) + Alkohol (Etanol),Aman
0,4,12.6,1.07,11.54,3.99,12.89,24.66,0.8074,76.6,2,Pemutih (NaClO),Pembersih Lantai (HCl),Pemutih (NaClO) + Pembersih Lantai (HCl),Tinggi
1,3,11.21,7.05,4.17,10.55,16.3,28.94,0.4604,439.1,0,Amonia (NH3),Sabun Cuci Piring,Amonia (NH3) + Sabun Cuci Piring,Aman
0,4,12.39,1.0,11.39,7.62,9.25,28.43,0.0272,484.8,2,Pemutih (NaClO),Pembersih Lantai (HCl),Pemutih (NaClO) + Pembersih Lantai (HCl),Tinggi
1,5,11.77,6.84,4.92,10.39,100.63,25.63,0.8728,100.7,0,Amonia (NH3),Air (H2O),Amonia (NH3) + Air (H2O),Aman
0,6,12.49,6.91,5.59,4.55,69.3,26.03,0.5984,183.8,2,Pemutih (NaClO),Alkohol (Etanol),Pemutih (NaClO) + Alkohol (Etanol),Tinggi
1,4,11.77,1.06,10.71,10.86,11.8,23.71,0.079,157.8,1,Amonia (NH3),Pembersih Lantai (HCl),Amonia (NH3) + Pembersih Lantai (HCl),Sedang
0,3,12.22,7.07,5.15,5.14,17.32,21.88,0.9096,351.1,0,Pemutih (NaClO),Sabun Cuci Piring,Pemutih (NaClO) + Sabun Cuci Piring,Aman
0,1,12.2,11.36,0.84,2.76,9.78,23.41,0.9481,250.4,2,Pemutih (NaClO),Amonia (NH3),Pemutih (NaClO) + Amonia (NH3),Tinggi
1,3,11.43,6.75,4.68,10.15,11.8,29.75,0.6522,477.7,0,Amonia (NH3),Sabun Cuci Piring,Amonia (NH3) + Sabun Cuci Piring,Aman
1,4,11.47,0.94,10.52,14.58,10.21,27.24,0.4725,70.5,1,Amonia (NH3),Pembersih Lantai (HCl),Amonia (NH3) + Pembersih Lantai (HCl),Sedang
0,1,12.33,12.18,0.15,2.17,4.81,28.95,0.4743,315.9,2,Pemutih (NaClO),Amonia (NH3),Pemutih (NaClO) + Amonia (NH3),Tinggi
4,5,1.14,7.82,6.68,12.17,98.84,25.87,0.9318,228.7,0,Pembersih Lantai (HCl),Air (H2O),Pembersih Lantai (HCl) + Air (H2O),Aman
1,4,11.56,1.3,10.26,10.26,12.66,20.59,0.6754,70.2,1,Amonia (NH3),Pembersih Lantai (HCl),Amonia (NH3) + Pembersih Lantai (HCl),Sedang
1,5,11.67,7.1,4.57,9.26,97.75,33.42,0.2582,353.6,0,Amonia (NH3),Air (H2O),Amonia (NH3) + Air (H2O),Aman
5,10,7.25,6.64,0.61,101.62,101.07,36.01,0.6627,91.5,2,Air (H2O),Gas LPG (Propana/Butana),Air (H2O) + Gas LPG (Propana/Butana),Tinggi
4,5,1.37,7.35,5.98,11.02,99.66,27.24,0.5937,54.6,0,Pembersih Lantai (HCl),Air (H2O),Pembersih Lantai (HCl) + Air (H2O),Aman
1,4,11.32,1.11,10.21,11.91,10.57,38.05,0.0664,290.3,1,Amonia (NH3),Pembersih Lantai (HCl),Amonia (NH3) + Pembersih Lantai (HCl),Sedang
0,3,12.34,7.03,5.31,4.74,11.24,22.46,0.5586,204.4,1,Pemutih (NaClO),Sabun Cuci Piring,Pemutih (NaClO) + Sabun Cuci Piring,Sedang
5,9,7.55,6.78,0.78,100.94,11.69,25.51,0.3063,405.0,2,Air (H2O),Asap Pembakaran (CO),Air (H2O) + Asap Pembakaran (CO),Tinggi
0,2,12.95,2.64,10.31,3.14,0.69,21.98,0.8897,55.5,2,Pemutih (NaClO),Cuka (CH3COOH),Pemutih (NaClO) + Cuka (CH3COOH),Tinggi
0,6,12.12,7.01,5.11,6.15,65.22,32.91,0.0448,392.9,2,Pemutih (NaClO),Alkohol (Etanol),Pemutih (NaClO) + Alkohol (Etanol),Tinggi
1,3,11.08,7.36,3.71,10.1,14.68,21.43,0.4096,190.0,0,Amonia (NH3),Sabun Cuci Piring,Amonia (NH3) + Sabun Cuci Piring,Aman
7,8,14.45,7.61,6.84,22.44,100.22,22.11,0.1674,487.4,2,Basa Kuat (NaOH),Aluminium Foil (Al),Basa Kuat (NaOH) + Aluminium Foil (Al),Tinggi
0,4,12.17,0.89,11.28,4.8,10.82,20.47,0.7562,256.3,2,Pemutih (NaClO),Pembersih Lantai (HCl),Pemutih (NaClO) + Pembersih Lantai (HCl),Tinggi
7,8,13.86,6.31,7.54,19.17,102.14,28.88,0.9949,295.4,2,Basa Kuat (NaOH),Aluminium Foil (Al),Basa Kuat (NaOH) + Aluminium Foil (Al),Tinggi
2,5,2.12,7.04,4.92,4.96,100.79,24.94,0.8385,210.3,0,Cuka (CH3COOH),Air (H2O),Cuka (CH3COOH) + Air (H2O),Aman
0,5,12.52,7.15,5.37,2.48,98.27,26.95,0.5805,112.6,0,Pemutih (NaClO),Air (H2O),Pemutih (NaClO) + Air (H2O),Aman
2,5,2.71,7.26,4.54,3.96,101.13,26.01,0.3258,406.6,0,Cuka (CH3COOH),Air (H2O),Cuka (CH3COOH) + Air (H2O),Aman
5,10,7.79,6.55,1.24,99.07,99.79,24.55,0.964,459.3,2,Air (H2O),Gas LPG (Propana/Butana),Air (H2O) + Gas LPG (Propana/Butana),Tinggi
0,5,12.6,7.49,5.11,3.91,99.9,21.15,0.6808,260.1,0,Pemutih (NaClO),Air (H2O),Pemutih (NaClO) + Air (H2O),Aman
5,9,7.0,7.12,0.12,99.75,7.65,37.27,0.5887,218.9,2,Air (H2O),Asap Pembakaran (CO),Air (H2O) + Asap Pembakaran (CO),Tinggi
2,5,2.91,6.75,3.84,6.48,100.37,37.89,0.456,249.6,0,Cuka (CH3COOH),Air (H2O),Cuka (CH3COOH) + Air (H2O),Aman
2,5,2.44,6.95,4.51,6.11,100.18,37.08,0.4391,431.1,0,Cuka (CH3COOH),Air (H2O),Cuka (CH3COOH) + Air (H2O),Aman
1,3,11.72,6.74,4.98,7.8,13.3,35.25,0.9293,63.7,0,Amonia (NH3),Sabun Cuci Piring,Amonia (NH3) + Sabun Cuci Piring,Aman
2,4,2.84,0.84,2.0,4.18,8.51,25.58,0.2107,480.9,2,Cuka (CH3COOH),Pembersih Lantai (HCl),Cuka (CH3COOH) + Pembersih Lantai (HCl),Tinggi
3,4,7.22,1.15,6.06,16.91,11.03,34.81,0.1429,389.0,0,Sabun Cuci Piring,Pembersih Lantai (HCl),Sabun Cuci Piring + Pembersih Lantai (HCl),Aman
1,4,11.27,1.06,10.21,11.17,10.9,29.75,0.0776,233.4,1,Amonia (NH3),Pembersih Lantai (HCl),Amonia (NH3) + Pembersih Lantai (HCl),Sedang
5,9,7.33,7.56,0.24,100.94,6.29,33.96,0.0061,95.4,2,Air (H2O),Asap Pembakaran (CO),Air (H2O) + Asap Pembakaran (CO),Tinggi
0,2,12.7,2.78,9.92,5.0,3.37,21.0,0.0729,231.3,2,Pemutih (NaClO),Cuka (CH3COOH),Pemutih (NaClO) + Cuka (CH3COOH),Tinggi
0,2,12.45,2.71,9.74,6.75,3.74,38.12,0.3215,264.4,2,Pemutih (NaClO),Cuka (CH3COOH),Pemutih (NaClO) + Cuka (CH3COOH),Tinggi
1,3,10.59,7.06,3.54,12.72,12.38,31.72,0.6248,82.3,0,Amonia (NH3),Sabun Cuci Piring,Amonia (NH3) + Sabun Cuci Piring,Aman
1,5,11.17,6.7,4.48,6.87,99.57,31.27,0.12,462.6,0,Amonia (NH3),Air (H2O),Amonia (NH3) + Air (H2O),Aman
0,3,12.6,6.72,5.88,1.33,14.94,21.09,0.7486,192.9,1,Pemutih (NaClO),Sabun Cuci Piring,Pemutih (NaClO) + Sabun Cuci Piring,Sedang
3,4,6.74,1.34,5.4,16.91,7.93,22.04,0.3602,171.7,0,Sabun Cuci Piring,Pembersih Lantai (HCl),Sabun Cuci Piring + Pembersih Lantai (HCl),Aman
0,3,12.47,7.19,5.27,6.72,15.3,27.55,0.9363,353.8,1,Pemutih (NaClO),Sabun Cuci Piring,Pemutih (NaClO) + Sabun Cuci Piring,Sedang
2,4,2.45,1.06,1.39,4.17,8.78,25.57,0.1296,354.2,1,Cuka (CH3COOH),Pembersih Lantai (HCl),Cuka (CH3COOH) + Pembersih Lantai (HCl),Sedang
1,4,11.37,1.04,10.33,10.41,9.43,27.2,0.9568,275.2,1,Amonia (NH3),Pembersih Lantai (HCl),Amonia (NH3) + Pembersih Lantai (HCl),Sedang
3,4,7.07,0.6,6.46,17.54,11.26,28.32,0.7197,217.0,0,Sabun Cuci Piring,Pembersih Lantai (HCl),Sabun Cuci Piring + Pembersih Lantai (HCl),Aman
0,1,12.47,11.37,1.1,6.3,11.51,38.62,0.1257,381.7,2,Pemutih (NaClO),Amonia (NH3),Pemutih (NaClO) + Amonia (NH3),Tinggi
1,2,11.8,2.66,9.15,14.93,3.02,35.64,0.5438,94.9,1,Amonia (NH3),Cuka (CH3COOH),Amonia (NH3) + Cuka (CH3COOH),Sedang
0,2,12.73,1.78,10.96,4.56,0.5,31.9,0.0099,258.8,2,Pemutih (NaClO),Cuka (CH3COOH),Pemutih (NaClO) + Cuka (CH3COOH),Tinggi
5,9,6.74,6.78,0.04,99.46,13.13,22.63,0.8571,308.9,2,Air (H2O),Asap Pembakaran (CO),Air (H2O) + Asap Pembakaran (CO),Tinggi
2,5,2.79,6.78,3.98,4.52,100.38,30.36,0.3481,217.3,2,Cuka (CH3COOH),Air (H2O),Cuka (CH3COOH) + Air (H2O),Tinggi
0,6,12.66,7.58,5.07,7.06,70.26,36.6,0.6061,181.0,2,Pemutih (NaClO),Alkohol (Etanol),Pemutih (NaClO) + Alkohol (Etanol),Tinggi
1,4,11.29,0.99,10.3,10.3,11.27,33.43,0.5822,495.6,1,Amonia (NH3),Pembersih Lantai (HCl),Amonia (NH3) + Pembersih Lantai (HCl),Sedang
5,6,6.94,6.8,0.13,101.07,70.1,24.51,0.1958,113.4,0,Air (H2O),Alkohol (Etanol),Air (H2O) + Alkohol (Etanol),Aman
2,4,2.51,1.11,1.39,2.73,8.12,38.13,0.1639,339.3,2,Cuka (CH3COOH),Pembersih Lantai (HCl),Cuka (CH3COOH) + Pembersih Lantai (HCl),Tinggi
5,9,7.1,7.19,0.09,99.47,6.33,21.24,0.1473,53.5,2,Air (H2O),Asap Pembakaran (CO),Air (H2O) + Asap Pembakaran (CO),Tinggi
2,3,2.81,6.76,3.95,4.8,13.91,27.09,0.9491,483.0,0,Cuka (CH3COOH),Sabun Cuci Piring,Cuka (CH3COOH) + Sabun Cuci Piring,Aman
3,4,7.69,0.53,7.15,12.38,10.38,37.28,0.4813,454.0,0,Sabun Cuci Piring,Pembersih Lantai (HCl),Sabun Cuci Piring + Pembersih Lantai (HCl),Aman
4,5,0.52,7.14,6.62,9.14,101.18,28.74,0.5936,82.9,0,Pembersih Lantai (HCl),Air (H2O),Pembersih Lantai (HCl) + Air (H2O),Aman
5,9,7.01,7.17,0.16,101.1,8.84,39.55,0.7573,122.8,2,Air (H2O),Asap Pembakaran (CO),Air (H2O) + Asap Pembakaran (CO),Tinggi
2,5,2.67,7.13,4.46,4.52,96.91,32.06,0.8354,403.0,0,Cuka (CH3COOH),Air (H2O),Cuka (CH3COOH) + Air (H2O),Aman
2,4,2.92,1.02,1.9,4.02,10.94,25.08,0.2458,231.2,1,Cuka (CH3COOH),Pembersih Lantai (HCl),Cuka (CH3COOH) + Pembersih Lantai (HCl),Sedang
0,5,12.72,6.95,5.78,4.28,98.7,39.87,0.0449,392.5,0,Pemutih (NaClO),Air (H2O),Pemutih (NaClO) + Air (H2O),Aman
5,6,7.23,6.57,0.67,99.83,68.66,39.85,0.3863,308.2,0,Air (H2O),Alkohol (Etanol),Air (H2O) + Alkohol (Etanol),Aman
0,1,12.04,11.51,0.53,3.58,8.8,20.78,0.036,128.8,2,Pemutih (NaClO),Amonia (NH3),Pemutih (NaClO) + Amonia (NH3),Tinggi
0,5,12.65,7.51,5.14,4.27,97.08,28.55,0.3263,427.8,0,Pemutih (NaClO),Air (H2O),Pemutih (NaClO) + Air (H2O),Aman
5,10,6.96,7.45,0.49,99.62,101.84,29.95,0.2047,316.0,2,Air (H2O),Gas LPG (Propana/Butana),Air (H2O) + Gas LPG (Propana/Butana),Tinggi
1,3,11.09,7.42,3.67,9.14,15.17,25.9,0.8795,257.0,0,Amonia (NH3),Sabun Cuci Piring,Amonia (NH3) + Sabun Cuci Piring,Aman
1,2,11.52,2.89,8.63,8.69,7.43,29.27,0.0454,180.5,1,Amonia (NH3),Cuka (CH3COOH),Amonia (NH3) + Cuka (CH3COOH),Sedang
1,4,11.17,0.67,10.5,8.65,10.07,24.61,0.0015,378.2,1,Amonia (NH3),Pembersih Lantai (HCl),Amonia (NH3) + Pembersih Lantai (HCl),Sedang
5,9,7.44,6.86,0.59,101.62,12.68,32.19,0.896,418.1,2,Air (H2O),Asap Pembakaran (CO),Air (H2O) + Asap Pembakaran (CO),Tinggi
1,3,11.94,6.48,5.45,9.08,12.73,33.22,0.0785,295.0,0,Amonia (NH3),Sabun Cuci Piring,Amonia (NH3) + Sabun Cuci Piring,Aman
0,2,12.7,2.05,10.65,5.84,7.8,25.93,0.7144,391.6,2,Pemutih (NaClO),Cuka (CH3COOH),Pemutih (NaClO) + Cuka (CH3COOH),Tinggi
0,1,12.49,11.63,0.85,3.31,11.08,23.18,0.1802,94.2,2,Pemutih (NaClO),Amonia (NH3),Pemutih (NaClO) + Amonia (NH3),Tinggi
2,5,2.37,7.2,4.83,7.17,101.85,36.14,0.1952,205.4,0,Cuka (CH3COOH),Air (H2O),Cuka (CH3COOH) + Air (H2O),Aman
5,6,7.49,6.36,1.13,101.47,72.28,26.24,0.4825,278.0,0,Air (H2O),Alkohol (Etanol),Air (H2O) + Alkohol (Etanol),Aman
0,6,12.04,6.89,5.15,4.41,69.86,34.1,0.8171,295.9,2,Pemutih (NaClO),Alkohol (Etanol),Pemutih (NaClO) + Alkohol (Etanol),Tinggi
1,3,11.19,6.99,4.2,6.44,13.69,39.23,0.7144,478.6,0,Amonia (NH3),Sabun Cuci Piring,Amonia (NH3) + Sabun Cuci Piring,Aman
2,3,2.61,7.24,4.63,2.77,12.98,35.93,0.2505,331.2,1,Cuka (CH3COOH),Sabun Cuci Piring,Cuka (CH3COOH) + Sabun Cuci Piring,Sedang
1,3,11.38,6.87,4.51,7.31,16.36,20.4,0.3907,136.1,0,Amonia (NH3),Sabun Cuci Piring,Amonia (NH3) + Sabun Cuci Piring,Aman
5,9,6.79,6.95,0.16,102.44,8.26,35.68,0.2858,244.7,2,Air (H2O),Asap Pembakaran (CO),Air (H2O) + Asap Pembakaran (CO),Tinggi
0,2,12.33,2.6,9.73,3.99,2.5,35.62,0.7853,320.5,2,Pemutih (NaClO),Cuka (CH3COOH),Pemutih (NaClO) + Cuka (CH3COOH),Tinggi
2,4,2.53,0.72,1.82,5.81,9.92,39.58,0.5555,135.4,1,Cuka (CH3COOH),Pembersih Lantai (HCl),Cuka (CH3COOH) + Pembersih Lantai (HCl),Sedang
4,5,0.97,6.57,5.59,7.01,98.7,25.37,0.2875,345.5,0,Pembersih Lantai (HCl),Air (H2O),Pembersih Lantai (HCl) + Air (H2O),Aman
2,3,3.03,6.81,3.78,2.63,15.69,29.16,0.0921,299.0,1,Cuka (CH3COOH),Sabun Cuci Piring,Cuka (CH3COOH) + Sabun Cuci Piring,Sedang
0,4,13.08,0.83,12.25,7.02,5.99,31.67,0.5258,162.3,2,Pemutih (NaClO),Pembersih Lantai (HCl),Pemutih (NaClO) + Pembersih Lantai (HCl),Tinggi
1,3,12.0,7.22,4.78,9.57,15.55,33.6,0.4082,56.9,0,Amonia (NH3),Sabun Cuci Piring,Amonia (NH3) + Sabun Cuci Piring,Aman
4,5,1.22,6.73,5.51,11.4,100.13,32.34,0.7394,146.6,0,Pembersih Lantai (HCl),Air (H2O),Pembersih Lantai (HCl) + Air (H2O),Aman
2,4,2.57,0.89,1.68,4.95,9.65,38.29,0.434,166.4,1,Cuka (CH3COOH),Pembersih Lantai (HCl),Cuka (CH3COOH) + Pembersih Lantai (HCl),Sedang
1,3,11.11,7.21,3.91,13.5,17.76,34.28,0.0914,139.7,0,Amonia (NH3),Sabun Cuci Piring,Amonia (NH3) + Sabun Cuci Piring,Aman
5,6,7.51,6.91,0.6,98.6,68.26,32.13,0.6729,86.5,0,Air (H2O),Alkohol (Etanol),Air (H2O) + Alkohol (Etanol),Aman
2,4,1.95,0.98,0.97,4.46,11.79,35.74,0.3974,281.1,1,Cuka (CH3COOH),Pembersih Lantai (HCl),Cuka (CH3COOH) + Pembersih Lantai (HCl),Sedang
1,2,11.55,2.73,8.82,9.63,3.76,30.77,0.2689,215.8,1,Amonia (NH3),Cuka (CH3COOH),Amonia (NH3) + Cuka (CH3COOH),Sedang
1,4,11.82,1.13,10.69,12.0,9.53,29.99,0.535,115.0,1,Amonia (NH3),Pembersih Lantai (HCl),Amonia (NH3) + Pembersih Lantai (HCl),Sedang
3,4,6.88,0.99,5.9,13.9,11.72,26.02,0.5026,75.3,0,Sabun Cuci Piring,Pembersih Lantai (HCl),Sabun Cuci Piring + Pembersih Lantai (HCl),Aman
0,6,12.72,6.95,5.77,3.64,68.2,22.24,0.5164,403.9,2,Pemutih (NaClO),Alkohol (Etanol),Pemutih (NaClO) + Alkohol (Etanol),Tinggi
3,4,6.79,1.1,5.69,15.27,10.33,25.78,0.3098,162.5,0,Sabun Cuci Piring,Pembersih Lantai (HCl),Sabun Cuci Piring + Pembersih Lantai (HCl),Aman
5,6,7.18,6.83,0.35,100.22,70.25,35.73,0.6322,218.1,0,Air (H2O),Alkohol (Etanol),Air (H2O) + Alkohol (Etanol),Aman
3,5,6.58,7.0,0.42,17.13,95.72,37.18,0.6769,427.1,0,Sabun Cuci Piring,Air (H2O),Sabun Cuci Piring + Air (H2O),Aman
0,4,12.39,0.45,11.94,4.57,9.93,28.22,0.7219,223.2,2,Pemutih (NaClO),Pembersih Lantai (HCl),Pemutih (NaClO) + Pembersih Lantai (HCl),Tinggi
0,5,12.13,7.02,5.11,6.95,101.84,21.67,0.0191,124.6,0,Pemutih (NaClO),Air (H2O),Pemutih (NaClO) + Air (H2O),Aman
1,5,11.21,7.06,4.15,10.63,98.24,24.24,0.311,125.1,0,Amonia (NH3),Air (H2O),Amonia (NH3) + Air (H2O),Aman
1,3,11.58,7.01,4.57,12.4,13.42,28.29,0.7539,442.2,0,Amonia (NH3),Sabun Cuci Piring,Amonia (NH3) + Sabun Cuci Piring,Aman
1,2,10.71,2.5,8.21,8.26,6.07,37.41,0.6314,289.6,1,Amonia (NH3),Cuka (CH3COOH),Amonia (NH3) + Cuka (CH3COOH),Sedang
5,10,6.86,6.61,0.24,100.87,98.39,37.91,0.2043,278.5,0,Air (H2O),Gas LPG (Propana/Butana),Air (H2O) + Gas LPG (Propana/Butana),Aman
2,3,3.11,7.29,4.18,4.91,13.47,33.77,0.2533,54.5,1,Cuka (CH3COOH),Sabun Cuci Piring,Cuka (CH3COOH) + Sabun Cuci Piring,Sedang
0,1,12.4,11.42,0.98,7.13,9.8,25.71,0.5316,279.8,2,Pemutih (NaClO),Amonia (NH3),Pemutih (NaClO) + Amonia (NH3),Tinggi
2,5,2.87,6.86,3.99,3.4,99.87,38.04,0.2035,80.1,0,Cuka (CH3COOH),Air (H2O),Cuka (CH3COOH) + Air (H2O),Aman
0,3,12.55,7.35,5.19,6.14,13.5,39.63,0.4505,281.0,2,Pemutih (NaClO),Sabun Cuci Piring,Pemutih (NaClO) + Sabun Cuci Piring,Tinggi
2,4,2.12,0.56,1.56,2.84,8.62,21.37,0.3696,258.9,1,Cuka (CH3COOH),Pembersih Lantai (HCl),Cuka (CH3COOH) + Pembersih Lantai (HCl),Sedang
2,3,2.59,7.09,4.5,4.63,16.3,27.46,0.632,92.9,1,Cuka (CH3COOH),Sabun Cuci Piring,Cuka (CH3COOH) + Sabun Cuci Piring,Sedang
3,5,7.23,7.19,0.04,17.79,100.83,30.36,0.1403,352.0,0,Sabun Cuci Piring,Air (H2O),Sabun Cuci Piring + Air (H2O),Aman
5,10,6.67,6.89,0.22,97.54,102.61,25.16,0.6054,244.9,2,Air (H2O),Gas LPG (Propana/Butana),Air (H2O) + Gas LPG (Propana/Butana),Tinggi
2,4,2.47,0.63,1.84,8.73,12.22,34.33,0.2709,141.0,1,Cuka (CH3COOH),Pembersih Lantai (HCl),Cuka (CH3COOH) + Pembersih Lantai (HCl),Sedang
0,2,12.09,2.51,9.58,6.7,4.69,21.54,0.6962,222.3,2,Pemutih (NaClO),Cuka (CH3COOH),Pemutih (NaClO) + Cuka (CH3COOH),Tinggi
4,5,1.03,6.98,5.95,11.85,97.8,32.73,0.3245,171.3,0,Pembersih Lantai (HCl),Air (H2O),Pembersih Lantai (HCl) + Air (H2O),Aman
1,5,11.75,6.63,5.12,10.93,97.27,36.3,0.778,392.4,0,Amonia (NH3),Air (H2O),Amonia (NH3) + Air (H2O),Aman
5,6,6.88,6.85,0.03,101.48,71.63,29.28,0.264,236.9,0,Air (H2O),Alkohol (Etanol),Air (H2O) + Alkohol (Etanol),Aman
2,5,2.13,7.35,5.22,3.92,100.13,37.96,0.8881,196.4,0,Cuka (CH3COOH),Air (H2O),Cuka (CH3COOH) + Air (H2O),Aman
1,2,11.72,2.68,9.05,8.66,5.55,34.14,0.9673,422.0,0,Amonia (NH3),Cuka (CH3COOH),Amonia (NH3) + Cuka (CH3COOH),Aman
2,4,1.97,1.19,0.78,4.97,9.62,26.36,0.9612,451.3,0,Cuka (CH3COOH),Pembersih Lantai (HCl),Cuka (CH3COOH) + Pembersih Lantai (HCl),Aman
3,5,7.01,6.67,0.34,12.94,102.23,20.11,0.9384,236.7,0,Sabun Cuci Piring,Air (H2O),Sabun Cuci Piring + Air (H2O),Aman
1,3,11.39,7.47,3.93,10.29,15.05,34.15,0.3892,153.0,0,Amonia (NH3),Sabun Cuci Piring,Amonia (NH3) + Sabun Cuci Piring,Aman
2,3,2.06,7.04,4.98,4.59,16.12,39.91,0.9811,342.3,2,Cuka (CH3COOH),Sabun Cuci Piring,Cuka (CH3COOH) + Sabun Cuci Piring,Tinggi
1,5,11.86,7.35,4.51,9.87,98.69,27.46,0.9417,125.3,0,Amonia (NH3),Air (H2O),Amonia (NH3) + Air (H2O),Aman
1,4,11.53,0.78,10.75,10.36,10.11,34.96,0.8103,236.2,1,Amonia (NH3),Pembersih Lantai (HCl),Amonia (NH3) + Pembersih Lantai (HCl),Sedang
3,4,7.16,1.4,5.76,16.91,10.95,33.99,0.8382,411.3,0,Sabun Cuci Piring,Pembersih Lantai (HCl),Sabun Cuci Piring + Pembersih Lantai (HCl),Aman
0,4,12.56,1.29,11.27,5.88,10.27,36.68,0.6426,85.4,2,Pemutih (NaClO),Pembersih Lantai (HCl),Pemutih (NaClO) + Pembersih Lantai (HCl),Tinggi
2,3,2.78,7.08,4.3,3.39,14.7,37.66,0.659,145.1,2,Cuka (CH3COOH),Sabun Cuci Piring,Cuka (CH3COOH) + Sabun Cuci Piring,Tinggi
3,5,6.82,6.81,0.01,17.43,98.99,33.82,0.603,328.5,0,Sabun Cuci Piring,Air (H2O),Sabun Cuci Piring + Air (H2O),Aman
1,5,11.44,6.78,4.66,8.97,99.61,21.42,0.2108,153.2,0,Amonia (NH3),Air (H2O),Amonia (NH3) + Air (H2O),Aman
5,9,6.88,6.85,0.02,102.46,4.93,32.61,0.2197,59.2,2,Air (H2O),Asap Pembakaran (CO),Air (H2O) + Asap Pembakaran (CO),Tinggi
4,5,1.06,7.09,6.03,7.29,97.99,21.53,0.9867,172.1,0,Pembersih Lantai (HCl),Air (H2O),Pembersih Lantai (HCl) + Air (H2O),Aman
2,3,2.57,6.68,4.11,7.7,15.56,30.11,0.1441,330.8,1,Cuka (CH3COOH),Sabun Cuci Piring,Cuka (CH3COOH) + Sabun Cuci Piring,Sedang
4,5,1.46,6.78,5.31,10.63,99.92,25.64,0.3638,135.8,0,Pembersih Lantai (HCl),Air (H2O),Pembersih Lantai (HCl) + Air (H2O),Aman
3,4,6.88,1.24,5.63,17.26,11.36,30.76,0.8401,495.3,0,Sabun Cuci Piring,Pembersih Lantai (HCl),Sabun Cuci Piring + Pembersih Lantai (HCl),Aman
5,6,7.63,6.88,0.75,100.03,69.3,31.19,0.687,346.1,0,Air (H2O),Alkohol (Etanol),Air (H2O) + Alkohol (Etanol),Aman
3,5,7.47,6.92,0.55,11.59,98.15,22.52,0.1964,478.2,0,Sabun Cuci Piring,Air (H2O),Sabun Cuci Piring + Air (H2O),Aman
1,3,11.42,7.3,4.12,10.19,18.45,39.4,0.9323,383.7,0,Amonia (NH3),Sabun Cuci Piring,Amonia (NH3) + Sabun Cuci Piring,Aman
5,9,6.99,7.35,0.36,99.57,10.46,28.13,0.9032,321.7,2,Air (H2O),Asap Pembakaran (CO),Air (H2O) + Asap Pembakaran (CO),Tinggi
1,2,11.41,2.72,8.69,12.49,3.88,34.59,0.5732,201.9,1,Amonia (NH3),Cuka (CH3COOH),Amonia (NH3) + Cuka (CH3COOH),Sedang
1,4,12.26,1.19,11.07,10.27,6.66,35.03,0.6235,320.1,1,Amonia (NH3),Pembersih Lantai (HCl),Amonia (NH3) + Pembersih Lantai (HCl),Sedang
4,5,0.79,6.92,6.14,9.72,97.63,29.72,0.9207,68.0,0,Pembersih Lantai (HCl),Air (H2O),Pembersih Lantai (HCl) + Air (H2O),Aman
1,2,11.91,2.68,9.23,11.48,7.0,30.26,0.7041,470.8,1,Amonia (NH3),Cuka (CH3COOH),Amonia (NH3) + Cuka (CH3COOH),Sedang
1,5,11.54,6.36,5.18,9.23,100.77,32.3,0.9106,279.4,0,Amonia (NH3),Air (H2O),Amonia (NH3) + Air (H2O),Aman
5,6,7.19,7.23,0.03,101.45,69.09,24.31,0.336,259.6,0,Air (H2O),Alkohol (Etanol),Air (H2O) + Alkohol (Etanol),Aman
1,2,11.87,2.35,9.51,8.37,3.91,27.84,0.7508,106.5,1,Amonia (NH3),Cuka (CH3COOH),Amonia (NH3) + Cuka (CH3COOH),Sedang
1,2,11.53,2.89,8.64,9.65,6.34,35.5,0.2344,205.3,1,Amonia (NH3),Cuka (CH3COOH),Amonia (NH3) + Cuka (CH3COOH),Sedang
1,2,11.97,2.8,9.18,9.77,5.43,26.35,0.8481,476.2,0,Amonia (NH3),Cuka (CH3COOH),Amonia (NH3) + Cuka (CH3COOH),Aman
4,5,0.82,6.93,6.11,11.75,102.95,28.86,0.261,204.5,0,Pembersih Lantai (HCl),Air (H2O),Pembersih Lantai (HCl) + Air (H2O),Aman
0,3,12.17,7.09,5.08,4.06,12.69,39.36,0.4467,275.7,1,Pemutih (NaClO),Sabun Cuci Piring,Pemutih (NaClO) + Sabun Cuci Piring,Sedang
2,4,2.26,0.83,1.43,5.53,11.45,25.89,0.1148,473.7,1,Cuka (CH3COOH),Pembersih Lantai (HCl),Cuka (CH3COOH) + Pembersih Lantai (HCl),Sedang
0,4,11.99,0.53,11.45,6.27,7.77,37.69,0.8956,459.1,2,Pemutih (NaClO),Pembersih Lantai (HCl),Pemutih (NaClO) + Pembersih Lantai (HCl),Tinggi
0,1,12.54,11.68,0.86,8.34,9.13,37.26,0.8225,128.0,2,Pemutih (NaClO),Amonia (NH3),Pemutih (NaClO) + Amonia (NH3),Tinggi
1,5,11.77,7.03,4.74,7.26,103.97,26.88,0.733,346.4,0,Amonia (NH3),Air (H2O),Amonia (NH3) + Air (H2O),Aman
0,4,12.43,1.26,11.18,8.82,11.62,26.54,0.0108,421.9,2,Pemutih (NaClO),Pembersih Lantai (HCl),Pemutih (NaClO) + Pembersih Lantai (HCl),Tinggi
0,5,12.55,6.75,5.8,4.58,98.72,24.53,0.8957,402.6,0,Pemutih (NaClO),Air (H2O),Pemutih (NaClO) + Air (H2O),Aman
1,3,10.98,7.17,3.8,10.85,19.16,38.77,0.8187,492.6,0,Amonia (NH3),Sabun Cuci Piring,Amonia (NH3) + Sabun Cuci Piring,Aman
2,5,2.18,7.07,4.89,5.05,99.06,33.78,0.8977,385.3,0,Cuka (CH3COOH),Air (H2O),Cuka (CH3COOH) + Air (H2O),Aman
0,4,12.32,1.31,11.01,2.43,7.21,24.18,0.0847,260.0,2,Pemutih (NaClO),Pembersih Lantai (HCl),Pemutih (NaClO) + Pembersih Lantai (HCl),Tinggi
5,9,7.07,6.68,0.39,97.42,10.53,35.24,0.7815,174.1,0,Air (H2O),Asap Pembakaran (CO),Air (H2O) + Asap Pembakaran (CO),Aman
4,5,0.95,7.12,6.18,13.67,97.14,25.0,0.6542,328.7,0,Pembersih Lantai (HCl),Air (H2O),Pembersih Lantai (HCl) + Air (H2O),Aman
1,5,11.52,6.52,5.01,9.12,101.1,35.47,0.044,362.0,0,Amonia (NH3),Air (H2O),Amonia (NH3) + Air (H2O),Aman
5,6,7.12,7.13,0.01,95.63,72.29,32.24,0.3735,164.9,0,Air (H2O),Alkohol (Etanol),Air (H2O) + Alkohol (Etanol),Aman
0,6,12.33,7.06,5.27,8.47,68.29,27.91,0.1818,120.6,2,Pemutih (NaClO),Alkohol (Etanol),Pemutih (NaClO) + Alkohol (Etanol),Tinggi
0,5,12.34,7.08,5.25,5.2,96.97,26.35,0.9687,168.1,0,Pemutih (NaClO),Air (H2O),Pemutih (NaClO) + Air (H2O),Aman
0,2,12.12,3.01,9.11,5.45,6.39,35.05,0.5313,354.8,2,Pemutih (NaClO),Cuka (CH3COOH),Pemutih (NaClO) + Cuka (CH3COOH),Tinggi
2,3,2.38,6.92,4.54,5.6,16.51,35.36,0.5005,245.2,1,Cuka (CH3COOH),Sabun Cuci Piring,Cuka (CH3COOH) + Sabun Cuci Piring,Sedang
1,4,11.43,0.97,10.46,11.35,6.47,25.44,0.0064,490.3,1,Amonia (NH3),Pembersih Lantai (HCl),Amonia (NH3) + Pembersih Lantai (HCl),Sedang
0,6,12.58,7.09,5.49,3.56,68.67,28.81,0.1324,222.0,2,Pemutih (NaClO),Alkohol (Etanol),Pemutih (NaClO) + Alkohol (Etanol),Tinggi
0,5,12.28,7.11,5.17,8.3,102.14,38.77,0.1812,330.2,0,Pemutih (NaClO),Air (H2O),Pemutih (NaClO) + Air (H2O),Aman
2,5,2.36,7.1,4.74,6.7,99.99,31.31,0.4423,408.7,0,Cuka (CH3COOH),Air (H2O),Cuka (CH3COOH) + Air (H2O),Aman
1,5,11.16,7.1,4.06,8.32,99.55,24.68,0.0237,425.7,0,Amonia (NH3),Air (H2O),Amonia (NH3) + Air (H2O),Aman
4,5,0.96,7.22,6.26,10.98,99.28,21.01,0.0394,308.3,0,Pembersih Lantai (HCl),Air (H2O),Pembersih Lantai (HCl) + Air (H2O),Aman
3,5,6.48,7.45,0.97,14.82,99.92,39.48,0.5442,173.9,0,Sabun Cuci Piring,Air (H2O),Sabun Cuci Piring + Air (H2O),Aman
1,2,11.31,2.52,8.79,9.52,6.56,28.52,0.8324,412.5,1,Amonia (NH3),Cuka (CH3COOH),Amonia (NH3) + Cuka (CH3COOH),Sedang
1,2,11.7,2.27,9.44,6.03,3.78,21.03,0.4925,248.9,1,Amonia (NH3),Cuka (CH3COOH),Amonia (NH3) + Cuka (CH3COOH),Sedang
0,6,12.3,6.81,5.49,6.0,73.69,25.93,0.9108,296.3,2,Pemutih (NaClO),Alkohol (Etanol),Pemutih (NaClO) + Alkohol (Etanol),Tinggi
0,6,12.62,6.88,5.73,3.02,69.51,31.7,0.3375,411.3,2,Pemutih (NaClO),Alkohol (Etanol),Pemutih (NaClO) + Alkohol (Etanol),Tinggi
0,6,12.06,6.85,5.21,3.0,68.5,33.45,0.8261,352.9,2,Pemutih (NaClO),Alkohol (Etanol),Pemutih (NaClO) + Alkohol (Etanol),Tinggi
3,4,6.75,1.02,5.73,15.26,9.25,20.7,0.9898,63.5,0,Sabun Cuci Piring,Pembersih Lantai (HCl),Sabun Cuci Piring + Pembersih Lantai (HCl),Aman
5,10,7.68,7.03,0.64,102.48,98.59,39.7,0.768,245.5,2,Air (H2O),Gas LPG (Propana/Butana),Air (H2O) + Gas LPG (Propana/Butana),Tinggi
4,5,0.98,6.89,5.9,14.45,100.02,25.58,0.1292,94.8,0,Pembersih Lantai (HCl),Air (H2O),Pembersih Lantai (HCl) + Air (H2O),Aman
2,5,2.27,7.25,4.98,3.1,98.65,37.31,0.1028,106.7,0,Cuka (CH3COOH),Air (H2O),Cuka (CH3COOH) + Air (H2O),Aman
2,3,2.49,6.89,4.4,2.99,14.31,38.86,0.3238,347.5,2,Cuka (CH3COOH),Sabun Cuci Piring,Cuka (CH3COOH) + Sabun Cuci Piring,Tinggi
3,5,6.8,7.1,0.3,14.28,99.45,39.94,0.1835,317.4,0,Sabun Cuci Piring,Air (H2O),Sabun Cuci Piring + Air (H2O),Aman
1,4,11.44,0.9,10.54,9.37,9.95,20.56,0.6314,241.9,1,Amonia (NH3),Pembersih Lantai (HCl),Amonia (NH3) + Pembersih Lantai (HCl),Sedang
0,2,12.99,3.09,9.9,5.44,5.15,30.01,0.0694,90.4,2,Pemutih (NaClO),Cuka (CH3COOH),Pemutih (NaClO) + Cuka (CH3COOH),Tinggi
1,5,11.54,6.96,4.58,10.75,100.62,39.83,0.7268,403.1,0,Amonia (NH3),Air (H2O),Amonia (NH3) + Air (H2O),Aman
0,1,12.04,11.65,0.39,5.75,12.2,35.13,0.0817,465.9,2,Pemutih (NaClO),Amonia (NH3),Pemutih (NaClO) + Amonia (NH3),Tinggi
5,10,6.41,7.21,0.8,102.33,97.51,22.69,0.0944,424.2,2,Air (H2O),Gas LPG (Propana/Butana),Air (H2O) + Gas LPG (Propana/Butana),Tinggi
0,2,12.1,2.78,9.32,6.37,4.37,25.98,0.8912,56.1,2,Pemutih (NaClO),Cuka (CH3COOH),Pemutih (NaClO) + Cuka (CH3COOH),Tinggi
1,3,11.97,6.67,5.29,12.66,15.45,39.78,0.2257,225.5,0,Amonia (NH3),Sabun Cuci Piring,Amonia (NH3) + Sabun Cuci Piring,Aman
0,3,12.82,7.03,5.79,4.94,15.55,39.91,0.5827,415.6,1,Pemutih (NaClO),Sabun Cuci Piring,Pemutih (NaClO) + Sabun Cuci Piring,Sedang
4,5,1.5,7.24,5.74,12.29,99.93,27.29,0.7385,350.0,0,Pembersih Lantai (HCl),Air (H2O),Pembersih Lantai (HCl) + Air (H2O),Aman
5,6,7.0,7.33,0.33,102.07,71.64,34.6,0.6192,134.0,1,Air (H2O),Alkohol (Etanol),Air (H2O) + Alkohol (Etanol),Sedang
5,6,6.78,6.78,0.01,102.89,69.92,31.02,0.5236,177.0,0,Air (H2O),Alkohol (Etanol),Air (H2O) + Alkohol (Etanol),Aman
0,5,12.85,7.68,5.17,3.29,100.17,24.67,0.6378,419.0,0,Pemutih (NaClO),Air (H2O),Pemutih (NaClO) + Air (H2O),Aman
2,3,3.01,7.33,4.32,3.65,11.95,23.08,0.977,295.1,1,Cuka (CH3COOH),Sabun Cuci Piring,Cuka (CH3COOH) + Sabun Cuci Piring,Sedang
5,10,7.18,6.72,0.46,98.96,104.33,31.13,0.3586,460.1,0,Air (H2O),Gas LPG (Propana/Butana),Air (H2O) + Gas LPG (Propana/Butana),Aman
0,5,12.87,6.65,6.22,6.53,102.02,27.92,0.7563,254.4,0,Pemutih (NaClO),Air (H2O),Pemutih (NaClO) + Air (H2O),Aman
1,4,11.63,1.02,10.61,8.96,9.32,27.56,0.062,202.7,1,Amonia (NH3),Pembersih Lantai (HCl),Amonia (NH3) + Pembersih Lantai (HCl),Sedang
1,5,11.59,6.99,4.6,10.0,98.56,20.0,0.614,327.4,0,Amonia (NH3),Air (H2O),Amonia (NH3) + Air (H2O),Aman
5,9,6.81,7.12,0.32,95.45,7.61,23.95,0.1805,168.1,2,Air (H2O),Asap Pembakaran (CO),Air (H2O) + Asap Pembakaran (CO),Tinggi
3,4,6.92,0.71,6.21,11.63,7.95,23.25,0.7344,144.0,0,Sabun Cuci Piring,Pembersih Lantai (HCl),Sabun Cuci Piring + Pembersih Lantai (HCl),Aman
0,1,12.24,11.19,1.05,4.76,9.18,30.6,0.6784,316.7,2,Pemutih (NaClO),Amonia (NH3),Pemutih (NaClO) + Amonia (NH3),Tinggi
3,5,7.41,6.54,0.88,17.12,100.34,30.47,0.3191,261.5,0,Sabun Cuci Piring,Air (H2O),Sabun Cuci Piring + Air (H2O),Aman
2,3,2.68,6.69,4.02,2.22,12.98,26.46,0.9877,196.6,1,Cuka (CH3COOH),Sabun Cuci Piring,Cuka (CH3COOH) + Sabun Cuci Piring,Sedang
1,3,11.56,7.14,4.41,15.27,16.06,29.63,0.8097,477.7,0,Amonia (NH3),Sabun Cuci Piring,Amonia (NH3) + Sabun Cuci Piring,Aman
0,3,12.45,6.68,5.77,3.82,16.69,32.88,0.381,74.6,1,Pemutih (NaClO),Sabun Cuci Piring,Pemutih (NaClO) + Sabun Cuci Piring,Sedang
2,3,2.42,6.59,4.17,8.24,14.48,23.99,0.2645,276.6,1,Cuka (CH3COOH),Sabun Cuci Piring,Cuka (CH3COOH) + Sabun Cuci Piring,Sedang
5,9,6.97,7.04,0.07,95.13,6.98,28.3,0.0143,265.3,1,Air (H2O),Asap Pembakaran (CO),Air (H2O) + Asap Pembakaran (CO),Sedang
7,8,13.54,7.04,6.5,22.8,101.11,33.33,0.0801,248.8,2,Basa Kuat (NaOH),Aluminium Foil (Al),Basa Kuat (NaOH) + Aluminium Foil (Al),Tinggi
1,3,11.0,7.43,3.57,8.28,16.63,37.1,0.9524,447.6,0,Amonia (NH3),Sabun Cuci Piring,Amonia (NH3) + Sabun Cuci Piring,Aman
5,6,7.01,6.87,0.14,99.54,69.98,30.41,0.9946,140.8,0,Air (H2O),Alkohol (Etanol),Air (H2O) + Alkohol (Etanol),Aman
5,10,6.88,7.04,0.16,100.35,97.33,38.92,0.8422,183.5,2,Air (H2O),Gas LPG (Propana/Butana),Air (H2O) + Gas LPG (Propana/Butana),Tinggi
4,5,0.72,7.15,6.43,11.29,101.49,21.18,0.6907,378.0,0,Pembersih Lantai (HCl),Air (H2O),Pembersih Lantai (HCl) + Air (H2O),Aman
0,5,12.21,7.15,5.06,4.47,99.0,21.11,0.3311,394.7,0,Pemutih (NaClO),Air (H2O),Pemutih (NaClO) + Air (H2O),Aman
5,6,7.02,7.15,0.13,99.3,70.12,39.26,0.1148,270.7,0,Air (H2O),Alkohol (Etanol),Air (H2O) + Alkohol (Etanol),Aman
5,6,7.15,7.58,0.43,100.99,68.93,29.5,0.9224,82.7,0,Air (H2O),Alkohol (Etanol),Air (H2O) + Alkohol (Etanol),Aman
2,3,2.53,7.01,4.48,4.08,16.82,34.6,0.4899,333.8,1,Cuka (CH3COOH),Sabun Cuci Piring,Cuka (CH3COOH) + Sabun Cuci Piring,Sedang
1,3,12.01,6.48,5.54,12.44,13.25,36.65,0.8042,439.9,0,Amonia (NH3),Sabun Cuci Piring,Amonia (NH3) + Sabun Cuci Piring,Aman
0,4,11.84,1.33,10.51,4.5,7.86,30.39,0.9965,110.8,2,Pemutih (NaClO),Pembersih Lantai (HCl),Pemutih (NaClO) + Pembersih Lantai (HCl),Tinggi
0,5,12.44,7.62,4.82,3.84,97.65,28.37,0.3578,317.2,0,Pemutih (NaClO),Air (H2O),Pemutih (NaClO) + Air (H2O),Aman
0,1,12.18,11.29,0.9,2.79,11.15,21.38,0.8275,164.5,2,Pemutih (NaClO),Amonia (NH3),Pemutih (NaClO) + Amonia (NH3),Tinggi
3,5,7.18,7.53,0.35,11.76,100.87,35.92,0.735,324.5,0,Sabun Cuci Piring,Air (H2O),Sabun Cuci Piring + Air (H2O),Aman
5,6,7.1,7.75,0.65,98.94,66.86,25.76,0.0065,273.3,0,Air (H2O),Alkohol (Etanol),Air (H2O) + Alkohol (Etanol),Aman
5,9,6.8,7.03,0.24,99.46,8.78,20.62,0.7144,212.7,2,Air (H2O),Asap Pembakaran (CO),Air (H2O) + Asap Pembakaran (CO),Tinggi
0,4,12.78,1.06,11.73,4.92,10.1,31.94,0.8102,243.4,2,Pemutih (NaClO),Pembersih Lantai (HCl),Pemutih (NaClO) + Pembersih Lantai (HCl),Tinggi
1,3,11.38,6.88,4.51,8.35,12.66,35.81,0.3847,246.2,0,Amonia (NH3),Sabun Cuci Piring,Amonia (NH3) + Sabun Cuci Piring,Aman
5,9,6.55,7.03,0.47,98.55,10.4,25.67,0.4003,415.3,2,Air (H2O),Asap Pembakaran (CO),Air (H2O) + Asap Pembakaran (CO),Tinggi
1,2,12.19,2.06,10.13,12.14,6.21,33.26,0.6791,469.3,1,Amonia (NH3),Cuka (CH3COOH),Amonia (NH3) + Cuka (CH3COOH),Sedang
2,4,2.08,1.32,0.75,4.2,9.37,21.14,0.1376,50.4,1,Cuka (CH3COOH),Pembersih Lantai (HCl),Cuka (CH3COOH) + Pembersih Lantai (HCl),Sedang
2,4,2.16,1.23,0.93,5.0,12.3,35.16,0.76,190.7,1,Cuka (CH3COOH),Pembersih Lantai (HCl),Cuka (CH3COOH) + Pembersih Lantai (HCl),Sedang
1,2,11.37,2.23,9.14,6.92,2.21,21.09,0.1825,484.3,1,Amonia (NH3),Cuka (CH3COOH),Amonia (NH3) + Cuka (CH3COOH),Sedang
2,4,2.39,0.86,1.52,3.37,12.77,26.27,0.6361,229.2,1,Cuka (CH3COOH),Pembersih Lantai (HCl),Cuka (CH3COOH) + Pembersih Lantai (HCl),Sedang
2,5,2.84,6.78,3.94,5.97,101.07,22.86,0.6577,338.7,0,Cuka (CH3COOH),Air (H2O),Cuka (CH3COOH) + Air (H2O),Aman
3,5,6.76,6.67,0.09,13.02,99.93,36.18,0.8755,186.1,0,Sabun Cuci Piring,Air (H2O),Sabun Cuci Piring + Air (H2O),Aman
2,4,2.6,1.04,1.56,3.87,10.85,33.65,0.3316,275.3,1,Cuka (CH3COOH),Pembersih Lantai (HCl),Cuka (CH3COOH) + Pembersih Lantai (HCl),Sedang
1,3,11.25,6.97,4.28,9.22,14.65,33.65,0.2356,474.6,0,Amonia (NH3),Sabun Cuci Piring,Amonia (NH3) + Sabun Cuci Piring,Aman
3,5,7.12,6.78,0.34,16.63,99.15,34.84,0.6777,163.5,0,Sabun Cuci Piring,Air (H2O),Sabun Cuci Piring + Air (H2O),Aman
0,5,12.86,6.97,5.88,5.15,99.7,27.67,0.1683,426.4,0,Pemutih (NaClO),Air (H2O),Pemutih (NaClO) + Air (H2O),Aman
3,4,6.93,0.42,6.51,17.92,6.31,35.86,0.9812,469.6,0,Sabun Cuci Piring,Pembersih Lantai (HCl),Sabun Cuci Piring + Pembersih Lantai (HCl),Aman
0,4,12.21,1.42,10.78,5.95,11.87,37.59,0.7254,100.7,2,Pemutih (NaClO),Pembersih Lantai (HCl),Pemutih (NaClO) + Pembersih Lantai (HCl),Tinggi
2,5,2.38,7.16,4.77,4.59,98.84,33.9,0.6296,438.6,0,Cuka (CH3COOH),Air (H2O),Cuka (CH3COOH) + Air (H2O),Aman
1,2,11.51,2.42,9.09,7.95,4.39,39.52,0.3691,210.7,1,Amonia (NH3),Cuka (CH3COOH),Amonia (NH3) + Cuka (CH3COOH),Sedang
5,10,6.66,7.01,0.35,100.03,102.1,39.65,0.25,83.0,2,Air (H2O),Gas LPG (Propana/Butana),Air (H2O) + Gas LPG (Propana/Butana),Tinggi
5,6,7.15,6.85,0.3,102.8,69.24,32.97,0.419,256.1,0,Air (H2O),Alkohol (Etanol),Air (H2O) + Alkohol (Etanol),Aman
0,2,12.25,2.83,9.42,5.4,6.08,36.91,0.2596,50.7,2,Pemutih (NaClO),Cuka (CH3COOH),Pemutih (NaClO) + Cuka (CH3COOH),Tinggi
1,4,11.64,1.2,10.44,7.18,9.18,23.36,0.1204,80.4,1,Amonia (NH3),Pembersih Lantai (HCl),Amonia (NH3) + Pembersih Lantai (HCl),Sedang
0,1,12.18,11.26,0.92,6.52,8.01,21.46,0.744,370.0,2,Pemutih (NaClO),Amonia (NH3),Pemutih (NaClO) + Amonia (NH3),Tinggi
5,9,6.75,7.28,0.53,99.48,9.24,32.49,0.0812,253.5,2,Air (H2O),Asap Pembakaran (CO),Air (H2O) + Asap Pembakaran (CO),Tinggi
2,3,2.58,6.99,4.41,5.21,19.08,29.66,0.9869,389.6,1,Cuka (CH3COOH),Sabun Cuci Piring,Cuka (CH3COOH) + Sabun Cuci Piring,Sedang
1,5,11.58,6.49,5.09,12.05,99.43,37.18,0.3259,479.3,0,Amonia (NH3),Air (H2O),Amonia (NH3) + Air (H2O),Aman
5,9,6.77,6.77,0.01,102.0,9.0,21.36,0.1871,300.0,2,Air (H2O),Asap Pembakaran (CO),Air (H2O) + Asap Pembakaran (CO),Tinggi
0,4,12.58,1.51,11.07,3.2,5.99,36.8,0.3393,369.0,2,Pemutih (NaClO),Pembersih Lantai (HCl),Pemutih (NaClO) + Pembersih Lantai (HCl),Tinggi
2,5,2.23,7.1,4.86,4.23,100.58,21.41,0.9094,135.6,0,Cuka (CH3COOH),Air (H2O),Cuka (CH3COOH) + Air (H2O),Aman
5,9,7.08,6.93,0.15,101.17,9.18,20.26,0.5118,396.2,2,Air (H2O),Asap Pembakaran (CO),Air (H2O) + Asap Pembakaran (CO),Tinggi
2,3,2.82,7.0,4.19,5.11,15.49,39.05,0.7545,250.5,1,Cuka (CH3COOH),Sabun Cuci Piring,Cuka (CH3COOH) + Sabun Cuci Piring,Sedang
3,4,7.2,1.24,5.95,15.07,6.06,32.91,0.1558,296.2,0,Sabun Cuci Piring,Pembersih Lantai (HCl),Sabun Cuci Piring + Pembersih Lantai (HCl),Aman
3,4,7.27,1.32,5.95,13.76,8.89,37.06,0.1158,367.7,0,Sabun Cuci Piring,Pembersih Lantai (HCl),Sabun Cuci Piring + Pembersih Lantai (HCl),Aman
0,1,11.8,10.79,1.01,9.76,10.32,35.36,0.6286,335.0,2,Pemutih (NaClO),Amonia (NH3),Pemutih (NaClO) + Amonia (NH3),Tinggi
3,4,7.06,1.2,5.85,18.78,11.36,36.5,0.6888,298.4,0,Sabun Cuci Piring,Pembersih Lantai (HCl),Sabun Cuci Piring + Pembersih Lantai (HCl),Aman
0,1,12.79,11.09,1.71,3.77,8.58,32.02,0.6961,213.1,2,Pemutih (NaClO),Amonia (NH3),Pemutih (NaClO) + Amonia (NH3),Tinggi
4,5,0.31,6.84,6.53,9.74,97.23,30.35,0.4131,139.7,0,Pembersih Lantai (HCl),Air (H2O),Pembersih Lantai (HCl) + Air (H2O),Aman
0,1,12.29,11.43,0.86,5.9,11.42,24.04,0.5455,143.2,2,Pemutih (NaClO),Amonia (NH3),Pemutih (NaClO) + Amonia (NH3),Tinggi
7,8,14.22,6.82,7.39,19.36,102.16,26.86,0.1115,306.7,2,Basa Kuat (NaOH),Aluminium Foil (Al),Basa Kuat (NaOH) + Aluminium Foil (Al),Tinggi
2,3,2.37,6.93,4.56,4.33,11.89,37.53,0.7289,185.7,1,Cuka (CH3COOH),Sabun Cuci Piring,Cuka (CH3COOH) + Sabun Cuci Piring,Sedang
1,5,11.79,7.07,4.71,8.52,102.38,20.99,0.2571,259.3,0,Amonia (NH3),Air (H2O),Amonia (NH3) + Air (H2O),Aman
1,3,11.17,7.26,3.91,9.95,13.25,32.48,0.8294,135.7,0,Amonia (NH3),Sabun Cuci Piring,Amonia (NH3) + Sabun Cuci Piring,Aman
1,3,11.34,7.32,4.02,13.03,15.8,28.67,0.8485,213.5,0,Amonia (NH3),Sabun Cuci Piring,Amonia (NH3) + Sabun Cuci Piring,Aman
5,10,6.89,6.99,0.1,101.12,95.96,21.25,0.3875,312.5,2,Air (H2O),Gas LPG (Propana/Butana),Air (H2O) + Gas LPG (Propana/Butana),Tinggi
5,9,7.09,7.49,0.4,97.73,10.98,24.08,0.2919,386.9,2,Air (H2O),Asap Pembakaran (CO),Air (H2O) + Asap Pembakaran (CO),Tinggi
0,4,12.78,0.98,11.8,4.83,11.1,30.5,0.7073,163.5,2,Pemutih (NaClO),Pembersih Lantai (HCl),Pemutih (NaClO) + Pembersih Lantai (HCl),Tinggi
3,5,6.65,7.05,0.41,16.92,100.92,34.56,0.6003,379.1,0,Sabun Cuci Piring,Air (H2O),Sabun Cuci Piring + Air (H2O),Aman
0,6,12.51,7.22,5.29,1.55,68.52,29.95,0.1784,98.7,2,Pemutih (NaClO),Alkohol (Etanol),Pemutih (NaClO) + Alkohol (Etanol),Tinggi
1,3,11.09,7.12,3.98,10.48,12.31,37.03,0.0843,210.2,0,Amonia (NH3),Sabun Cuci Piring,Amonia (NH3) + Sabun Cuci Piring,Aman
2,5,2.59,7.55,4.96,2.58,99.5,32.71,0.1965,145.3,0,Cuka (CH3COOH),Air (H2O),Cuka (CH3COOH) + Air (H2O),Aman
2,3,2.24,7.32,5.09,5.82,15.39,25.3,0.6962,136.8,1,Cuka (CH3COOH),Sabun Cuci Piring,Cuka (CH3COOH) + Sabun Cuci Piring,Sedang
0,2,13.25,2.88,10.37,4.27,3.59,32.01,0.1663,220.9,2,Pemutih (NaClO),Cuka (CH3COOH),Pemutih (NaClO) + Cuka (CH3COOH),Tinggi
0,6,12.61,6.81,5.8,3.0,70.44,23.68,0.3284,269.2,0,Pemutih (NaClO),Alkohol (Etanol),Pemutih (NaClO) + Alkohol (Etanol),Aman
0,2,12.08,2.53,9.55,0.88,5.71,36.1,0.1858,88.2,2,Pemutih (NaClO),Cuka (CH3COOH),Pemutih (NaClO) + Cuka (CH3COOH),Tinggi
3,4,7.17,0.94,6.22,15.89,6.6,38.45,0.5024,197.5,0,Sabun Cuci Piring,Pembersih Lantai (HCl),Sabun Cuci Piring + Pembersih Lantai (HCl),Aman
0,3,12.32,7.05,5.27,6.7,14.11,26.49,0.6728,201.8,1,Pemutih (NaClO),Sabun Cuci Piring,Pemutih (NaClO) + Sabun Cuci Piring,Sedang
5,10,6.85,7.19,0.34,94.59,98.74,23.9,0.5049,395.9,2,Air (H2O),Gas LPG (Propana/Butana),Air (H2O) + Gas LPG (Propana/Butana),Tinggi
2,3,1.93,6.63,4.71,4.12,17.64,34.38,0.5475,474.7,1,Cuka (CH3COOH),Sabun Cuci Piring,Cuka (CH3COOH) + Sabun Cuci Piring,Sedang
2,5,3.15,6.57,3.42,3.96,99.82,31.42,0.3324,192.0,0,Cuka (CH3COOH),Air (H2O),Cuka (CH3COOH) + Air (H2O),Aman
0,3,12.71,7.82,4.89,3.99,12.18,25.69,0.5172,431.7,1,Pemutih (NaClO),Sabun Cuci Piring,Pemutih (NaClO) + Sabun Cuci Piring,Sedang
1,3,11.21,6.94,4.27,8.7,13.35,23.44,0.5473,124.1,0,Amonia (NH3),Sabun Cuci Piring,Amonia (NH3) + Sabun Cuci Piring,Aman
1,3,11.71,7.84,3.87,11.86,14.17,21.99,0.016,483.7,0,Amonia (NH3),Sabun Cuci Piring,Amonia (NH3) + Sabun Cuci Piring,Aman
0,3,12.54,7.21,5.32,5.47,13.92,22.52,0.5817,394.9,1,Pemutih (NaClO),Sabun Cuci Piring,Pemutih (NaClO) + Sabun Cuci Piring,Sedang
7,8,13.71,7.28,6.43,17.26,100.33,26.32,0.845,264.3,2,Basa Kuat (NaOH),Aluminium Foil (Al),Basa Kuat (NaOH) + Aluminium Foil (Al),Tinggi
0,4,12.45,1.49,10.97,3.17,8.85,24.52,0.6166,68.2,2,Pemutih (NaClO),Pembersih Lantai (HCl),Pemutih (NaClO) + Pembersih Lantai (HCl),Tinggi
3,5,6.88,7.14,0.26,14.26,96.79,39.04,0.3419,493.6,0,Sabun Cuci Piring,Air (H2O),Sabun Cuci Piring + Air (H2O),Aman
2,4,2.52,1.02,1.5,4.88,8.99,21.73,0.5384,461.0,1,Cuka (CH3COOH),Pembersih Lantai (HCl),Cuka (CH3COOH) + Pembersih Lantai (HCl),Sedang
0,4,12.47,1.07,11.4,2.8,12.84,26.64,0.7008,394.4,2,Pemutih (NaClO),Pembersih Lantai (HCl),Pemutih (NaClO) + Pembersih Lantai (HCl),Tinggi
2,4,2.28,0.81,1.47,3.27,6.75,39.09,0.9185,71.1,1,Cuka (CH3COOH),Pembersih Lantai (HCl),Cuka (CH3COOH) + Pembersih Lantai (HCl),Sedang
7,8,13.8,6.67,7.13,22.11,99.63,35.12,0.3938,323.7,2,Basa Kuat (NaOH),Aluminium Foil (Al),Basa Kuat (NaOH) + Aluminium Foil (Al),Tinggi
2,4,2.26,1.1,1.16,3.24,7.15,39.08,0.8656,309.7,1,Cuka (CH3COOH),Pembersih Lantai (HCl),Cuka (CH3COOH) + Pembersih Lantai (HCl),Sedang
5,9,7.04,6.98,0.06,101.27,6.75,22.62,0.7974,278.6,2,Air (H2O),Asap Pembakaran (CO),Air (H2O) + Asap Pembakaran (CO),Tinggi
3,5,7.08,7.15,0.07,15.13,94.57,31.64,0.7978,439.0,0,Sabun Cuci Piring,Air (H2O),Sabun Cuci Piring + Air (H2O),Aman
0,3,12.74,7.12,5.61,8.24,14.69,39.94,0.4269,100.0,2,Pemutih (NaClO),Sabun Cuci Piring,Pemutih (NaClO) + Sabun Cuci Piring,Tinggi
5,6,7.34,6.97,0.37,96.28,70.22,26.1,0.1927,108.1,0,Air (H2O),Alkohol (Etanol),Air (H2O) + Alkohol (Etanol),Aman
5,6,6.99,6.94,0.06,102.28,69.12,26.58,0.0525,252.6,0,Air (H2O),Alkohol (Etanol),Air (H2O) + Alkohol (Etanol),Aman
1,3,11.53,7.11,4.42,7.87,15.12,35.32,0.0792,71.2,1,Amonia (NH3),Sabun Cuci Piring,Amonia (NH3) + Sabun Cuci Piring,Sedang
5,6,6.95,7.28,0.33,97.38,73.87,30.71,0.477,225.1,0,Air (H2O),Alkohol (Etanol),Air (H2O) + Alkohol (Etanol),Aman
0,1,12.79,11.54,1.26,4.87,12.99,25.25,0.4722,195.9,2,Pemutih (NaClO),Amonia (NH3),Pemutih (NaClO) + Amonia (NH3),Tinggi
1,3,11.65,6.14,5.5,10.22,13.75,25.18,0.3165,89.1,0,Amonia (NH3),Sabun Cuci Piring,Amonia (NH3) + Sabun Cuci Piring,Aman
3,5,7.25,7.04,0.21,14.68,100.86,20.12,0.8107,476.8,0,Sabun Cuci Piring,Air (H2O),Sabun Cuci Piring + Air (H2O),Aman
2,4,3.06,0.86,2.2,5.09,11.12,34.66,0.9954,179.4,1,Cuka (CH3COOH),Pembersih Lantai (HCl),Cuka (CH3COOH) + Pembersih Lantai (HCl),Sedang
0,6,12.34,6.92,5.42,3.96,69.4,33.36,0.1333,433.3,2,Pemutih (NaClO),Alkohol (Etanol),Pemutih (NaClO) + Alkohol (Etanol),Tinggi
4,5,0.82,7.33,6.51,10.35,95.8,34.11,0.1875,387.8,0,Pembersih Lantai (HCl),Air (H2O),Pembersih Lantai (HCl) + Air (H2O),Aman
5,10,7.02,7.14,0.12,94.19,101.18,37.27,0.1395,306.1,2,Air (H2O),Gas LPG (Propana/Butana),Air (H2O) + Gas LPG (Propana/Butana),Tinggi
0,2,11.82,2.23,9.59,3.49,4.52,37.34,0.244,485.0,2,Pemutih (NaClO),Cuka (CH3COOH),Pemutih (NaClO) + Cuka (CH3COOH),Tinggi
0,6,12.34,6.77,5.57,4.03,71.85,22.39,0.2303,97.9,2,Pemutih (NaClO),Alkohol (Etanol),Pemutih (NaClO) + Alkohol (Etanol),Tinggi
0,1,12.96,11.52,1.43,5.16,10.33,30.45,0.641,403.8,2,Pemutih (NaClO),Amonia (NH3),Pemutih (NaClO) + Amonia (NH3),Tinggi
1,4,11.58,0.82,10.76,11.52,13.06,21.28,0.5961,382.8,1,Amonia (NH3),Pembersih Lantai (HCl),Amonia (NH3) + Pembersih Lantai (HCl),Sedang
0,3,11.98,6.78,5.21,6.92,16.14,38.76,0.6771,103.6,1,Pemutih (NaClO),Sabun Cuci Piring,Pemutih (NaClO) + Sabun Cuci Piring,Sedang
0,5,12.2,6.76,5.44,2.89,100.25,24.27,0.4111,366.8,0,Pemutih (NaClO),Air (H2O),Pemutih (NaClO) + Air (H2O),Aman
1,3,10.95,6.85,4.11,9.55,17.04,34.33,0.3587,170.5,0,Amonia (NH3),Sabun Cuci Piring,Amonia (NH3) + Sabun Cuci Piring,Aman
0,5,12.92,6.69,6.23,5.2,100.21,26.26,0.0609,365.7,1,Pemutih (NaClO),Air (H2O),Pemutih (NaClO) + Air (H2O),Sedang
5,6,6.67,6.95,0.28,100.45,69.6,37.24,0.8161,492.8,0,Air (H2O),Alkohol (Etanol),Air (H2O) + Alkohol (Etanol),Aman
5,10,7.13,7.47,0.34,102.17,103.21,25.49,0.4744,200.2,2,Air (H2O),Gas LPG (Propana/Butana),Air (H2O) + Gas LPG (Propana/Butana),Tinggi
5,10,6.86,7.52,0.66,100.37,97.44,20.54,0.4493,183.4,2,Air (H2O),Gas LPG (Propana/Butana),Air (H2O) + Gas LPG (Propana/Butana),Tinggi
5,6,6.67,6.97,0.3,97.69,68.31,38.55,0.8677,368.4,0,Air (H2O),Alkohol (Etanol),Air (H2O) + Alkohol (Etanol),Aman
5,9,6.71,7.61,0.9,101.21,9.4,20.78,0.4995,394.1,2,Air (H2O),Asap Pembakaran (CO),Air (H2O) + Asap Pembakaran (CO),Tinggi
3,4,6.8,1.07,5.73,13.95,10.06,28.7,0.2927,295.4,0,Sabun Cuci Piring,Pembersih Lantai (HCl),Sabun Cuci Piring + Pembersih Lantai (HCl),Aman
3,5,7.93,6.56,1.37,15.38,98.21,33.34,0.2671,459.8,0,Sabun Cuci Piring,Air (H2O),Sabun Cuci Piring + Air (H2O),Aman
5,10,6.88,6.81,0.06,100.85,102.22,27.7,0.943,324.7,2,Air (H2O),Gas LPG (Propana/Butana),Air (H2O) + Gas LPG (Propana/Butana),Tinggi
3,5,7.25,6.59,0.66,15.65,98.93,26.82,0.9977,168.6,0,Sabun Cuci Piring,Air (H2O),Sabun Cuci Piring + Air (H2O),Aman
5,6,7.23,7.11,0.12,96.52,67.9,30.28,0.5392,164.8,0,Air (H2O),Alkohol (Etanol),Air (H2O) + Alkohol (Etanol),Aman
2,3,2.82,6.86,4.04,3.92,14.86,34.03,0.4593,74.8,1,Cuka (CH3COOH),Sabun Cuci Piring,Cuka (CH3COOH) + Sabun Cuci Piring,Sedang
5,9,7.08,6.42,0.66,100.4,11.22,21.32,0.9726,212.0,2,Air (H2O),Asap Pembakaran (CO),Air (H2O) + Asap Pembakaran (CO),Tinggi
1,5,11.18,7.33,3.85,11.15,101.46,21.14,0.3431,350.1,0,Amonia (NH3),Air (H2O),Amonia (NH3) + Air (H2O),Aman
3,5,6.96,7.29,0.33,17.0,100.53,29.19,0.077,351.8,0,Sabun Cuci Piring,Air (H2O),Sabun Cuci Piring + Air (H2O),Aman
5,9,6.94,7.35,0.42,100.62,6.84,26.85,0.5465,91.1,2,Air (H2O),Asap Pembakaran (CO),Air (H2O) + Asap Pembakaran (CO),Tinggi
3,5,7.17,6.96,0.21,14.52,100.57,27.93,0.1249,286.5,0,Sabun Cuci Piring,Air (H2O),Sabun Cuci Piring + Air (H2O),Aman
1,5,11.71,6.85,4.86,9.88,100.98,34.31,0.6869,451.9,0,Amonia (NH3),Air (H2O),Amonia (NH3) + Air (H2O),Aman
1,4,11.53,1.12,10.42,11.7,10.84,23.68,0.1057,415.8,1,Amonia (NH3),Pembersih Lantai (HCl),Amonia (NH3) + Pembersih Lantai (HCl),Sedang
5,9,6.99,7.62,0.63,102.13,11.11,39.01,0.2999,58.6,2,Air (H2O),Asap Pembakaran (CO),Air (H2O) + Asap Pembakaran (CO),Tinggi
0,5,12.25,7.17,5.08,2.61,100.57,24.71,0.4944,461.7,0,Pemutih (NaClO),Air (H2O),Pemutih (NaClO) + Air (H2O),Aman
2,4,2.13,1.2,0.93,5.01,13.24,23.14,0.6834,317.2,1,Cuka (CH3COOH),Pembersih Lantai (HCl),Cuka (CH3COOH) + Pembersih Lantai (HCl),Sedang
1,3,11.44,7.08,4.35,6.67,14.42,38.95,0.2056,326.2,0,Amonia (NH3),Sabun Cuci Piring,Amonia (NH3) + Sabun Cuci Piring,Aman
5,6,6.64,7.32,0.67,101.32,69.86,23.77,0.3037,91.9,0,Air (H2O),Alkohol (Etanol),Air (H2O) + Alkohol (Etanol),Aman
3,5,6.66,7.16,0.51,17.72,99.29,21.95,0.1668,465.7,0,Sabun Cuci Piring,Air (H2O),Sabun Cuci Piring + Air (H2O),Aman
3,4,6.79,0.79,5.99,14.36,8.21,21.09,0.0177,96.2,0,Sabun Cuci Piring,Pembersih Lantai (HCl),Sabun Cuci Piring + Pembersih Lantai (HCl),Aman
4,5,1.15,6.74,5.59,10.34,101.89,33.49,0.98,493.5,0,Pembersih Lantai (HCl),Air (H2O),Pembersih Lantai (HCl) + Air (H2O),Aman
2,5,2.65,6.88,4.23,4.33,101.15,36.34,0.4483,270.2,0,Cuka (CH3COOH),Air (H2O),Cuka (CH3COOH) + Air (H2O),Aman
0,3,12.54,6.97,5.57,7.14,13.45,34.75,0.2528,80.3,1,Pemutih (NaClO),Sabun Cuci Piring,Pemutih (NaClO) + Sabun Cuci Piring,Sedang
3,4,7.43,0.57,6.86,13.08,11.75,22.92,0.823,155.8,0,Sabun Cuci Piring,Pembersih Lantai (HCl),Sabun Cuci Piring + Pembersih Lantai (HCl),Aman
1,3,11.53,6.83,4.7,9.66,15.38,38.25,0.1774,53.2,0,Amonia (NH3),Sabun Cuci Piring,Amonia (NH3) + Sabun Cuci Piring,Aman
0,5,12.94,7.0,5.93,6.7,97.54,22.71,0.9774,484.0,0,Pemutih (NaClO),Air (H2O),Pemutih (NaClO) + Air (H2O),Aman
0,4,12.37,1.35,11.02,4.43,9.0,21.77,0.3422,491.6,2,Pemutih (NaClO),Pembersih Lantai (HCl),Pemutih (NaClO) + Pembersih Lantai (HCl),Tinggi
1,3,11.56,6.7,4.86,8.87,16.66,38.58,0.4967,429.3,0,Amonia (NH3),Sabun Cuci Piring,Amonia (NH3) + Sabun Cuci Piring,Aman
0,3,12.89,6.79,6.1,5.33,15.08,30.0,0.1278,312.0,1,Pemutih (NaClO),Sabun Cuci Piring,Pemutih (NaClO) + Sabun Cuci Piring,Sedang
0,4,12.91,0.91,12.01,7.69,9.78,31.91,0.8866,234.9,2,Pemutih (NaClO),Pembersih Lantai (HCl),Pemutih (NaClO) + Pembersih Lantai (HCl),Tinggi
3,4,6.74,1.34,5.39,13.53,8.66,30.12,0.1625,481.9,0,Sabun Cuci Piring,Pembersih Lantai (HCl),Sabun Cuci Piring + Pembersih Lantai (HCl),Aman
1,3,11.52,6.91,4.61,12.88,13.98,29.11,0.518,53.4,0,Amonia (NH3),Sabun Cuci Piring,Amonia (NH3) + Sabun Cuci Piring,Aman
1,4,11.26,0.41,10.85,7.69,9.16,21.39,0.5782,318.9,1,Amonia (NH3),Pembersih Lantai (HCl),Amonia (NH3) + Pembersih Lantai (HCl),Sedang
0,1,12.41,11.54,0.87,3.69,10.12,38.23,0.7021,278.3,2,Pemutih (NaClO),Amonia (NH3),Pemutih (NaClO) + Amonia (NH3),Tinggi
0,2,12.43,3.29,9.14,8.5,4.22,23.85,0.4639,160.6,2,Pemutih (NaClO),Cuka (CH3COOH),Pemutih (NaClO) + Cuka (CH3COOH),Tinggi
5,9,7.23,7.08,0.15,101.49,9.95,29.13,0.1494,468.5,2,Air (H2O),Asap Pembakaran (CO),Air (H2O) + Asap Pembakaran (CO),Tinggi
2,4,2.4,0.65,1.75,3.62,11.38,38.53,0.7104,238.5,1,Cuka (CH3COOH),Pembersih Lantai (HCl),Cuka (CH3COOH) + Pembersih Lantai (HCl),Sedang
5,9,6.83,7.51,0.67,102.66,7.14,26.13,0.9622,484.0,2,Air (H2O),Asap Pembakaran (CO),Air (H2O) + Asap Pembakaran (CO),Tinggi
0,6,12.76,7.08,5.68,6.39,72.21,21.57,0.3309,161.7,2,Pemutih (NaClO),Alkohol (Etanol),Pemutih (NaClO) + Alkohol (Etanol),Tinggi
0,4,12.63,1.12,11.52,5.3,10.02,32.71,0.0416,143.1,2,Pemutih (NaClO),Pembersih Lantai (HCl),Pemutih (NaClO) + Pembersih Lantai (HCl),Tinggi
3,5,6.91,7.08,0.17,12.46,97.51,23.19,0.7901,327.3,0,Sabun Cuci Piring,Air (H2O),Sabun Cuci Piring + Air (H2O),Aman
0,4,12.21,1.1,11.11,6.58,10.53,22.32,0.8442,112.7,2,Pemutih (NaClO),Pembersih Lantai (HCl),Pemutih (NaClO) + Pembersih Lantai (HCl),Tinggi
0,5,12.16,6.81,5.35,7.42,102.2,36.27,0.2171,293.9,0,Pemutih (NaClO),Air (H2O),Pemutih (NaClO) + Air (H2O),Aman
7,8,14.72,7.36,7.36,20.16,99.92,32.9,0.017,482.2,2,Basa Kuat (NaOH),Aluminium Foil (Al),Basa Kuat (NaOH) + Aluminium Foil (Al),Tinggi
0,2,12.61,2.46,10.15,5.24,3.89,38.06,0.7137,418.2,2,Pemutih (NaClO),Cuka (CH3COOH),Pemutih (NaClO) + Cuka (CH3COOH),Tinggi
5,9,7.34,7.03,0.31,101.97,8.91,24.26,0.6078,87.7,2,Air (H2O),Asap Pembakaran (CO),Air (H2O) + Asap Pembakaran (CO),Tinggi
7,8,14.18,7.05,7.13,16.86,101.14,24.13,0.735,439.9,2,Basa Kuat (NaOH),Aluminium Foil (Al),Basa Kuat (NaOH) + Aluminium Foil (Al),Tinggi
5,6,7.33,6.92,0.41,98.26,70.2,37.12,0.0992,90.8,0,Air (H2O),Alkohol (Etanol),Air (H2O) + Alkohol (Etanol),Aman
2,5,2.51,6.96,4.45,3.14,99.76,39.22,0.9029,363.5,0,Cuka (CH3COOH),Air (H2O),Cuka (CH3COOH) + Air (H2O),Aman
7,8,14.08,7.31,6.77,21.56,98.07,22.54,0.4275,122.4,2,Basa Kuat (NaOH),Aluminium Foil (Al),Basa Kuat (NaOH) + Aluminium Foil (Al),Tinggi
1,5,11.47,6.59,4.88,8.46,100.3,27.23,0.3587,288.2,0,Amonia (NH3),Air (H2O),Amonia (NH3) + Air (H2O),Aman
5,10,6.87,6.95,0.08,102.17,98.87,31.08,0.5879,470.5,2,Air (H2O),Gas LPG (Propana/Butana),Air (H2O) + Gas LPG (Propana/Butana),Tinggi
1,3,10.87,6.95,3.92,11.46,13.7,22.14,0.2388,477.2,0,Amonia (NH3),Sabun Cuci Piring,Amonia (NH3) + Sabun Cuci Piring,Aman
4,5,1.64,7.55,5.91,9.9,99.73,27.13,0.4473,484.5,0,Pembersih Lantai (HCl),Air (H2O),Pembersih Lantai (HCl) + Air (H2O),Aman
4,5,1.29,6.72,5.44,9.98,97.29,21.53,0.664,156.9,0,Pembersih Lantai (HCl),Air (H2O),Pembersih Lantai (HCl) + Air (H2O),Aman
5,10,7.2,6.76,0.44,101.51,96.17,21.05,0.8525,139.2,2,Air (H2O),Gas LPG (Propana/Butana),Air (H2O) + Gas LPG (Propana/Butana),Tinggi
1,5,11.32,6.74,4.58,9.44,102.53,25.35,0.5192,155.5,0,Amonia (NH3),Air (H2O),Amonia (NH3) + Air (H2O),Aman
0,5,12.47,6.99,5.48,8.15,101.12,22.54,0.9147,272.1,0,Pemutih (NaClO),Air (H2O),Pemutih (NaClO) + Air (H2O),Aman
1,2,11.68,2.69,8.99,11.74,2.63,30.19,0.3001,118.1,1,Amonia (NH3),Cuka (CH3COOH),Amonia (NH3) + Cuka (CH3COOH),Sedang
7,8,13.82,6.7,7.12,20.57,99.55,32.41,0.6384,364.7,2,Basa Kuat (NaOH),Aluminium Foil (Al),Basa Kuat (NaOH) + Aluminium Foil (Al),Tinggi
1,3,11.33,7.14,4.19,5.64,13.94,30.25,0.4874,331.3,0,Amonia (NH3),Sabun Cuci Piring,Amonia (NH3) + Sabun Cuci Piring,Aman
0,3,12.3,7.12,5.17,3.73,15.11,36.72,0.1548,185.5,1,Pemutih (NaClO),Sabun Cuci Piring,Pemutih (NaClO) + Sabun Cuci Piring,Sedang
0,6,12.59,6.59,6.01,4.84,68.59,32.99,0.3026,257.0,2,Pemutih (NaClO),Alkohol (Etanol),Pemutih (NaClO) + Alkohol (Etanol),Tinggi
4,5,1.78,7.34,5.56,10.09,102.51,23.42,0.1977,193.5,0,Pembersih Lantai (HCl),Air (H2O),Pembersih Lantai (HCl) + Air (H2O),Aman
4,5,0.58,6.82,6.24,8.0,100.0,20.31,0.3601,90.4,0,Pembersih Lantai (HCl),Air (H2O),Pembersih Lantai (HCl) + Air (H2O),Aman
7,8,13.71,7.11,6.6,19.96,99.94,38.41,0.0936,479.8,0,Basa Kuat (NaOH),Aluminium Foil (Al),Basa Kuat (NaOH) + Aluminium Foil (Al),Aman
0,2,11.9,2.45,9.46,1.57,5.31,35.78,0.6818,449.9,2,Pemutih (NaClO),Cuka (CH3COOH),Pemutih (NaClO) + Cuka (CH3COOH),Tinggi
0,6,12.38,6.69,5.69,6.34,71.21,27.47,0.1514,409.3,2,Pemutih (NaClO),Alkohol (Etanol),Pemutih (NaClO) + Alkohol (Etanol),Tinggi
5,10,6.73,7.09,0.36,98.38,99.45,39.72,0.7807,225.6,2,Air (H2O),Gas LPG (Propana/Butana),Air (H2O) + Gas LPG (Propana/Butana),Tinggi
0,4,12.2,0.45,11.75,0.5,10.05,27.81,0.6658,147.0,2,Pemutih (NaClO),Pembersih Lantai (HCl),Pemutih (NaClO) + Pembersih Lantai (HCl),Tinggi
1,3,11.16,7.11,4.05,11.73,16.62,35.95,0.7201,88.8,0,Amonia (NH3),Sabun Cuci Piring,Amonia (NH3) + Sabun Cuci Piring,Aman
2,5,2.96,7.34,4.38,7.19,95.62,36.73,0.2155,104.2,0,Cuka (CH3COOH),Air (H2O),Cuka (CH3COOH) + Air (H2O),Aman
0,4,12.38,1.26,11.12,4.67,7.27,37.99,0.9409,351.9,2,Pemutih (NaClO),Pembersih Lantai (HCl),Pemutih (NaClO) + Pembersih Lantai (HCl),Tinggi
2,4,2.28,0.6,1.68,8.5,12.08,36.87,0.1949,422.1,2,Cuka (CH3COOH),Pembersih Lantai (HCl),Cuka (CH3COOH) + Pembersih Lantai (HCl),Tinggi
0,1,12.53,11.22,1.31,2.76,9.65,21.7,0.3029,385.1,2,Pemutih (NaClO),Amonia (NH3),Pemutih (NaClO) + Amonia (NH3),Tinggi
2,5,2.4,7.25,4.85,6.6,99.22,21.67,0.7246,190.2,0,Cuka (CH3COOH),Air (H2O),Cuka (CH3COOH) + Air (H2O),Aman
1,2,11.57,2.14,9.43,10.1,4.65,30.08,0.0135,213.3,1,Amonia (NH3),Cuka (CH3COOH),Amonia (NH3) + Cuka (CH3COOH),Sedang
4,5,0.73,7.34,6.62,9.92,102.0,26.84,0.1945,302.9,0,Pembersih Lantai (HCl),Air (H2O),Pembersih Lantai (HCl) + Air (H2O),Aman
7,8,14.9,7.19,7.72,20.17,99.33,27.19,0.0815,137.0,2,Basa Kuat (NaOH),Aluminium Foil (Al),Basa Kuat (NaOH) + Aluminium Foil (Al),Tinggi
0,4,12.06,0.79,11.28,6.56,10.77,28.43,0.0944,106.6,2,Pemutih (NaClO),Pembersih Lantai (HCl),Pemutih (NaClO) + Pembersih Lantai (HCl),Tinggi
0,3,12.81,7.15,5.67,6.47,12.45,28.35,0.0731,173.1,1,Pemutih (NaClO),Sabun Cuci Piring,Pemutih (NaClO) + Sabun Cuci Piring,Sedang
0,1,11.92,10.91,1.01,5.83,8.94,39.1,0.9196,190.0,2,Pemutih (NaClO),Amonia (NH3),Pemutih (NaClO) + Amonia (NH3),Tinggi
0,3,13.18,6.63,6.55,4.63,11.8,27.14,0.1643,276.7,1,Pemutih (NaClO),Sabun Cuci Piring,Pemutih (NaClO) + Sabun Cuci Piring,Sedang
0,3,12.98,7.29,5.69,2.57,15.91,30.52,0.7181,311.7,1,Pemutih (NaClO),Sabun Cuci Piring,Pemutih (NaClO) + Sabun Cuci Piring,Sedang
2,3,2.59,7.16,4.56,7.09,17.72,30.17,0.9918,169.7,2,Cuka (CH3COOH),Sabun Cuci Piring,Cuka (CH3COOH) + Sabun Cuci Piring,Tinggi
1,2,11.5,1.96,9.54,13.02,3.96,26.59,0.4406,435.6,1,Amonia (NH3),Cuka (CH3COOH),Amonia (NH3) + Cuka (CH3COOH),Sedang
3,4,7.04,0.4,6.63,14.35,11.48,38.81,0.0478,208.5,0,Sabun Cuci Piring,Pembersih Lantai (HCl),Sabun Cuci Piring + Pembersih Lantai (HCl),Aman
4,5,1.08,7.11,6.03,9.24,98.5,34.71,0.7973,171.2,0,Pembersih Lantai (HCl),Air (H2O),Pembersih Lantai (HCl) + Air (H2O),Aman
5,6,7.18,6.53,0.65,97.64,69.56,34.43,0.9413,446.7,0,Air (H2O),Alkohol (Etanol),Air (H2O) + Alkohol (Etanol),Aman
5,9,6.48,7.07,0.59,103.48,14.11,20.42,0.7228,64.6,2,Air (H2O),Asap Pembakaran (CO),Air (H2O) + Asap Pembakaran (CO),Tinggi
3,4,6.84,1.04,5.8,11.58,8.89,21.89,0.0329,274.6,0,Sabun Cuci Piring,Pembersih Lantai (HCl),Sabun Cuci Piring + Pembersih Lantai (HCl),Aman
0,4,13.07,0.96,12.11,6.48,7.85,37.04,0.3566,167.6,2,Pemutih (NaClO),Pembersih Lantai (HCl),Pemutih (NaClO) + Pembersih Lantai (HCl),Tinggi
2,4,3.12,1.19,1.92,7.81,9.52,35.08,0.622,293.0,2,Cuka (CH3COOH),Pembersih Lantai (HCl),Cuka (CH3COOH) + Pembersih Lantai (HCl),Tinggi
1,3,11.4,6.84,4.57,10.8,14.84,29.85,0.8367,123.7,0,Amonia (NH3),Sabun Cuci Piring,Amonia (NH3) + Sabun Cuci Piring,Aman
0,5,12.4,6.72,5.68,3.53,96.69,20.52,0.2218,401.2,0,Pemutih (NaClO),Air (H2O),Pemutih (NaClO) + Air (H2O),Aman
0,1,12.65,10.98,1.67,5.18,9.47,25.59,0.3489,465.4,2,Pemutih (NaClO),Amonia (NH3),Pemutih (NaClO) + Amonia (NH3),Tinggi
0,1,12.03,11.52,0.51,5.79,10.91,36.91,0.7272,491.3,2,Pemutih (NaClO),Amonia (NH3),Pemutih (NaClO) + Amonia (NH3),Tinggi
2,3,2.69,7.08,4.39,6.14,14.93,34.6,0.7355,86.0,1,Cuka (CH3COOH),Sabun Cuci Piring,Cuka (CH3COOH) + Sabun Cuci Piring,Sedang
7,8,13.96,6.94,7.03,21.82,100.25,33.39,0.8883,257.0,2,Basa Kuat (NaOH),Aluminium Foil (Al),Basa Kuat (NaOH) + Aluminium Foil (Al),Tinggi
5,9,7.04,6.75,0.29,99.92,6.49,30.06,0.1444,248.9,2,Air (H2O),Asap Pembakaran (CO),Air (H2O) + Asap Pembakaran (CO),Tinggi
0,5,12.63,6.47,6.16,1.25,99.7,20.03,0.2832,446.6,0,Pemutih (NaClO),Air (H2O),Pemutih (NaClO) + Air (H2O),Aman
0,2,12.91,2.2,10.71,2.7,5.51,31.2,0.3865,239.1,2,Pemutih (NaClO),Cuka (CH3COOH),Pemutih (NaClO) + Cuka (CH3COOH),Tinggi
5,6,7.06,7.02,0.04,97.49,69.64,36.51,0.06,219.3,0,Air (H2O),Alkohol (Etanol),Air (H2O) + Alkohol (Etanol),Aman
0,4,12.22,1.52,10.71,4.26,10.43,29.41,0.0491,136.0,2,Pemutih (NaClO),Pembersih Lantai (HCl),Pemutih (NaClO) + Pembersih Lantai (HCl),Tinggi
1,5,11.63,7.19,4.44,8.22,96.96,25.45,0.1175,163.4,0,Amonia (NH3),Air (H2O),Amonia (NH3) + Air (H2O),Aman
4,5,0.22,7.62,7.4,13.8,95.98,25.17,0.8186,454.8,0,Pembersih Lantai (HCl),Air (H2O),Pembersih Lantai (HCl) + Air (H2O),Aman
0,5,13.12,7.12,6.0,5.33,99.16,31.8,0.4227,140.4,0,Pemutih (NaClO),Air (H2O),Pemutih (NaClO) + Air (H2O),Aman
5,9,7.4,7.05,0.35,99.19,4.91,23.43,0.8078,361.8,2,Air (H2O),Asap Pembakaran (CO),Air (H2O) + Asap Pembakaran (CO),Tinggi
5,10,7.23,7.03,0.2,102.59,99.5,38.96,0.0693,255.4,2,Air (H2O),Gas LPG (Propana/Butana),Air (H2O) + Gas LPG (Propana/Butana),Tinggi
2,4,2.49,1.44,1.06,8.16,9.38,37.89,0.2677,234.8,2,Cuka (CH3COOH),Pembersih Lantai (HCl),Cuka (CH3COOH) + Pembersih Lantai (HCl),Tinggi
3,4,6.39,0.59,5.8,12.3,9.38,28.58,0.5856,284.5,0,Sabun Cuci Piring,Pembersih Lantai (HCl),Sabun Cuci Piring + Pembersih Lantai (HCl),Aman
2,4,2.84,0.84,2.0,5.87,13.34,27.76,0.796,187.6,1,Cuka (CH3COOH),Pembersih Lantai (HCl),Cuka (CH3COOH) + Pembersih Lantai (HCl),Sedang
0,3,12.39,6.74,5.65,3.68,15.92,36.15,0.2463,78.5,1,Pemutih (NaClO),Sabun Cuci Piring,Pemutih (NaClO) + Sabun Cuci Piring,Sedang
0,5,13.13,7.11,6.02,5.72,96.78,24.66,0.8644,189.2,0,Pemutih (NaClO),Air (H2O),Pemutih (NaClO) + Air (H2O),Aman
5,10,7.18,6.82,0.36,102.08,97.68,36.06,0.4153,177.6,2,Air (H2O),Gas LPG (Propana/Butana),Air (H2O) + Gas LPG (Propana/Butana),Tinggi
1,3,11.04,6.73,4.32,12.49,11.8,20.5,0.0039,152.2,0,Amonia (NH3),Sabun Cuci Piring,Amonia (NH3) + Sabun Cuci Piring,Aman
1,5,11.73,6.71,5.02,14.03,101.12,36.47,0.857,236.8,0,Amonia (NH3),Air (H2O),Amonia (NH3) + Air (H2O),Aman
2,5,2.42,7.37,4.95,3.48,98.04,31.92,0.0897,201.8,0,Cuka (CH3COOH),Air (H2O),Cuka (CH3COOH) + Air (H2O),Aman
0,1,12.16,11.42,0.74,4.83,12.3,33.29,0.7088,130.0,2,Pemutih (NaClO),Amonia (NH3),Pemutih (NaClO) + Amonia (NH3),Tinggi
0,2,12.67,2.86,9.81,5.82,3.89,37.07,0.7374,447.0,2,Pemutih (NaClO),Cuka (CH3COOH),Pemutih (NaClO) + Cuka (CH3COOH),Tinggi
0,4,11.96,1.16,10.79,1.78,8.61,21.73,0.0014,252.3,2,Pemutih (NaClO),Pembersih Lantai (HCl),Pemutih (NaClO) + Pembersih Lantai (HCl),Tinggi
0,2,12.35,2.26,10.09,3.46,4.0,35.86,0.9058,488.8,2,Pemutih (NaClO),Cuka (CH3COOH),Pemutih (NaClO) + Cuka (CH3COOH),Tinggi
0,6,11.99,6.83,5.16,2.89,70.86,34.74,0.4534,495.2,2,Pemutih (NaClO),Alkohol (Etanol),Pemutih (NaClO) + Alkohol (Etanol),Tinggi
3,4,6.54,1.2,5.33,18.02,5.73,28.0,0.7783,473.5,0,Sabun Cuci Piring,Pembersih Lantai (HCl),Sabun Cuci Piring + Pembersih Lantai (HCl),Aman
0,1,12.25,11.02,1.23,7.55,10.4,26.34,0.4674,178.5,2,Pemutih (NaClO),Amonia (NH3),Pemutih (NaClO) + Amonia (NH3),Tinggi
2,3,2.67,6.34,3.67,8.72,17.32,35.77,0.8181,481.1,2,Cuka (CH3COOH),Sabun Cuci Piring,Cuka (CH3COOH) + Sabun Cuci Piring,Tinggi
5,9,6.89,6.85,0.04,99.78,12.88,38.65,0.8595,369.4,2,Air (H2O),Asap Pembakaran (CO),Air (H2O) + Asap Pembakaran (CO),Tinggi
2,3,2.18,7.01,4.84,6.51,16.64,39.24,0.2899,433.8,1,Cuka (CH3COOH),Sabun Cuci Piring,Cuka (CH3COOH) + Sabun Cuci Piring,Sedang
7,8,13.68,7.11,6.56,19.2,97.94,39.36,0.9147,125.1,2,Basa Kuat (NaOH),Aluminium Foil (Al),Basa Kuat (NaOH) + Aluminium Foil (Al),Tinggi
1,4,11.52,0.41,11.11,11.9,9.05,28.03,0.8551,244.4,1,Amonia (NH3),Pembersih Lantai (HCl),Amonia (NH3) + Pembersih Lantai (HCl),Sedang
1,3,11.57,7.22,4.35,7.18,16.61,21.44,0.909,481.0,0,Amonia (NH3),Sabun Cuci Piring,Amonia (NH3) + Sabun Cuci Piring,Aman
1,4,11.16,0.67,10.48,11.29,8.21,23.05,0.264,242.4,1,Amonia (NH3),Pembersih Lantai (HCl),Amonia (NH3) + Pembersih Lantai (HCl),Sedang
0,2,12.34,2.34,10.0,4.59,7.24,35.38,0.2656,395.3,2,Pemutih (NaClO),Cuka (CH3COOH),Pemutih (NaClO) + Cuka (CH3COOH),Tinggi
0,4,12.54,1.64,10.9,4.88,12.46,29.54,0.8349,390.1,2,Pemutih (NaClO),Pembersih Lantai (HCl),Pemutih (NaClO) + Pembersih Lantai (HCl),Tinggi
1,2,11.11,2.74,8.37,7.09,4.16,21.05,0.231,410.9,1,Amonia (NH3),Cuka (CH3COOH),Amonia (NH3) + Cuka (CH3COOH),Sedang
0,3,12.38,6.66,5.71,3.6,13.09,38.22,0.6153,235.4,2,Pemutih (NaClO),Sabun Cuci Piring,Pemutih (NaClO) + Sabun Cuci Piring,Tinggi
5,6,6.97,6.86,0.11,104.0,72.28,32.98,0.6981,337.2,0,Air (H2O),Alkohol (Etanol),Air (H2O) + Alkohol (Etanol),Aman
0,5,12.48,6.81,5.67,2.53,100.08,20.99,0.5693,222.2,0,Pemutih (NaClO),Air (H2O),Pemutih (NaClO) + Air (H2O),Aman
0,5,12.4,7.04,5.36,5.59,100.5,31.33,0.7633,111.4,0,Pemutih (NaClO),Air (H2O),Pemutih (NaClO) + Air (H2O),Aman
2,5,2.69,6.36,3.67,0.5,97.42,33.55,0.7026,480.2,0,Cuka (CH3COOH),Air (H2O),Cuka (CH3COOH) + Air (H2O),Aman
0,1,12.68,11.59,1.1,4.57,12.06,37.01,0.4143,100.6,2,Pemutih (NaClO),Amonia (NH3),Pemutih (NaClO) + Amonia (NH3),Tinggi
1,5,11.97,6.88,5.1,12.42,95.51,36.56,0.7712,67.5,0,Amonia (NH3),Air (H2O),Amonia (NH3) + Air (H2O),Aman
5,6,6.9,6.4,0.51,98.24,72.65,37.55,0.0403,412.2,0,Air (H2O),Alkohol (Etanol),Air (H2O) + Alkohol (Etanol),Aman
0,5,12.54,7.22,5.32,4.55,99.72,33.34,0.9116,205.5,0,Pemutih (NaClO),Air (H2O),Pemutih (NaClO) + Air (H2O),Aman
2,3,2.13,6.55,4.42,6.01,16.25,30.67,0.0002,158.6,1,Cuka (CH3COOH),Sabun Cuci Piring,Cuka (CH3COOH) + Sabun Cuci Piring,Sedang
0,4,12.43,1.1,11.33,8.1,11.58,34.8,0.3097,436.4,2,Pemutih (NaClO),Pembersih Lantai (HCl),Pemutih (NaClO) + Pembersih Lantai (HCl),Tinggi
2,5,2.13,7.29,5.16,2.89,99.29,31.72,0.5868,250.6,0,Cuka (CH3COOH),Air (H2O),Cuka (CH3COOH) + Air (H2O),Aman
3,4,7.05,1.78,5.27,14.17,11.29,20.36,0.9328,85.2,0,Sabun Cuci Piring,Pembersih Lantai (HCl),Sabun Cuci Piring + Pembersih Lantai (HCl),Aman
4,5,1.38,6.94,5.56,9.22,100.64,26.05,0.4677,172.8,0,Pembersih Lantai (HCl),Air (H2O),Pembersih Lantai (HCl) + Air (H2O),Aman
3,5,7.01,7.21,0.2,13.75,101.49,33.54,0.7785,109.0,0,Sabun Cuci Piring,Air (H2O),Sabun Cuci Piring + Air (H2O),Aman
1,3,11.51,7.24,4.27,7.21,13.79,20.27,0.0194,487.8,0,Amonia (NH3),Sabun Cuci Piring,Amonia (NH3) + Sabun Cuci Piring,Aman
0,1,12.2,10.8,1.4,5.39,12.05,25.95,0.0329,315.6,2,Pemutih (NaClO),Amonia (NH3),Pemutih (NaClO) + Amonia (NH3),Tinggi
2,5,2.33,6.98,4.66,8.26,99.77,26.19,0.3201,427.3,0,Cuka (CH3COOH),Air (H2O),Cuka (CH3COOH) + Air (H2O),Aman
5,10,7.15,6.9,0.24,97.11,101.37,28.32,0.7203,463.2,2,Air (H2O),Gas LPG (Propana/Butana),Air (H2O) + Gas LPG (Propana/Butana),Tinggi
2,5,2.17,6.64,4.47,5.87,98.97,20.22,0.701,101.0,0,Cuka (CH3COOH),Air (H2O),Cuka (CH3COOH) + Air (H2O),Aman
1,2,11.35,1.73,9.61,12.08,5.19,21.41,0.2781,196.0,1,Amonia (NH3),Cuka (CH3COOH),Amonia (NH3) + Cuka (CH3COOH),Sedang
5,10,7.48,7.05,0.43,100.22,101.71,20.1,0.9178,138.9,2,Air (H2O),Gas LPG (Propana/Butana),Air (H2O) + Gas LPG (Propana/Butana),Tinggi
1,4,11.56,0.97,10.59,10.7,9.06,34.4,0.7538,148.6,1,Amonia (NH3),Pembersih Lantai (HCl),Amonia (NH3) + Pembersih Lantai (HCl),Sedang
0,1,12.26,11.22,1.04,7.09,7.39,36.41,0.5843,278.8,2,Pemutih (NaClO),Amonia (NH3),Pemutih (NaClO) + Amonia (NH3),Tinggi
5,6,7.43,7.28,0.15,98.78,73.14,34.22,0.052,436.9,0,Air (H2O),Alkohol (Etanol),Air (H2O) + Alkohol (Etanol),Aman
0,5,12.34,7.34,5.0,3.97,102.12,22.02,0.9619,343.7,0,Pemutih (NaClO),Air (H2O),Pemutih (NaClO) + Air (H2O),Aman
0,6,12.92,6.87,6.05,1.83,70.02,35.42,0.2281,465.0,2,Pemutih (NaClO),Alkohol (Etanol),Pemutih (NaClO) + Alkohol (Etanol),Tinggi
4,5,1.09,6.86,5.78,10.67,99.61,35.15,0.8098,449.0,0,Pembersih Lantai (HCl),Air (H2O),Pembersih Lantai (HCl) + Air (H2O),Aman
7,8,14.02,6.66,7.35,19.7,101.02,22.25,0.934,132.6,2,Basa Kuat (NaOH),Aluminium Foil (Al),Basa Kuat (NaOH) + Aluminium Foil (Al),Tinggi
5,10,7.12,7.15,0.03,99.09,102.98,22.07,0.1074,95.5,2,Air (H2O),Gas LPG (Propana/Butana),Air (H2O) + Gas LPG (Propana/Butana),Tinggi
2,5,2.69,6.91,4.22,3.91,99.25,39.44,0.8593,99.5,0,Cuka (CH3COOH),Air (H2O),Cuka (CH3COOH) + Air (H2O),Aman
3,4,6.77,1.29,5.48,13.48,10.22,37.75,0.3679,114.3,0,Sabun Cuci Piring,Pembersih Lantai (HCl),Sabun Cuci Piring + Pembersih Lantai (HCl),Aman
1,5,11.53,6.69,4.84,8.45,103.8,25.69,0.0471,350.8,0,Amonia (NH3),Air (H2O),Amonia (NH3) + Air (H2O),Aman
0,1,12.43,11.62,0.82,5.72,10.64,38.08,0.3207,298.6,2,Pemutih (NaClO),Amonia (NH3),Pemutih (NaClO) + Amonia (NH3),Tinggi
3,5,6.49,6.73,0.24,16.99,98.9,34.9,0.0797,71.9,0,Sabun Cuci Piring,Air (H2O),Sabun Cuci Piring + Air (H2O),Aman
2,5,2.38,7.04,4.67,3.38,103.78,22.09,0.881,287.4,0,Cuka (CH3COOH),Air (H2O),Cuka (CH3COOH) + Air (H2O),Aman
4,5,1.02,7.16,6.15,6.05,101.36,21.29,0.6428,314.5,0,Pembersih Lantai (HCl),Air (H2O),Pembersih Lantai (HCl) + Air (H2O),Aman
1,3,11.23,7.1,4.13,5.46,14.58,28.61,0.2747,449.5,0,Amonia (NH3),Sabun Cuci Piring,Amonia (NH3) + Sabun Cuci Piring,Aman
5,6,6.25,6.85,0.59,101.74,68.02,23.03,0.4418,396.8,0,Air (H2O),Alkohol (Etanol),Air (H2O) + Alkohol (Etanol),Aman
5,6,7.19,6.98,0.21,100.21,69.36,24.92,0.5321,267.1,0,Air (H2O),Alkohol (Etanol),Air (H2O) + Alkohol (Etanol),Aman
1,3,11.26,7.18,4.08,8.85,13.77,31.47,0.2152,437.7,0,Amonia (NH3),Sabun Cuci Piring,Amonia (NH3) + Sabun Cuci Piring,Aman
1,5,11.22,6.44,4.78,12.58,100.07,22.56,0.1229,328.8,0,Amonia (NH3),Air (H2O),Amonia (NH3) + Air (H2O),Aman
3,5,7.0,6.82,0.18,14.66,100.89,30.89,0.1684,392.2,0,Sabun Cuci Piring,Air (H2O),Sabun Cuci Piring + Air (H2O),Aman
0,5,12.27,6.73,5.54,6.98,102.08,33.1,0.3901,137.5,0,Pemutih (NaClO),Air (H2O),Pemutih (NaClO) + Air (H2O),Aman
1,4,11.59,1.2,10.39,7.42,10.66,32.67,0.0995,321.9,1,Amonia (NH3),Pembersih Lantai (HCl),Amonia (NH3) + Pembersih Lantai (HCl),Sedang
5,10,7.25,6.67,0.58,99.15,97.91,33.68,0.5018,400.1,2,Air (H2O),Gas LPG (Propana/Butana),Air (H2O) + Gas LPG (Propana/Butana),Tinggi
0,2,12.32,2.0,10.32,2.77,7.39,33.0,0.0247,414.6,2,Pemutih (NaClO),Cuka (CH3COOH),Pemutih (NaClO) + Cuka (CH3COOH),Tinggi
2,3,2.78,6.56,3.78,4.47,15.44,23.01,0.469,277.0,1,Cuka (CH3COOH),Sabun Cuci Piring,Cuka (CH3COOH) + Sabun Cuci Piring,Sedang
0,6,11.92,6.73,5.18,0.82,69.89,30.32,0.3048,359.6,2,Pemutih (NaClO),Alkohol (Etanol),Pemutih (NaClO) + Alkohol (Etanol),Tinggi
0,4,12.23,1.47,10.76,3.22,11.26,28.32,0.4692,215.5,2,Pemutih (NaClO),Pembersih Lantai (HCl),Pemutih (NaClO) + Pembersih Lantai (HCl),Tinggi
0,4,12.42,0.61,11.8,3.05,11.4,36.35,0.8429,284.2,0,Pemutih (NaClO),Pembersih Lantai (HCl),Pemutih (NaClO) + Pembersih Lantai (HCl),Aman
0,6,12.64,7.19,5.46,8.19,69.38,23.36,0.8336,137.8,2,Pemutih (NaClO),Alkohol (Etanol),Pemutih (NaClO) + Alkohol (Etanol),Tinggi
5,9,6.58,6.86,0.27,101.96,10.55,25.14,0.4795,215.3,2,Air (H2O),Asap Pembakaran (CO),Air (H2O) + Asap Pembakaran (CO),Tinggi
1,5,11.53,7.03,4.5,10.26,101.81,36.66,0.6982,181.1,0,Amonia (NH3),Air (H2O),Amonia (NH3) + Air (H2O),Aman
3,5,7.24,7.13,0.1,15.11,99.36,22.8,0.5442,53.6,0,Sabun Cuci Piring,Air (H2O),Sabun Cuci Piring + Air (H2O),Aman
5,6,6.23,6.97,0.74,99.63,67.8,33.57,0.4209,482.6,0,Air (H2O),Alkohol (Etanol),Air (H2O) + Alkohol (Etanol),Aman
5,10,7.24,6.44,0.8,99.53,98.21,37.22,0.0783,82.7,2,Air (H2O),Gas LPG (Propana/Butana),Air (H2O) + Gas LPG (Propana/Butana),Tinggi
1,2,11.31,2.71,8.6,10.34,0.5,33.63,0.2536,447.7,1,Amonia (NH3),Cuka (CH3COOH),Amonia (NH3) + Cuka (CH3COOH),Sedang
1,2,11.21,2.26,8.95,12.36,5.81,35.74,0.0564,216.2,1,Amonia (NH3),Cuka (CH3COOH),Amonia (NH3) + Cuka (CH3COOH),Sedang
3,4,7.37,1.67,5.7,17.45,6.84,32.81,0.2594,88.1,0,Sabun Cuci Piring,Pembersih Lantai (HCl),Sabun Cuci Piring + Pembersih Lantai (HCl),Aman
2,5,2.33,7.0,4.66,4.71,97.67,23.91,0.8267,423.8,0,Cuka (CH3COOH),Air (H2O),Cuka (CH3COOH) + Air (H2O),Aman
0,1,12.71,11.34,1.37,5.27,8.7,34.08,0.9457,234.0,2,Pemutih (NaClO),Amonia (NH3),Pemutih (NaClO) + Amonia (NH3),Tinggi
1,2,11.64,3.09,8.55,6.66,5.42,24.66,0.5736,419.7,0,Amonia (NH3),Cuka (CH3COOH),Amonia (NH3) + Cuka (CH3COOH),Aman
5,10,6.97,6.89,0.08,100.01,103.62,30.85,0.1481,385.8,1,Air (H2O),Gas LPG (Propana/Butana),Air (H2O) + Gas LPG (Propana/Butana),Sedang
0,6,12.57,7.15,5.43,8.31,71.25,33.44,0.3943,50.6,2,Pemutih (NaClO),Alkohol (Etanol),Pemutih (NaClO) + Alkohol (Etanol),Tinggi
0,5,12.26,7.01,5.25,8.18,98.86,23.84,0.84,376.2,0,Pemutih (NaClO),Air (H2O),Pemutih (NaClO) + Air (H2O),Aman
3,4,6.61,0.82,5.79,15.22,10.28,34.7,0.3046,129.2,0,Sabun Cuci Piring,Pembersih Lantai (HCl),Sabun Cuci Piring + Pembersih Lantai (HCl),Aman
0,1,12.56,11.57,0.99,5.87,11.12,32.05,0.2958,449.7,2,Pemutih (NaClO),Amonia (NH3),Pemutih (NaClO) + Amonia (NH3),Tinggi
3,5,7.33,6.94,0.39,11.18,98.9,31.32,0.1572,360.8,0,Sabun Cuci Piring,Air (H2O),Sabun Cuci Piring + Air (H2O),Aman
3,4,6.72,0.93,5.79,12.99,9.28,31.54,0.041,287.3,0,Sabun Cuci Piring,Pembersih Lantai (HCl),Sabun Cuci Piring + Pembersih Lantai (HCl),Aman
7,8,14.32,6.55,7.77,19.36,100.23,21.13,0.0239,252.5,2,Basa Kuat (NaOH),Aluminium Foil (Al),Basa Kuat (NaOH) + Aluminium Foil (Al),Tinggi
0,2,12.71,2.89,9.83,2.62,3.81,22.4,0.4835,358.4,2,Pemutih (NaClO),Cuka (CH3COOH),Pemutih (NaClO) + Cuka (CH3COOH),Tinggi
3,4,7.25,1.29,5.96,16.18,11.46,33.39,0.477,339.0,0,Sabun Cuci Piring,Pembersih Lantai (HCl),Sabun Cuci Piring + Pembersih Lantai (HCl),Aman
7,8,13.97,7.01,6.96,17.9,97.7,34.53,0.8358,236.8,2,Basa Kuat (NaOH),Aluminium Foil (Al),Basa Kuat (NaOH) + Aluminium Foil (Al),Tinggi
0,5,12.51,7.22,5.29,5.02,100.66,25.83,0.2669,468.3,0,Pemutih (NaClO),Air (H2O),Pemutih (NaClO) + Air (H2O),Aman
0,6,12.55,6.92,5.64,4.27,74.78,34.94,0.3117,187.8,2,Pemutih (NaClO),Alkohol (Etanol),Pemutih (NaClO) + Alkohol (Etanol),Tinggi
2,4,2.56,1.29,1.27,3.71,10.86,22.54,0.4619,430.2,1,Cuka (CH3COOH),Pembersih Lantai (HCl),Cuka (CH3COOH) + Pembersih Lantai (HCl),Sedang
0,1,12.37,11.46,0.91,6.48,12.56,20.62,0.5542,392.9,2,Pemutih (NaClO),Amonia (NH3),Pemutih (NaClO) + Amonia (NH3),Tinggi
1,4,11.41,0.54,10.87,9.81,9.33,21.45,0.9541,150.5,0,Amonia (NH3),Pembersih Lantai (HCl),Amonia (NH3) + Pembersih Lantai (HCl),Aman
0,5,12.72,7.04,5.69,4.75,98.8,21.1,0.4216,368.4,0,Pemutih (NaClO),Air (H2O),Pemutih (NaClO) + Air (H2O),Aman
1,2,11.55,2.81,8.74,6.86,2.73,30.33,0.727,310.9,1,Amonia (NH3),Cuka (CH3COOH),Amonia (NH3) + Cuka (CH3COOH),Sedang
0,3,12.4,6.44,5.96,6.02,13.55,31.99,0.1713,383.7,1,Pemutih (NaClO),Sabun Cuci Piring,Pemutih (NaClO) + Sabun Cuci Piring,Sedang
0,1,13.31,11.74,1.57,4.69,7.88,33.39,0.9614,321.2,2,Pemutih (NaClO),Amonia (NH3),Pemutih (NaClO) + Amonia (NH3),Tinggi
3,5,7.46,6.77,0.69,13.48,100.42,33.19,0.6247,177.1,0,Sabun Cuci Piring,Air (H2O),Sabun Cuci Piring + Air (H2O),Aman
0,5,12.2,7.25,4.95,5.06,103.63,26.49,0.3342,61.6,0,Pemutih (NaClO),Air (H2O),Pemutih (NaClO) + Air (H2O),Aman
5,10,7.06,7.18,0.13,99.21,103.16,25.77,0.6385,179.1,2,Air (H2O),Gas LPG (Propana/Butana),Air (H2O) + Gas LPG (Propana/Butana),Tinggi
1,3,11.21,7.48,3.73,10.0,17.37,25.27,0.9546,321.6,0,Amonia (NH3),Sabun Cuci Piring,Amonia (NH3) + Sabun Cuci Piring,Aman
1,4,11.28,0.9,10.39,9.02,8.77,22.14,0.7195,434.6,1,Amonia (NH3),Pembersih Lantai (HCl),Amonia (NH3) + Pembersih Lantai (HCl),Sedang
0,4,12.38,1.71,10.67,4.04,7.05,29.19,0.3625,314.0,2,Pemutih (NaClO),Pembersih Lantai (HCl),Pemutih (NaClO) + Pembersih Lantai (HCl),Tinggi
5,10,6.62,6.54,0.08,100.29,101.74,28.24,0.7276,253.2,2,Air (H2O),Gas LPG (Propana/Butana),Air (H2O) + Gas LPG (Propana/Butana),Tinggi
0,4,12.06,0.5,11.56,4.48,7.4,22.51,0.8136,66.1,2,Pemutih (NaClO),Pembersih Lantai (HCl),Pemutih (NaClO) + Pembersih Lantai (HCl),Tinggi
2,5,2.22,7.46,5.24,9.48,98.12,37.38,0.5683,247.8,0,Cuka (CH3COOH),Air (H2O),Cuka (CH3COOH) + Air (H2O),Aman
0,2,12.65,2.39,10.25,6.79,5.94,20.67,0.9128,103.3,2,Pemutih (NaClO),Cuka (CH3COOH),Pemutih (NaClO) + Cuka (CH3COOH),Tinggi
1,2,10.93,2.94,7.98,7.76,5.08,33.23,0.8819,234.2,0,Amonia (NH3),Cuka (CH3COOH),Amonia (NH3) + Cuka (CH3COOH),Aman
5,9,7.09,6.99,0.1,97.7,9.09,25.96,0.5997,399.4,2,Air (H2O),Asap Pembakaran (CO),Air (H2O) + Asap Pembakaran (CO),Tinggi
1,2,12.12,2.67,9.44,10.18,6.95,27.74,0.6472,70.1,1,Amonia (NH3),Cuka (CH3COOH),Amonia (NH3) + Cuka (CH3COOH),Sedang
2,3,2.42,7.86,5.43,5.06,13.18,34.64,0.3838,475.2,1,Cuka (CH3COOH),Sabun Cuci Piring,Cuka (CH3COOH) + Sabun Cuci Piring,Sedang
3,5,7.06,6.87,0.19,13.9,101.59,29.66,0.8965,492.2,0,Sabun Cuci Piring,Air (H2O),Sabun Cuci Piring + Air (H2O),Aman
5,6,7.21,7.23,0.02,96.59,68.21,29.57,0.0447,189.3,0,Air (H2O),Alkohol (Etanol),Air (H2O) + Alkohol (Etanol),Aman
2,5,2.36,7.49,5.13,6.16,102.1,33.59,0.609,396.0,0,Cuka (CH3COOH),Air (H2O),Cuka (CH3COOH) + Air (H2O),Aman
0,5,12.9,7.28,5.62,4.57,98.12,23.57,0.0796,473.2,0,Pemutih (NaClO),Air (H2O),Pemutih (NaClO) + Air (H2O),Aman
0,1,12.23,11.85,0.38,5.54,8.35,39.55,0.0374,250.3,2,Pemutih (NaClO),Amonia (NH3),Pemutih (NaClO) + Amonia (NH3),Tinggi
5,9,6.86,6.89,0.02,103.92,11.68,38.09,0.9688,496.4,2,Air (H2O),Asap Pembakaran (CO),Air (H2O) + Asap Pembakaran (CO),Tinggi
0,2,12.52,2.79,9.73,3.8,5.28,33.39,0.8316,117.6,2,Pemutih (NaClO),Cuka (CH3COOH),Pemutih (NaClO) + Cuka (CH3COOH),Tinggi
5,10,7.27,7.48,0.22,96.9,101.12,38.72,0.234,88.0,1,Air (H2O),Gas LPG (Propana/Butana),Air (H2O) + Gas LPG (Propana/Butana),Sedang
2,3,2.42,6.98,4.57,4.52,16.34,25.41,0.8047,327.0,0,Cuka (CH3COOH),Sabun Cuci Piring,Cuka (CH3COOH) + Sabun Cuci Piring,Aman
5,6,6.85,7.25,0.4,95.95,69.61,33.2,0.137,359.1,0,Air (H2O),Alkohol (Etanol),Air (H2O) + Alkohol (Etanol),Aman
2,3,2.24,6.8,4.56,3.55,14.3,29.11,0.9084,97.0,0,Cuka (CH3COOH),Sabun Cuci Piring,Cuka (CH3COOH) + Sabun Cuci Piring,Aman
4,5,1.39,6.79,5.4,10.25,101.56,25.15,0.6935,67.9,0,Pembersih Lantai (HCl),Air (H2O),Pembersih Lantai (HCl) + Air (H2O),Aman
0,6,11.76,7.17,4.59,4.34,72.22,26.01,0.8033,172.4,2,Pemutih (NaClO),Alkohol (Etanol),Pemutih (NaClO) + Alkohol (Etanol),Tinggi
2,4,2.38,1.39,0.99,7.47,9.98,24.6,0.4061,421.8,1,Cuka (CH3COOH),Pembersih Lantai (HCl),Cuka (CH3COOH) + Pembersih Lantai (HCl),Sedang
5,9,7.37,6.85,0.53,100.3,8.8,37.49,0.851,399.7,2,Air (H2O),Asap Pembakaran (CO),Air (H2O) + Asap Pembakaran (CO),Tinggi
0,3,12.58,6.87,5.72,4.87,13.7,36.12,0.2714,262.2,2,Pemutih (NaClO),Sabun Cuci Piring,Pemutih (NaClO) + Sabun Cuci Piring,Tinggi
1,3,11.0,6.69,4.31,11.95,16.25,24.69,0.4806,298.3,0,Amonia (NH3),Sabun Cuci Piring,Amonia (NH3) + Sabun Cuci Piring,Aman
5,6,6.85,7.17,0.32,96.02,67.43,24.82,0.1299,371.9,0,Air (H2O),Alkohol (Etanol),Air (H2O) + Alkohol (Etanol),Aman
1,4,10.96,1.35,9.6,11.25,7.15,29.72,0.3138,113.8,1,Amonia (NH3),Pembersih Lantai (HCl),Amonia (NH3) + Pembersih Lantai (HCl),Sedang
0,6,11.76,7.27,4.49,4.75,71.91,37.01,0.2297,157.9,2,Pemutih (NaClO),Alkohol (Etanol),Pemutih (NaClO) + Alkohol (Etanol),Tinggi
5,9,6.95,7.24,0.29,99.2,8.38,34.96,0.1135,161.4,2,Air (H2O),Asap Pembakaran (CO),Air (H2O) + Asap Pembakaran (CO),Tinggi
0,3,12.63,7.38,5.25,3.97,14.75,23.97,0.4948,384.0,1,Pemutih (NaClO),Sabun Cuci Piring,Pemutih (NaClO) + Sabun Cuci Piring,Sedang
1,5,11.5,6.89,4.61,10.59,99.23,26.62,0.7403,190.7,0,Amonia (NH3),Air (H2O),Amonia (NH3) + Air (H2O),Aman
3,5,7.1,6.76,0.34,16.76,97.13,25.67,0.0002,107.1,0,Sabun Cuci Piring,Air (H2O),Sabun Cuci Piring + Air (H2O),Aman
0,6,12.61,7.02,5.58,6.48,68.59,27.47,0.6815,78.6,2,Pemutih (NaClO),Alkohol (Etanol),Pemutih (NaClO) + Alkohol (Etanol),Tinggi
1,4,11.43,1.3,10.13,8.35,13.3,28.06,0.0362,298.0,1,Amonia (NH3),Pembersih Lantai (HCl),Amonia (NH3) + Pembersih Lantai (HCl),Sedang
5,9,6.66,6.75,0.09,100.98,9.54,30.68,0.8238,96.4,2,Air (H2O),Asap Pembakaran (CO),Air (H2O) + Asap Pembakaran (CO),Tinggi
1,3,11.07,6.5,4.58,11.14,13.28,35.67,0.9628,107.0,0,Amonia (NH3),Sabun Cuci Piring,Amonia (NH3) + Sabun Cuci Piring,Aman
1,4,11.31,0.78,10.53,13.07,12.43,33.19,0.9097,492.1,1,Amonia (NH3),Pembersih Lantai (HCl),Amonia (NH3) + Pembersih Lantai (HCl),Sedang
2,5,1.82,7.1,5.28,3.47,99.08,37.47,0.395,200.8,0,Cuka (CH3COOH),Air (H2O),Cuka (CH3COOH) + Air (H2O),Aman
4,5,1.52,7.23,5.71,12.49,98.56,31.34,0.6836,51.3,0,Pembersih Lantai (HCl),Air (H2O),Pembersih Lantai (HCl) + Air (H2O),Aman
7,8,13.83,6.89,6.94,23.03,97.74,21.17,0.3054,120.9,2,Basa Kuat (NaOH),Aluminium Foil (Al),Basa Kuat (NaOH) + Aluminium Foil (Al),Tinggi
3,5,7.04,6.29,0.75,15.08,99.37,31.26,0.3134,182.8,0,Sabun Cuci Piring,Air (H2O),Sabun Cuci Piring + Air (H2O),Aman
0,2,12.23,2.4,9.83,6.39,0.94,31.79,0.5251,141.3,2,Pemutih (NaClO),Cuka (CH3COOH),Pemutih (NaClO) + Cuka (CH3COOH),Tinggi
7,8,14.57,6.86,7.72,22.49,101.74,27.2,0.6678,68.3,2,Basa Kuat (NaOH),Aluminium Foil (Al),Basa Kuat (NaOH) + Aluminium Foil (Al),Tinggi
3,4,6.93,0.94,5.99,13.7,8.48,26.55,0.2102,274.0,0,Sabun Cuci Piring,Pembersih Lantai (HCl),Sabun Cuci Piring + Pembersih Lantai (HCl),Aman
0,3,12.19,7.39,4.8,7.61,11.84,22.16,0.0696,315.0,1,Pemutih (NaClO),Sabun Cuci Piring,Pemutih (NaClO) + Sabun Cuci Piring,Sedang
1,3,11.75,7.18,4.57,7.64,15.8,35.94,0.1276,456.5,0,Amonia (NH3),Sabun Cuci Piring,Amonia (NH3) + Sabun Cuci Piring,Aman
0,3,12.37,7.06,5.3,6.0,15.02,23.79,0.7713,428.6,1,Pemutih (NaClO),Sabun Cuci Piring,Pemutih (NaClO) + Sabun Cuci Piring,Sedang
1,2,11.49,2.38,9.12,8.05,6.32,30.27,0.2403,106.1,1,Amonia (NH3),Cuka (CH3COOH),Amonia (NH3) + Cuka (CH3COOH),Sedang
5,9,6.95,7.2,0.25,101.0,12.52,21.57,0.1719,76.7,2,Air (H2O),Asap Pembakaran (CO),Air (H2O) + Asap Pembakaran (CO),Tinggi
1,2,11.69,2.18,9.52,13.59,5.74,34.09,0.5586,456.6,1,Amonia (NH3),Cuka (CH3COOH),Amonia (NH3) + Cuka (CH3COOH),Sedang
7,8,13.94,7.44,6.5,19.39,102.69,38.82,0.4864,258.2,2,Basa Kuat (NaOH),Aluminium Foil (Al),Basa Kuat (NaOH) + Aluminium Foil (Al),Tinggi
0,3,12.49,7.38,5.11,6.04,14.86,35.25,0.8334,206.6,2,Pemutih (NaClO),Sabun Cuci Piring,Pemutih (NaClO) + Sabun Cuci Piring,Tinggi
3,5,7.48,7.03,0.45,14.46,96.91,28.95,0.7899,328.3,0,Sabun Cuci Piring,Air (H2O),Sabun Cuci Piring + Air (H2O),Aman
0,1,12.74,12.19,0.56,8.9,9.51,29.38,0.2938,174.8,2,Pemutih (NaClO),Amonia (NH3),Pemutih (NaClO) + Amonia (NH3),Tinggi
1,3,11.77,7.13,4.65,7.42,15.12,25.16,0.4915,489.0,0,Amonia (NH3),Sabun Cuci Piring,Amonia (NH3) + Sabun Cuci Piring,Aman
0,3,12.78,7.21,5.57,5.41,13.42,34.08,0.5897,252.5,1,Pemutih (NaClO),Sabun Cuci Piring,Pemutih (NaClO) + Sabun Cuci Piring,Sedang
7,8,14.33,7.71,6.62,21.53,100.0,29.09,0.2093,51.7,2,Basa Kuat (NaOH),Aluminium Foil (Al),Basa Kuat (NaOH) + Aluminium Foil (Al),Tinggi
0,3,12.17,6.96,5.22,3.17,10.74,20.96,0.7754,306.8,1,Pemutih (NaClO),Sabun Cuci Piring,Pemutih (NaClO) + Sabun Cuci Piring,Sedang
0,4,12.72,1.07,11.65,3.99,5.4,28.38,0.7833,170.8,2,Pemutih (NaClO),Pembersih Lantai (HCl),Pemutih (NaClO) + Pembersih Lantai (HCl),Tinggi
0,5,12.61,6.61,6.01,3.48,99.21,21.28,0.8624,482.7,0,Pemutih (NaClO),Air (H2O),Pemutih (NaClO) + Air (H2O),Aman
0,4,12.34,1.06,11.28,7.45,8.21,34.95,0.053,294.3,2,Pemutih (NaClO),Pembersih Lantai (HCl),Pemutih (NaClO) + Pembersih Lantai (HCl),Tinggi
0,1,12.58,11.4,1.18,7.21,10.4,33.47,0.115,362.7,2,Pemutih (NaClO),Amonia (NH3),Pemutih (NaClO) + Amonia (NH3),Tinggi
2,5,2.47,7.09,4.62,2.46,103.07,39.24,0.9015,171.7,0,Cuka (CH3COOH),Air (H2O),Cuka (CH3COOH) + Air (H2O),Aman
5,10,7.28,7.35,0.07,101.82,96.88,30.45,0.782,120.0,2,Air (H2O),Gas LPG (Propana/Butana),Air (H2O) + Gas LPG (Propana/Butana),Tinggi
0,5,12.55,7.09,5.45,5.29,99.83,35.32,0.0915,281.2,0,Pemutih (NaClO),Air (H2O),Pemutih (NaClO) + Air (H2O),Aman
0,3,12.26,6.45,5.81,4.19,16.4,22.79,0.0223,441.1,1,Pemutih (NaClO),Sabun Cuci Piring,Pemutih (NaClO) + Sabun Cuci Piring,Sedang
3,5,6.74,6.82,0.09,16.55,100.36,33.03,0.7126,359.6,0,Sabun Cuci Piring,Air (H2O),Sabun Cuci Piring + Air (H2O),Aman
3,5,6.76,6.61,0.16,14.0,94.82,23.26,0.4891,407.2,0,Sabun Cuci Piring,Air (H2O),Sabun Cuci Piring + Air (H2O),Aman
5,10,7.44,6.91,0.53,99.17,100.06,33.6,0.6352,459.3,0,Air (H2O),Gas LPG (Propana/Butana),Air (H2O) + Gas LPG (Propana/Butana),Aman
2,3,2.25,6.88,4.63,5.42,17.92,37.75,0.4708,445.2,1,Cuka (CH3COOH),Sabun Cuci Piring,Cuka (CH3COOH) + Sabun Cuci Piring,Sedang
2,3,2.65,7.16,4.51,1.59,16.96,36.91,0.1155,486.2,2,Cuka (CH3COOH),Sabun Cuci Piring,Cuka (CH3COOH) + Sabun Cuci Piring,Tinggi
4,5,0.86,7.06,6.2,6.57,96.84,31.87,0.772,422.7,0,Pembersih Lantai (HCl),Air (H2O),Pembersih Lantai (HCl) + Air (H2O),Aman
1,4,12.38,0.69,11.69,11.62,10.66,38.38,0.8999,251.7,1,Amonia (NH3),Pembersih Lantai (HCl),Amonia (NH3) + Pembersih Lantai (HCl),Sedang
0,6,12.86,6.62,6.24,3.72,68.25,25.88,0.2158,121.4,2,Pemutih (NaClO),Alkohol (Etanol),Pemutih (NaClO) + Alkohol (Etanol),Tinggi
0,6,12.82,6.97,5.85,4.61,66.99,35.26,0.5131,351.8,2,Pemutih (NaClO),Alkohol (Etanol),Pemutih (NaClO) + Alkohol (Etanol),Tinggi
0,5,11.86,7.12,4.74,5.59,103.33,30.41,0.6554,238.3,0,Pemutih (NaClO),Air (H2O),Pemutih (NaClO) + Air (H2O),Aman
2,4,2.3,1.06,1.23,4.93,12.1,29.76,0.1548,216.3,1,Cuka (CH3COOH),Pembersih Lantai (HCl),Cuka (CH3COOH) + Pembersih Lantai (HCl),Sedang
0,1,12.57,11.48,1.09,6.76,10.31,35.18,0.5115,339.8,2,Pemutih (NaClO),Amonia (NH3),Pemutih (NaClO) + Amonia (NH3),Tinggi
0,4,12.37,1.21,11.16,1.95,11.43,33.74,0.6742,149.7,2,Pemutih (NaClO),Pembersih Lantai (HCl),Pemutih (NaClO) + Pembersih Lantai (HCl),Tinggi
0,5,12.44,7.42,5.02,6.78,98.79,32.13,0.6043,422.2,0,Pemutih (NaClO),Air (H2O),Pemutih (NaClO) + Air (H2O),Aman
7,8,13.42,6.99,6.43,24.21,103.67,38.54,0.5886,233.5,2,Basa Kuat (NaOH),Aluminium Foil (Al),Basa Kuat (NaOH) + Aluminium Foil (Al),Tinggi
0,3,12.21,6.19,6.03,2.98,15.0,37.94,0.3948,479.0,1,Pemutih (NaClO),Sabun Cuci Piring,Pemutih (NaClO) + Sabun Cuci Piring,Sedang
1,3,12.1,7.55,4.55,10.0,13.91,34.14,0.1775,163.5,0,Amonia (NH3),Sabun Cuci Piring,Amonia (NH3) + Sabun Cuci Piring,Aman
2,4,3.28,1.0,2.28,10.92,11.6,22.97,0.3988,457.0,2,Cuka (CH3COOH),Pembersih Lantai (HCl),Cuka (CH3COOH) + Pembersih Lantai (HCl),Tinggi
3,5,6.48,7.24,0.76,11.74,102.12,21.74,0.223,134.6,0,Sabun Cuci Piring,Air (H2O),Sabun Cuci Piring + Air (H2O),Aman
1,2,11.45,2.74,8.71,8.81,4.66,29.19,0.3499,332.4,1,Amonia (NH3),Cuka (CH3COOH),Amonia (NH3) + Cuka (CH3COOH),Sedang
0,1,12.51,12.01,0.5,5.06,6.55,21.36,0.7236,412.7,2,Pemutih (NaClO),Amonia (NH3),Pemutih (NaClO) + Amonia (NH3),Tinggi
3,5,7.03,7.36,0.34,16.9,99.64,33.83,0.8833,273.1,0,Sabun Cuci Piring,Air (H2O),Sabun Cuci Piring + Air (H2O),Aman
0,2,12.62,2.7,9.92,3.95,2.36,28.08,0.2147,210.2,2,Pemutih (NaClO),Cuka (CH3COOH),Pemutih (NaClO) + Cuka (CH3COOH),Tinggi
0,5,12.63,7.0,5.63,5.73,99.17,25.63,0.4807,251.6,0,Pemutih (NaClO),Air (H2O),Pemutih (NaClO) + Air (H2O),Aman
0,5,12.02,6.43,5.59,8.38,103.09,21.08,0.5165,277.1,0,Pemutih (NaClO),Air (H2O),Pemutih (NaClO) + Air (H2O),Aman
0,4,12.8,1.25,11.55,6.53,9.93,23.94,0.7773,424.4,2,Pemutih (NaClO),Pembersih Lantai (HCl),Pemutih (NaClO) + Pembersih Lantai (HCl),Tinggi
5,9,6.88,7.0,0.12,97.84,8.72,33.43,0.5232,454.4,2,Air (H2O),Asap Pembakaran (CO),Air (H2O) + Asap Pembakaran (CO),Tinggi
0,1,12.49,11.86,0.63,6.78,10.17,20.74,0.5353,367.2,2,Pemutih (NaClO),Amonia (NH3),Pemutih (NaClO) + Amonia (NH3),Tinggi
1,5,11.82,6.61,5.21,8.63,102.33,31.33,0.4718,273.1,0,Amonia (NH3),Air (H2O),Amonia (NH3) + Air (H2O),Aman
0,4,12.35,1.51,10.84,6.43,10.61,28.07,0.137,278.0,2,Pemutih (NaClO),Pembersih Lantai (HCl),Pemutih (NaClO) + Pembersih Lantai (HCl),Tinggi
1,3,11.55,6.66,4.9,5.75,14.81,35.06,0.282,148.5,0,Amonia (NH3),Sabun Cuci Piring,Amonia (NH3) + Sabun Cuci Piring,Aman
0,2,12.83,2.41,10.43,4.5,4.36,26.93,0.6546,369.2,2,Pemutih (NaClO),Cuka (CH3COOH),Pemutih (NaClO) + Cuka (CH3COOH),Tinggi
0,6,12.69,6.6,6.09,4.17,66.16,26.03,0.968,366.3,2,Pemutih (NaClO),Alkohol (Etanol),Pemutih (NaClO) + Alkohol (Etanol),Tinggi
3,5,6.56,6.8,0.24,12.34,102.34,26.86,0.4107,374.2,0,Sabun Cuci Piring,Air (H2O),Sabun Cuci Piring + Air (H2O),Aman
0,5,12.73,7.05,5.68,5.01,98.82,20.98,0.5735,434.1,0,Pemutih (NaClO),Air (H2O),Pemutih (NaClO) + Air (H2O),Aman
0,2,12.33,2.48,9.85,5.39,6.07,38.4,0.4703,63.0,2,Pemutih (NaClO),Cuka (CH3COOH),Pemutih (NaClO) + Cuka (CH3COOH),Tinggi
1,5,11.03,6.92,4.11,8.28,100.47,36.71,0.7839,420.9,0,Amonia (NH3),Air (H2O),Amonia (NH3) + Air (H2O),Aman
1,2,11.7,2.43,9.27,13.88,6.71,22.68,0.6715,52.0,2,Amonia (NH3),Cuka (CH3COOH),Amonia (NH3) + Cuka (CH3COOH),Tinggi
2,5,2.62,6.59,3.96,2.75,97.03,28.86,0.0342,193.8,0,Cuka (CH3COOH),Air (H2O),Cuka (CH3COOH) + Air (H2O),Aman
5,9,6.63,6.88,0.25,99.78,8.65,27.91,0.1747,432.0,2,Air (H2O),Asap Pembakaran (CO),Air (H2O) + Asap Pembakaran (CO),Tinggi
5,6,6.77,7.04,0.27,99.17,68.32,38.87,0.3651,460.7,0,Air (H2O),Alkohol (Etanol),Air (H2O) + Alkohol (Etanol),Aman
5,6,7.12,7.23,0.11,101.01,65.6,22.23,0.1477,242.7,0,Air (H2O),Alkohol (Etanol),Air (H2O) + Alkohol (Etanol),Aman
1,5,11.52,7.1,4.42,9.5,100.46,34.7,0.1105,437.9,0,Amonia (NH3),Air (H2O),Amonia (NH3) + Air (H2O),Aman
3,5,6.88,7.3,0.42,18.61,100.04,22.17,0.4209,377.2,0,Sabun Cuci Piring,Air (H2O),Sabun Cuci Piring + Air (H2O),Aman
5,9,6.53,6.72,0.19,103.21,12.45,29.25,0.3901,438.6,2,Air (H2O),Asap Pembakaran (CO),Air (H2O) + Asap Pembakaran (CO),Tinggi
1,2,10.99,2.63,8.35,8.29,3.6,27.97,0.1701,392.8,1,Amonia (NH3),Cuka (CH3COOH),Amonia (NH3) + Cuka (CH3COOH),Sedang
0,6,12.31,6.66,5.65,5.11,69.15,35.7,0.192,337.3,2,Pemutih (NaClO),Alkohol (Etanol),Pemutih (NaClO) + Alkohol (Etanol),Tinggi
4,5,0.79,7.04,6.25,13.07,101.2,22.33,0.5965,173.7,0,Pembersih Lantai (HCl),Air (H2O),Pembersih Lantai (HCl) + Air (H2O),Aman
5,6,7.41,7.32,0.09,101.04,68.23,27.45,0.2624,391.9,0,Air (H2O),Alkohol (Etanol),Air (H2O) + Alkohol (Etanol),Aman
2,4,2.22,1.44,0.78,4.48,10.06,38.85,0.818,314.5,1,Cuka (CH3COOH),Pembersih Lantai (HCl),Cuka (CH3COOH) + Pembersih Lantai (HCl),Sedang
3,5,6.82,7.02,0.2,13.93,102.48,20.82,0.2508,360.4,0,Sabun Cuci Piring,Air (H2O),Sabun Cuci Piring + Air (H2O),Aman
5,9,6.98,7.82,0.84,97.44,7.95,31.59,0.2867,215.1,2,Air (H2O),Asap Pembakaran (CO),Air (H2O) + Asap Pembakaran (CO),Tinggi
0,1,12.02,11.73,0.29,6.15,12.67,33.68,0.7948,100.8,2,Pemutih (NaClO),Amonia (NH3),Pemutih (NaClO) + Amonia (NH3),Tinggi
1,3,11.21,7.05,4.16,5.27,15.71,39.94,0.4256,206.7,0,Amonia (NH3),Sabun Cuci Piring,Amonia (NH3) + Sabun Cuci Piring,Aman
1,3,11.33,7.1,4.23,9.66,17.49,36.92,0.7357,145.3,0,Amonia (NH3),Sabun Cuci Piring,Amonia (NH3) + Sabun Cuci Piring,Aman
1,2,12.04,2.23,9.81,6.33,1.57,29.8,0.5174,244.6,1,Amonia (NH3),Cuka (CH3COOH),Amonia (NH3) + Cuka (CH3COOH),Sedang
1,2,11.48,2.44,9.03,10.39,7.62,31.51,0.9506,436.6,1,Amonia (NH3),Cuka (CH3COOH),Amonia (NH3) + Cuka (CH3COOH),Sedang
0,4,11.53,1.12,10.42,3.94,12.71,25.07,0.505,63.7,2,Pemutih (NaClO),Pembersih Lantai (HCl),Pemutih (NaClO) + Pembersih Lantai (HCl),Tinggi
0,2,12.59,2.28,10.32,5.22,1.52,36.72,0.7184,285.5,2,Pemutih (NaClO),Cuka (CH3COOH),Pemutih (NaClO) + Cuka (CH3COOH),Tinggi
0,5,12.85,6.77,6.08,4.23,95.86,26.59,0.1382,229.6,0,Pemutih (NaClO),Air (H2O),Pemutih (NaClO) + Air (H2O),Aman
1,3,11.49,6.77,4.73,7.62,18.98,34.04,0.5132,442.4,0,Amonia (NH3),Sabun Cuci Piring,Amonia (NH3) + Sabun Cuci Piring,Aman
0,6,12.34,6.67,5.67,5.26,73.11,38.61,0.7997,244.8,2,Pemutih (NaClO),Alkohol (Etanol),Pemutih (NaClO) + Alkohol (Etanol),Tinggi
3,4,6.41,0.87,5.54,20.01,13.48,29.51,0.6028,493.7,0,Sabun Cuci Piring,Pembersih Lantai (HCl),Sabun Cuci Piring + Pembersih Lantai (HCl),Aman
0,3,12.8,6.94,5.85,3.81,12.09,39.22,0.893,373.6,0,Pemutih (NaClO),Sabun Cuci Piring,Pemutih (NaClO) + Sabun Cuci Piring,Aman
4,5,0.48,7.05,6.57,11.63,98.31,35.53,0.5522,347.4,0,Pembersih Lantai (HCl),Air (H2O),Pembersih Lantai (HCl) + Air (H2O),Aman
3,4,6.88,1.03,5.85,15.11,11.43,23.41,0.6329,238.9,0,Sabun Cuci Piring,Pembersih Lantai (HCl),Sabun Cuci Piring + Pembersih Lantai (HCl),Aman
7,8,13.94,7.94,6.0,22.21,95.45,22.7,0.4961,126.1,2,Basa Kuat (NaOH),Aluminium Foil (Al),Basa Kuat (NaOH) + Aluminium Foil (Al),Tinggi
2,4,2.6,0.53,2.07,3.69,7.91,22.16,0.9333,200.1,1,Cuka (CH3COOH),Pembersih Lantai (HCl),Cuka (CH3COOH) + Pembersih Lantai (HCl),Sedang
2,4,2.22,0.7,1.52,4.49,10.56,25.42,0.8554,64.3,1,Cuka (CH3COOH),Pembersih Lantai (HCl),Cuka (CH3COOH) + Pembersih Lantai (HCl),Sedang
0,4,12.38,0.88,11.51,9.5,12.3,33.44,0.4595,496.3,2,Pemutih (NaClO),Pembersih Lantai (HCl),Pemutih (NaClO) + Pembersih Lantai (HCl),Tinggi
0,1,12.57,11.37,1.2,5.87,10.8,39.2,0.6785,306.8,2,Pemutih (NaClO),Amonia (NH3),Pemutih (NaClO) + Amonia (NH3),Tinggi
1,5,11.16,6.9,4.25,10.07,102.14,34.02,0.9268,218.9,0,Amonia (NH3),Air (H2O),Amonia (NH3) + Air (H2O),Aman
2,4,2.63,0.4,2.23,4.35,9.87,38.22,0.8466,107.4,1,Cuka (CH3COOH),Pembersih Lantai (HCl),Cuka (CH3COOH) + Pembersih Lantai (HCl),Sedang
0,6,12.93,6.79,6.14,6.81,69.55,29.52,0.1226,467.6,2,Pemutih (NaClO),Alkohol (Etanol),Pemutih (NaClO) + Alkohol (Etanol),Tinggi
2,3,2.25,6.89,4.64,5.75,12.92,28.29,0.0148,428.5,1,Cuka (CH3COOH),Sabun Cuci Piring,Cuka (CH3COOH) + Sabun Cuci Piring,Sedang
1,5,11.08,6.93,4.15,9.96,101.73,26.15,0.0423,335.1,0,Amonia (NH3),Air (H2O),Amonia (NH3) + Air (H2O),Aman
2,5,2.23,6.74,4.51,6.21,101.44,35.45,0.4347,198.9,0,Cuka (CH3COOH),Air (H2O),Cuka (CH3COOH) + Air (H2O),Aman
4,5,0.78,6.86,6.08,9.92,99.81,25.78,0.3098,284.8,0,Pembersih Lantai (HCl),Air (H2O),Pembersih Lantai (HCl) + Air (H2O),Aman
1,5,11.61,6.46,5.15,8.14,102.49,20.47,0.0798,238.1,0,Amonia (NH3),Air (H2O),Amonia (NH3) + Air (H2O),Aman
3,5,6.79,7.7,0.91,15.85,102.02,32.53,0.7952,486.1,0,Sabun Cuci Piring,Air (H2O),Sabun Cuci Piring + Air (H2O),Aman
0,1,12.42,11.36,1.06,6.24,10.18,29.9,0.8465,277.3,2,Pemutih (NaClO),Amonia (NH3),Pemutih (NaClO) + Amonia (NH3),Tinggi
0,2,12.11,2.25,9.86,3.51,6.03,27.0,0.7083,215.5,2,Pemutih (NaClO),Cuka (CH3COOH),Pemutih (NaClO) + Cuka (CH3COOH),Tinggi
2,3,2.89,7.26,4.37,3.99,17.36,24.19,0.8847,327.3,1,Cuka (CH3COOH),Sabun Cuci Piring,Cuka (CH3COOH) + Sabun Cuci Piring,Sedang
4,5,1.02,7.27,6.25,7.67,96.98,22.76,0.3691,374.9,0,Pembersih Lantai (HCl),Air (H2O),Pembersih Lantai (HCl) + Air (H2O),Aman
5,9,7.14,7.59,0.45,99.21,6.18,36.87,0.7617,76.2,2,Air (H2O),Asap Pembakaran (CO),Air (H2O) + Asap Pembakaran (CO),Tinggi
0,1,12.9,10.88,2.02,3.07,6.74,24.57,0.8222,183.0,2,Pemutih (NaClO),Amonia (NH3),Pemutih (NaClO) + Amonia (NH3),Tinggi
1,4,11.63,1.25,10.38,9.37,10.63,30.4,0.8303,238.7,1,Amonia (NH3),Pembersih Lantai (HCl),Amonia (NH3) + Pembersih Lantai (HCl),Sedang
1,3,11.69,6.58,5.11,11.09,16.07,28.86,0.6327,438.3,0,Amonia (NH3),Sabun Cuci Piring,Amonia (NH3) + Sabun Cuci Piring,Aman
0,3,12.27,7.5,4.77,4.78,14.63,37.53,0.298,55.3,1,Pemutih (NaClO),Sabun Cuci Piring,Pemutih (NaClO) + Sabun Cuci Piring,Sedang
0,1,12.55,11.56,0.99,3.99,10.26,33.3,0.3391,81.7,2,Pemutih (NaClO),Amonia (NH3),Pemutih (NaClO) + Amonia (NH3),Tinggi
5,10,7.15,6.47,0.68,98.21,93.94,26.02,0.1671,233.2,2,Air (H2O),Gas LPG (Propana/Butana),Air (H2O) + Gas LPG (Propana/Butana),Tinggi
0,6,12.64,6.72,5.92,5.08,67.15,35.08,0.1104,260.5,2,Pemutih (NaClO),Alkohol (Etanol),Pemutih (NaClO) + Alkohol (Etanol),Tinggi
3,5,6.54,7.42,0.88,15.39,99.58,39.68,0.0303,499.4,0,Sabun Cuci Piring,Air (H2O),Sabun Cuci Piring + Air (H2O),Aman
3,5,6.86,7.14,0.28,17.47,99.49,34.02,0.2906,183.9,0,Sabun Cuci Piring,Air (H2O),Sabun Cuci Piring + Air (H2O),Aman
7,8,13.96,6.65,7.31,18.27,101.01,27.72,0.7142,81.3,2,Basa Kuat (NaOH),Aluminium Foil (Al),Basa Kuat (NaOH) + Aluminium Foil (Al),Tinggi
0,5,12.34,6.43,5.91,3.07,102.36,32.52,0.1464,135.0,0,Pemutih (NaClO),Air (H2O),Pemutih (NaClO) + Air (H2O),Aman
2,4,2.13,1.38,0.75,6.9,9.39,33.67,0.0197,381.0,1,Cuka (CH3COOH),Pembersih Lantai (HCl),Cuka (CH3COOH) + Pembersih Lantai (HCl),Sedang
1,4,11.74,0.85,10.89,11.99,11.93,26.34,0.7251,104.4,1,Amonia (NH3),Pembersih Lantai (HCl),Amonia (NH3) + Pembersih Lantai (HCl),Sedang
5,9,6.78,6.95,0.16,103.46,12.23,27.47,0.6888,351.9,2,Air (H2O),Asap Pembakaran (CO),Air (H2O) + Asap Pembakaran (CO),Tinggi
1,4,11.46,0.89,10.57,10.05,5.44,23.58,0.6471,258.9,1,Amonia (NH3),Pembersih Lantai (HCl),Amonia (NH3) + Pembersih Lantai (HCl),Sedang
0,2,12.26,2.57,9.69,4.87,3.42,39.01,0.9804,295.5,2,Pemutih (NaClO),Cuka (CH3COOH),Pemutih (NaClO) + Cuka (CH3COOH),Tinggi
1,5,11.55,6.63,4.91,6.94,101.58,30.65,0.0759,364.2,0,Amonia (NH3),Air (H2O),Amonia (NH3) + Air (H2O),Aman
2,3,2.23,6.79,4.56,6.41,12.45,25.08,0.4906,484.7,1,Cuka (CH3COOH),Sabun Cuci Piring,Cuka (CH3COOH) + Sabun Cuci Piring,Sedang
0,5,12.05,6.39,5.67,7.03,99.19,32.68,0.7745,65.2,0,Pemutih (NaClO),Air (H2O),Pemutih (NaClO) + Air (H2O),Aman
1,3,11.34,7.13,4.21,8.64,13.12,20.88,0.394,237.4,0,Amonia (NH3),Sabun Cuci Piring,Amonia (NH3) + Sabun Cuci Piring,Aman
0,3,13.08,7.01,6.06,7.78,17.63,31.74,0.8328,82.5,1,Pemutih (NaClO),Sabun Cuci Piring,Pemutih (NaClO) + Sabun Cuci Piring,Sedang
0,3,12.49,7.37,5.12,4.94,14.53,26.23,0.8718,120.1,1,Pemutih (NaClO),Sabun Cuci Piring,Pemutih (NaClO) + Sabun Cuci Piring,Sedang
2,4,2.61,0.48,2.13,6.94,11.75,22.89,0.1339,474.7,2,Cuka (CH3COOH),Pembersih Lantai (HCl),Cuka (CH3COOH) + Pembersih Lantai (HCl),Tinggi
0,6,12.17,7.01,5.17,7.35,68.83,34.78,0.3969,168.3,2,Pemutih (NaClO),Alkohol (Etanol),Pemutih (NaClO) + Alkohol (Etanol),Tinggi
2,4,2.86,1.2,1.66,3.88,7.14,36.28,0.4935,142.4,2,Cuka (CH3COOH),Pembersih Lantai (HCl),Cuka (CH3COOH) + Pembersih Lantai (HCl),Tinggi
2,3,2.01,6.83,4.82,2.92,17.04,29.42,0.9178,224.2,1,Cuka (CH3COOH),Sabun Cuci Piring,Cuka (CH3COOH) + Sabun Cuci Piring,Sedang
3,5,6.81,7.1,0.29,12.83,99.27,33.3,0.2862,139.5,0,Sabun Cuci Piring,Air (H2O),Sabun Cuci Piring + Air (H2O),Aman
0,5,12.32,7.17,5.15,7.53,100.86,33.36,0.0935,278.5,0,Pemutih (NaClO),Air (H2O),Pemutih (NaClO) + Air (H2O),Aman
0,4,12.31,0.73,11.58,9.88,11.67,23.24,0.2493,151.2,2,Pemutih (NaClO),Pembersih Lantai (HCl),Pemutih (NaClO) + Pembersih Lantai (HCl),Tinggi
2,4,2.8,0.92,1.88,4.71,10.55,27.18,0.6003,103.1,1,Cuka (CH3COOH),Pembersih Lantai (HCl),Cuka (CH3COOH) + Pembersih Lantai (HCl),Sedang
0,3,12.43,7.44,4.99,6.42,13.06,33.96,0.388,122.0,1,Pemutih (NaClO),Sabun Cuci Piring,Pemutih (NaClO) + Sabun Cuci Piring,Sedang
0,2,12.37,2.5,9.86,0.86,5.18,26.26,0.8199,299.3,2,Pemutih (NaClO),Cuka (CH3COOH),Pemutih (NaClO) + Cuka (CH3COOH),Tinggi
3,4,7.09,0.77,6.32,11.94,8.9,26.38,0.7672,143.1,0,Sabun Cuci Piring,Pembersih Lantai (HCl),Sabun Cuci Piring + Pembersih Lantai (HCl),Aman
0,6,12.67,7.19,5.48,5.44,73.34,24.3,0.7156,410.0,2,Pemutih (NaClO),Alkohol (Etanol),Pemutih (NaClO) + Alkohol (Etanol),Tinggi
3,5,7.22,6.4,0.83,14.99,99.92,23.76,0.8597,166.0,0,Sabun Cuci Piring,Air (H2O),Sabun Cuci Piring + Air (H2O),Aman
0,5,12.41,7.05,5.36,4.26,99.97,32.58,0.793,109.7,0,Pemutih (NaClO),Air (H2O),Pemutih (NaClO) + Air (H2O),Aman
3,5,6.83,6.84,0.01,13.72,100.84,22.51,0.1384,386.7,0,Sabun Cuci Piring,Air (H2O),Sabun Cuci Piring + Air (H2O),Aman
7,8,14.31,6.58,7.73,21.24,102.91,20.19,0.033,433.3,2,Basa Kuat (NaOH),Aluminium Foil (Al),Basa Kuat (NaOH) + Aluminium Foil (Al),Tinggi
3,5,7.35,7.41,0.07,12.5,102.64,38.62,0.8414,341.4,0,Sabun Cuci Piring,Air (H2O),Sabun Cuci Piring + Air (H2O),Aman
0,3,12.43,6.96,5.47,5.53,15.08,21.4,0.64,472.7,0,Pemutih (NaClO),Sabun Cuci Piring,Pemutih (NaClO) + Sabun Cuci Piring,Aman
0,3,12.82,6.85,5.97,7.52,16.7,20.89,0.7554,170.2,1,Pemutih (NaClO),Sabun Cuci Piring,Pemutih (NaClO) + Sabun Cuci Piring,Sedang
0,2,12.45,2.93,9.52,4.4,2.53,30.75,0.9952,229.6,2,Pemutih (NaClO),Cuka (CH3COOH),Pemutih (NaClO) + Cuka (CH3COOH),Tinggi
4,5,1.08,6.79,5.71,8.76,99.81,32.94,0.0331,50.5,0,Pembersih Lantai (HCl),Air (H2O),Pembersih Lantai (HCl) + Air (H2O),Aman
5,6,7.03,6.48,0.55,99.31,70.02,31.46,0.9258,340.4,0,Air (H2O),Alkohol (Etanol),Air (H2O) + Alkohol (Etanol),Aman
0,6,12.49,7.14,5.35,6.51,68.56,26.11,0.4292,187.2,2,Pemutih (NaClO),Alkohol (Etanol),Pemutih (NaClO) + Alkohol (Etanol),Tinggi
3,4,6.84,1.21,5.63,13.0,10.17,35.55,0.9571,363.6,0,Sabun Cuci Piring,Pembersih Lantai (HCl),Sabun Cuci Piring + Pembersih Lantai (HCl),Aman
0,4,12.89,1.26,11.63,1.43,10.03,37.26,0.4754,497.5,2,Pemutih (NaClO),Pembersih Lantai (HCl),Pemutih (NaClO) + Pembersih Lantai (HCl),Tinggi
0,3,12.72,7.46,5.26,1.68,12.5,38.33,0.05,119.9,2,Pemutih (NaClO),Sabun Cuci Piring,Pemutih (NaClO) + Sabun Cuci Piring,Tinggi
3,5,6.93,6.72,0.21,17.08,97.96,36.96,0.3677,316.0,0,Sabun Cuci Piring,Air (H2O),Sabun Cuci Piring + Air (H2O),Aman
5,10,7.22,7.15,0.07,100.13,101.83,38.99,0.8694,267.5,2,Air (H2O),Gas LPG (Propana/Butana),Air (H2O) + Gas LPG (Propana/Butana),Tinggi
7,8,13.6,6.9,6.69,20.15,102.39,38.22,0.1746,178.7,2,Basa Kuat (NaOH),Aluminium Foil (Al),Basa Kuat (NaOH) + Aluminium Foil (Al),Tinggi
0,2,12.92,2.38,10.55,4.95,1.56,34.69,0.5746,420.0,2,Pemutih (NaClO),Cuka (CH3COOH),Pemutih (NaClO) + Cuka (CH3COOH),Tinggi
7,8,13.58,6.75,6.83,21.41,98.13,23.61,0.5525,147.0,2,Basa Kuat (NaOH),Aluminium Foil (Al),Basa Kuat (NaOH) + Aluminium Foil (Al),Tinggi
3,4,6.57,1.11,5.46,16.26,11.53,37.24,0.7427,236.4,0,Sabun Cuci Piring,Pembersih Lantai (HCl),Sabun Cuci Piring + Pembersih Lantai (HCl),Aman
0,3,12.83,6.9,5.93,6.64,15.23,20.0,0.1685,63.7,1,Pemutih (NaClO),Sabun Cuci Piring,Pemutih (NaClO) + Sabun Cuci Piring,Sedang
5,9,6.86,6.8,0.07,99.64,13.25,38.96,0.3671,458.5,2,Air (H2O),Asap Pembakaran (CO),Air (H2O) + Asap Pembakaran (CO),Tinggi
4,5,0.73,7.02,6.29,13.19,102.93,28.9,0.9995,425.9,0,Pembersih Lantai (HCl),Air (H2O),Pembersih Lantai (HCl) + Air (H2O),Aman
0,3,12.89,6.85,6.04,5.66,15.09,32.4,0.0827,420.8,1,Pemutih (NaClO),Sabun Cuci Piring,Pemutih (NaClO) + Sabun Cuci Piring,Sedang
0,3,12.26,6.65,5.61,2.47,16.94,25.4,0.5114,248.1,1,Pemutih (NaClO),Sabun Cuci Piring,Pemutih (NaClO) + Sabun Cuci Piring,Sedang
1,3,11.36,6.69,4.67,7.17,13.71,34.84,0.7567,350.1,0,Amonia (NH3),Sabun Cuci Piring,Amonia (NH3) + Sabun Cuci Piring,Aman
0,5,12.9,6.77,6.13,6.34,101.42,31.99,0.1776,186.7,0,Pemutih (NaClO),Air (H2O),Pemutih (NaClO) + Air (H2O),Aman
2,4,2.48,0.59,1.89,4.82,8.62,36.6,0.9506,335.4,0,Cuka (CH3COOH),Pembersih Lantai (HCl),Cuka (CH3COOH) + Pembersih Lantai (HCl),Aman
5,10,6.97,6.55,0.42,100.25,101.03,33.51,0.3236,85.8,2,Air (H2O),Gas LPG (Propana/Butana),Air (H2O) + Gas LPG (Propana/Butana),Tinggi
4,5,0.6,6.85,6.26,12.66,99.76,27.47,0.3329,129.3,0,Pembersih Lantai (HCl),Air (H2O),Pembersih Lantai (HCl) + Air (H2O),Aman
1,3,11.63,7.09,4.54,12.51,16.37,34.58,0.9278,199.7,0,Amonia (NH3),Sabun Cuci Piring,Amonia (NH3) + Sabun Cuci Piring,Aman
2,3,2.64,6.98,4.33,7.95,10.92,32.08,0.7492,471.4,2,Cuka (CH3COOH),Sabun Cuci Piring,Cuka (CH3COOH) + Sabun Cuci Piring,Tinggi
3,5,6.62,7.39,0.76,17.62,102.34,37.87,0.2915,303.2,0,Sabun Cuci Piring,Air (H2O),Sabun Cuci Piring + Air (H2O),Aman
4,5,1.46,7.1,5.64,9.23,99.0,32.39,0.2321,50.4,0,Pembersih Lantai (HCl),Air (H2O),Pembersih Lantai (HCl) + Air (H2O),Aman
0,6,12.16,7.01,5.15,4.36,73.75,26.82,0.1877,419.5,2,Pemutih (NaClO),Alkohol (Etanol),Pemutih (NaClO) + Alkohol (Etanol),Tinggi
7,8,14.12,6.72,7.41,17.11,100.89,33.62,0.7522,276.6,2,Basa Kuat (NaOH),Aluminium Foil (Al),Basa Kuat (NaOH) + Aluminium Foil (Al),Tinggi
1,3,11.52,6.67,4.85,9.5,13.72,32.66,0.5783,166.7,0,Amonia (NH3),Sabun Cuci Piring,Amonia (NH3) + Sabun Cuci Piring,Aman
3,5,6.85,7.0,0.15,18.95,101.44,32.25,0.7162,237.5,0,Sabun Cuci Piring,Air (H2O),Sabun Cuci Piring + Air (H2O),Aman
4,5,0.94,6.35,5.41,7.33,102.14,39.57,0.9654,237.3,0,Pembersih Lantai (HCl),Air (H2O),Pembersih Lantai (HCl) + Air (H2O),Aman
4,5,1.02,7.1,6.07,8.69,98.98,39.63,0.3378,366.4,0,Pembersih Lantai (HCl),Air (H2O),Pembersih Lantai (HCl) + Air (H2O),Aman
5,6,6.82,7.65,0.84,103.93,70.93,31.12,0.2849,60.9,0,Air (H2O),Alkohol (Etanol),Air (H2O) + Alkohol (Etanol),Aman
0,2,12.64,2.41,10.23,3.4,5.44,34.37,0.073,419.5,2,Pemutih (NaClO),Cuka (CH3COOH),Pemutih (NaClO) + Cuka (CH3COOH),Tinggi
1,5,11.46,6.72,4.74,7.26,99.4,22.47,0.4864,331.3,0,Amonia (NH3),Air (H2O),Amonia (NH3) + Air (H2O),Aman
1,5,11.49,6.85,4.64,13.31,104.16,38.49,0.3976,331.2,0,Amonia (NH3),Air (H2O),Amonia (NH3) + Air (H2O),Aman
3,4,7.27,0.93,6.34,17.3,10.12,24.8,0.2802,73.9,0,Sabun Cuci Piring,Pembersih Lantai (HCl),Sabun Cuci Piring + Pembersih Lantai (HCl),Aman
3,5,7.64,7.29,0.34,13.53,98.52,29.49,0.3917,462.0,0,Sabun Cuci Piring,Air (H2O),Sabun Cuci Piring + Air (H2O),Aman
5,6,6.97,7.32,0.35,97.56,65.73,20.42,0.2275,264.0,0,Air (H2O),Alkohol (Etanol),Air (H2O) + Alkohol (Etanol),Aman
1,3,11.77,7.35,4.43,13.85,12.79,29.41,0.3879,219.2,0,Amonia (NH3),Sabun Cuci Piring,Amonia (NH3) + Sabun Cuci Piring,Aman
0,6,13.1,7.07,6.03,4.92,69.52,21.72,0.4609,384.6,2,Pemutih (NaClO),Alkohol (Etanol),Pemutih (NaClO) + Alkohol (Etanol),Tinggi
1,3,11.1,7.14,3.96,11.64,13.07,37.02,0.4274,482.9,0,Amonia (NH3),Sabun Cuci Piring,Amonia (NH3) + Sabun Cuci Piring,Aman
3,5,6.77,6.9,0.13,15.45,100.12,31.41,0.9064,402.8,0,Sabun Cuci Piring,Air (H2O),Sabun Cuci Piring + Air (H2O),Aman
7,8,13.69,6.7,6.99,21.04,98.32,24.77,0.8751,440.6,2,Basa Kuat (NaOH),Aluminium Foil (Al),Basa Kuat (NaOH) + Aluminium Foil (Al),Tinggi
0,2,12.31,2.26,10.05,6.9,6.35,30.25,0.3306,437.2,2,Pemutih (NaClO),Cuka (CH3COOH),Pemutih (NaClO) + Cuka (CH3COOH),Tinggi
0,5,12.42,6.99,5.43,4.52,98.7,27.3,0.2737,277.7,0,Pemutih (NaClO),Air (H2O),Pemutih (NaClO) + Air (H2O),Aman
1,3,11.18,7.25,3.93,10.88,13.96,20.81,0.4029,470.8,1,Amonia (NH3),Sabun Cuci Piring,Amonia (NH3) + Sabun Cuci Piring,Sedang
1,5,11.63,7.05,4.58,12.31,102.33,36.46,0.042,262.0,0,Amonia (NH3),Air (H2O),Amonia (NH3) + Air (H2O),Aman
0,3,12.61,6.98,5.62,0.67,13.18,21.77,0.9222,266.1,0,Pemutih (NaClO),Sabun Cuci Piring,Pemutih (NaClO) + Sabun Cuci Piring,Aman
0,1,12.5,11.53,0.97,5.75,12.64,34.98,0.6672,496.1,2,Pemutih (NaClO),Amonia (NH3),Pemutih (NaClO) + Amonia (NH3),Tinggi
5,9,7.02,6.65,0.37,100.48,8.38,20.14,0.3166,354.7,2,Air (H2O),Asap Pembakaran (CO),Air (H2O) + Asap Pembakaran (CO),Tinggi
0,4,12.36,0.81,11.55,5.46,12.95,34.77,0.8061,175.7,2,Pemutih (NaClO),Pembersih Lantai (HCl),Pemutih (NaClO) + Pembersih Lantai (HCl),Tinggi
0,2,12.66,2.42,10.23,2.93,8.64,23.86,0.3894,473.1,2,Pemutih (NaClO),Cuka (CH3COOH),Pemutih (NaClO) + Cuka (CH3COOH),Tinggi
1,2,11.57,2.1,9.47,11.46,3.04,25.06,0.9556,62.9,1,Amonia (NH3),Cuka (CH3COOH),Amonia (NH3) + Cuka (CH3COOH),Sedang
0,1,12.62,11.7,0.91,4.9,6.84,31.6,0.089,362.3,2,Pemutih (NaClO),Amonia (NH3),Pemutih (NaClO) + Amonia (NH3),Tinggi
2,5,2.95,6.82,3.87,3.57,101.88,39.37,0.4555,423.3,0,Cuka (CH3COOH),Air (H2O),Cuka (CH3COOH) + Air (H2O),Aman
3,5,6.47,7.9,1.43,16.58,99.96,31.57,0.6892,98.1,0,Sabun Cuci Piring,Air (H2O),Sabun Cuci Piring + Air (H2O),Aman
0,4,12.33,1.14,11.19,8.02,12.42,34.83,0.5994,75.9,2,Pemutih (NaClO),Pembersih Lantai (HCl),Pemutih (NaClO) + Pembersih Lantai (HCl),Tinggi
1,5,11.88,6.5,5.38,12.32,99.13,32.13,0.365,457.0,0,Amonia (NH3),Air (H2O),Amonia (NH3) + Air (H2O),Aman
2,5,2.35,7.05,4.7,5.5,97.97,24.86,0.7955,72.3,0,Cuka (CH3COOH),Air (H2O),Cuka (CH3COOH) + Air (H2O),Aman
2,4,2.48,1.03,1.45,6.21,9.18,22.61,0.9756,440.7,0,Cuka (CH3COOH),Pembersih Lantai (HCl),Cuka (CH3COOH) + Pembersih Lantai (HCl),Aman
1,4,11.2,0.5,10.7,9.74,12.75,28.47,0.6262,179.1,1,Amonia (NH3),Pembersih Lantai (HCl),Amonia (NH3) + Pembersih Lantai (HCl),Sedang
1,3,12.02,7.43,4.59,9.05,13.58,23.08,0.7937,403.3,0,Amonia (NH3),Sabun Cuci Piring,Amonia (NH3) + Sabun Cuci Piring,Aman
5,6,6.37,7.29,0.93,98.16,68.77,23.15,0.6428,291.3,0,Air (H2O),Alkohol (Etanol),Air (H2O) + Alkohol (Etanol),Aman
0,4,12.66,1.13,11.53,1.7,11.93,26.47,0.8387,96.6,2,Pemutih (NaClO),Pembersih Lantai (HCl),Pemutih (NaClO) + Pembersih Lantai (HCl),Tinggi
0,6,12.14,6.4,5.74,7.49,71.71,22.88,0.8228,469.0,2,Pemutih (NaClO),Alkohol (Etanol),Pemutih (NaClO) + Alkohol (Etanol),Tinggi
1,2,11.67,2.54,9.13,8.2,3.27,20.97,0.001,320.1,1,Amonia (NH3),Cuka (CH3COOH),Amonia (NH3) + Cuka (CH3COOH),Sedang
5,10,6.95,6.99,0.03,96.73,99.46,30.48,0.5051,286.4,2,Air (H2O),Gas LPG (Propana/Butana),Air (H2O) + Gas LPG (Propana/Butana),Tinggi
5,10,7.6,6.69,0.92,103.84,100.4,36.81,0.6826,143.8,2,Air (H2O),Gas LPG (Propana/Butana),Air (H2O) + Gas LPG (Propana/Butana),Tinggi
1,3,11.75,6.68,5.07,5.57,14.61,35.39,0.2448,72.3,0,Amonia (NH3),Sabun Cuci Piring,Amonia (NH3) + Sabun Cuci Piring,Aman
1,2,11.16,2.26,8.9,10.34,6.17,20.18,0.2355,112.0,1,Amonia (NH3),Cuka (CH3COOH),Amonia (NH3) + Cuka (CH3COOH),Sedang
2,5,3.2,6.74,3.55,8.35,100.13,35.79,0.2152,79.7,0,Cuka (CH3COOH),Air (H2O),Cuka (CH3COOH) + Air (H2O),Aman
2,5,2.74,6.12,3.38,4.37,102.75,34.26,0.2735,104.7,0,Cuka (CH3COOH),Air (H2O),Cuka (CH3COOH) + Air (H2O),Aman
0,5,13.22,6.97,6.25,9.0,98.43,30.88,0.7398,367.7,0,Pemutih (NaClO),Air (H2O),Pemutih (NaClO) + Air (H2O),Aman
5,9,6.95,7.33,0.38,100.23,9.73,34.28,0.8676,69.4,2,Air (H2O),Asap Pembakaran (CO),Air (H2O) + Asap Pembakaran (CO),Tinggi
1,2,11.31,2.42,8.89,7.15,8.82,31.25,0.479,97.0,1,Amonia (NH3),Cuka (CH3COOH),Amonia (NH3) + Cuka (CH3COOH),Sedang
5,6,7.34,6.61,0.73,98.95,68.18,32.46,0.4946,145.1,0,Air (H2O),Alkohol (Etanol),Air (H2O) + Alkohol (Etanol),Aman
1,5,11.96,7.15,4.8,12.89,96.26,30.2,0.1048,436.2,0,Amonia (NH3),Air (H2O),Amonia (NH3) + Air (H2O),Aman
3,4,7.02,0.96,6.05,14.68,9.51,37.01,0.4341,467.8,0,Sabun Cuci Piring,Pembersih Lantai (HCl),Sabun Cuci Piring + Pembersih Lantai (HCl),Aman
0,2,12.33,2.3,10.02,3.94,0.88,25.43,0.4493,343.8,2,Pemutih (NaClO),Cuka (CH3COOH),Pemutih (NaClO) + Cuka (CH3COOH),Tinggi
5,9,7.0,7.08,0.08,99.32,12.43,31.08,0.5298,194.8,2,Air (H2O),Asap Pembakaran (CO),Air (H2O) + Asap Pembakaran (CO),Tinggi
5,9,7.82,6.76,1.06,100.84,9.39,31.87,0.6396,273.0,1,Air (H2O),Asap Pembakaran (CO),Air (H2O) + Asap Pembakaran (CO),Sedang
5,6,6.58,7.09,0.52,99.22,70.32,38.98,0.3355,196.3,0,Air (H2O),Alkohol (Etanol),Air (H2O) + Alkohol (Etanol),Aman
2,3,2.67,7.11,4.44,6.76,15.7,30.73,0.7519,113.0,1,Cuka (CH3COOH),Sabun Cuci Piring,Cuka (CH3COOH) + Sabun Cuci Piring,Sedang
5,6,6.93,7.0,0.07,97.36,69.06,22.2,0.573,60.7,0,Air (H2O),Alkohol (Etanol),Air (H2O) + Alkohol (Etanol),Aman
4,5,1.04,6.56,5.53,10.19,102.49,31.1,0.7425,148.9,0,Pembersih Lantai (HCl),Air (H2O),Pembersih Lantai (HCl) + Air (H2O),Aman
5,6,7.24,7.25,0.0,99.87,71.1,25.31,0.5719,452.4,0,Air (H2O),Alkohol (Etanol),Air (H2O) + Alkohol (Etanol),Aman
3,5,6.91,7.58,0.68,11.32,100.5,29.18,0.9836,226.6,0,Sabun Cuci Piring,Air (H2O),Sabun Cuci Piring + Air (H2O),Aman
2,4,2.69,0.95,1.74,5.47,12.33,28.64,0.5388,250.8,1,Cuka (CH3COOH),Pembersih Lantai (HCl),Cuka (CH3COOH) + Pembersih Lantai (HCl),Sedang
2,4,2.32,1.5,0.81,5.19,13.51,33.03,0.259,81.4,1,Cuka (CH3COOH),Pembersih Lantai (HCl),Cuka (CH3COOH) + Pembersih Lantai (HCl),Sedang
5,10,6.84,6.85,0.01,99.87,100.19,20.28,0.7718,443.8,2,Air (H2O),Gas LPG (Propana/Butana),Air (H2O) + Gas LPG (Propana/Butana),Tinggi
5,10,6.93,6.75,0.18,100.24,101.11,24.52,0.8467,188.9,2,Air (H2O),Gas LPG (Propana/Butana),Air (H2O) + Gas LPG (Propana/Butana),Tinggi
2,4,2.57,1.05,1.51,4.34,9.1,21.43,0.0325,385.1,1,Cuka (CH3COOH),Pembersih Lantai (HCl),Cuka (CH3COOH) + Pembersih Lantai (HCl),Sedang
0,6,12.56,6.74,5.81,4.53,67.38,32.53,0.5381,348.0,2,Pemutih (NaClO),Alkohol (Etanol),Pemutih (NaClO) + Alkohol (Etanol),Tinggi
2,5,2.28,6.62,4.34,7.23,98.36,39.0,0.5785,214.6,0,Cuka (CH3COOH),Air (H2O),Cuka (CH3COOH) + Air (H2O),Aman
0,1,12.66,11.28,1.38,6.38,9.09,30.49,0.9809,298.8,1,Pemutih (NaClO),Amonia (NH3),Pemutih (NaClO) + Amonia (NH3),Sedang
2,3,2.95,6.97,4.02,5.83,15.69,22.9,0.4921,227.3,1,Cuka (CH3COOH),Sabun Cuci Piring,Cuka (CH3COOH) + Sabun Cuci Piring,Sedang
0,1,13.16,11.1,2.07,5.31,6.9,37.54,0.8677,253.0,2,Pemutih (NaClO),Amonia (NH3),Pemutih (NaClO) + Amonia (NH3),Tinggi
2,4,2.63,0.7,1.92,8.97,11.51,23.65,0.7505,202.6,2,Cuka (CH3COOH),Pembersih Lantai (HCl),Cuka (CH3COOH) + Pembersih Lantai (HCl),Tinggi
1,4,11.66,1.36,10.3,8.02,11.48,31.75,0.3535,267.1,1,Amonia (NH3),Pembersih Lantai (HCl),Amonia (NH3) + Pembersih Lantai (HCl),Sedang
3,5,6.82,6.81,0.01,13.82,103.54,20.12,0.301,387.0,0,Sabun Cuci Piring,Air (H2O),Sabun Cuci Piring + Air (H2O),Aman
2,4,1.9,0.94,0.96,1.05,9.87,27.21,0.6693,334.7,1,Cuka (CH3COOH),Pembersih Lantai (HCl),Cuka (CH3COOH) + Pembersih Lantai (HCl),Sedang
2,4,2.81,0.84,1.97,7.3,8.75,22.61,0.1734,203.4,1,Cuka (CH3COOH),Pembersih Lantai (HCl),Cuka (CH3COOH) + Pembersih Lantai (HCl),Sedang
1,5,11.72,6.25,5.46,11.98,102.72,38.94,0.5952,346.0,0,Amonia (NH3),Air (H2O),Amonia (NH3) + Air (H2O),Aman
1,3,12.01,7.34,4.67,12.56,13.82,35.15,0.118,424.9,0,Amonia (NH3),Sabun Cuci Piring,Amonia (NH3) + Sabun Cuci Piring,Aman
2,3,2.79,7.29,4.5,2.96,15.8,33.33,0.1347,233.6,1,Cuka (CH3COOH),Sabun Cuci Piring,Cuka (CH3COOH) + Sabun Cuci Piring,Sedang
1,4,11.52,1.35,10.17,10.12,13.85,24.58,0.1216,213.5,1,Amonia (NH3),Pembersih Lantai (HCl),Amonia (NH3) + Pembersih Lantai (HCl),Sedang
1,5,11.89,6.87,5.02,6.03,102.61,30.45,0.55,93.7,0,Amonia (NH3),Air (H2O),Amonia (NH3) + Air (H2O),Aman
5,10,7.43,6.57,0.86,100.0,98.65,35.87,0.2806,300.6,2,Air (H2O),Gas LPG (Propana/Butana),Air (H2O) + Gas LPG (Propana/Butana),Tinggi
2,5,2.2,6.97,4.77,0.8,102.69,33.46,0.4324,417.5,0,Cuka (CH3COOH),Air (H2O),Cuka (CH3COOH) + Air (H2O),Aman
3,4,6.82,0.95,5.88,15.32,13.27,32.44,0.5852,176.4,0,Sabun Cuci Piring,Pembersih Lantai (HCl),Sabun Cuci Piring + Pembersih Lantai (HCl),Aman
0,4,12.29,0.94,11.35,8.73,5.72,27.75,0.6002,281.1,2,Pemutih (NaClO),Pembersih Lantai (HCl),Pemutih (NaClO) + Pembersih Lantai (HCl),Tinggi
0,6,12.28,6.84,5.44,6.56,68.22,33.81,0.8428,266.7,2,Pemutih (NaClO),Alkohol (Etanol),Pemutih (NaClO) + Alkohol (Etanol),Tinggi
2,4,2.55,0.41,2.14,4.18,9.38,31.78,0.7899,345.3,1,Cuka (CH3COOH),Pembersih Lantai (HCl),Cuka (CH3COOH) + Pembersih Lantai (HCl),Sedang
7,8,13.92,6.62,7.3,20.87,97.99,36.14,0.2939,164.3,2,Basa Kuat (NaOH),Aluminium Foil (Al),Basa Kuat (NaOH) + Aluminium Foil (Al),Tinggi
2,4,2.79,0.7,2.08,9.93,9.78,31.9,0.3248,61.4,2,Cuka (CH3COOH),Pembersih Lantai (HCl),Cuka (CH3COOH) + Pembersih Lantai (HCl),Tinggi
0,4,12.0,1.53,10.47,3.49,8.33,39.39,0.0561,316.1,2,Pemutih (NaClO),Pembersih Lantai (HCl),Pemutih (NaClO) + Pembersih Lantai (HCl),Tinggi
0,5,12.17,6.65,5.52,8.03,102.29,26.79,0.6802,76.2,0,Pemutih (NaClO),Air (H2O),Pemutih (NaClO) + Air (H2O),Aman
2,5,2.41,6.65,4.25,5.65,96.68,36.62,0.661,227.7,0,Cuka (CH3COOH),Air (H2O),Cuka (CH3COOH) + Air (H2O),Aman
0,2,12.42,2.43,10.0,6.59,4.41,31.54,0.6575,137.6,2,Pemutih (NaClO),Cuka (CH3COOH),Pemutih (NaClO) + Cuka (CH3COOH),Tinggi
1,3,11.19,7.25,3.94,9.31,16.45,35.18,0.5611,185.1,0,Amonia (NH3),Sabun Cuci Piring,Amonia (NH3) + Sabun Cuci Piring,Aman
1,2,11.22,2.66,8.56,6.86,5.91,31.93,0.8357,389.8,0,Amonia (NH3),Cuka (CH3COOH),Amonia (NH3) + Cuka (CH3COOH),Aman
5,10,7.08,6.69,0.39,102.55,104.95,26.3,0.0523,476.9,2,Air (H2O),Gas LPG (Propana/Butana),Air (H2O) + Gas LPG (Propana/Butana),Tinggi
0,4,12.42,1.29,11.13,4.61,9.38,29.33,0.8607,284.8,2,Pemutih (NaClO),Pembersih Lantai (HCl),Pemutih (NaClO) + Pembersih Lantai (HCl),Tinggi
2,4,2.56,0.88,1.68,5.29,9.22,20.68,0.8425,259.7,1,Cuka (CH3COOH),Pembersih Lantai (HCl),Cuka (CH3COOH) + Pembersih Lantai (HCl),Sedang
0,3,12.07,7.19,4.88,8.18,13.82,38.48,0.7753,308.5,2,Pemutih (NaClO),Sabun Cuci Piring,Pemutih (NaClO) + Sabun Cuci Piring,Tinggi
0,2,12.97,2.48,10.48,1.18,4.21,23.37,0.7675,387.3,2,Pemutih (NaClO),Cuka (CH3COOH),Pemutih (NaClO) + Cuka (CH3COOH),Tinggi
7,8,14.29,7.25,7.04,22.18,96.63,21.78,0.8612,415.9,2,Basa Kuat (NaOH),Aluminium Foil (Al),Basa Kuat (NaOH) + Aluminium Foil (Al),Tinggi
3,4,6.38,1.22,5.16,12.99,8.54,39.32,0.9635,249.7,0,Sabun Cuci Piring,Pembersih Lantai (HCl),Sabun Cuci Piring + Pembersih Lantai (HCl),Aman
0,2,12.56,2.43,10.13,1.86,3.73,39.92,0.3295,221.7,2,Pemutih (NaClO),Cuka (CH3COOH),Pemutih (NaClO) + Cuka (CH3COOH),Tinggi
0,6,12.57,6.89,5.68,8.11,69.66,33.77,0.7417,380.5,2,Pemutih (NaClO),Alkohol (Etanol),Pemutih (NaClO) + Alkohol (Etanol),Tinggi
2,5,2.66,7.23,4.57,7.28,97.88,39.79,0.2725,443.7,0,Cuka (CH3COOH),Air (H2O),Cuka (CH3COOH) + Air (H2O),Aman
5,9,6.94,7.02,0.08,98.31,6.59,37.96,0.5194,260.1,2,Air (H2O),Asap Pembakaran (CO),Air (H2O) + Asap Pembakaran (CO),Tinggi
0,3,12.52,7.23,5.28,7.03,15.37,35.08,0.4393,385.7,1,Pemutih (NaClO),Sabun Cuci Piring,Pemutih (NaClO) + Sabun Cuci Piring,Sedang
2,3,2.16,6.35,4.19,6.55,16.03,37.03,0.7757,179.7,2,Cuka (CH3COOH),Sabun Cuci Piring,Cuka (CH3COOH) + Sabun Cuci Piring,Tinggi
5,6,6.64,7.43,0.79,96.74,69.29,35.72,0.1216,102.4,0,Air (H2O),Alkohol (Etanol),Air (H2O) + Alkohol (Etanol),Aman
1,5,11.52,6.92,4.6,5.77,99.15,27.36,0.4157,424.4,0,Amonia (NH3),Air (H2O),Amonia (NH3) + Air (H2O),Aman
2,3,2.5,6.91,4.41,6.75,15.35,27.0,0.5803,151.5,1,Cuka (CH3COOH),Sabun Cuci Piring,Cuka (CH3COOH) + Sabun Cuci Piring,Sedang
2,5,2.72,6.42,3.7,2.49,101.06,31.86,0.3723,176.0,0,Cuka (CH3COOH),Air (H2O),Cuka (CH3COOH) + Air (H2O),Aman
1,4,11.13,1.28,9.85,13.53,11.73,32.8,0.6076,119.1,1,Amonia (NH3),Pembersih Lantai (HCl),Amonia (NH3) + Pembersih Lantai (HCl),Sedang
0,1,12.75,11.71,1.04,5.58,7.38,26.04,0.5124,329.4,2,Pemutih (NaClO),Amonia (NH3),Pemutih (NaClO) + Amonia (NH3),Tinggi
0,1,12.51,11.52,0.99,5.75,10.48,24.57,0.0248,222.7,2,Pemutih (NaClO),Amonia (NH3),Pemutih (NaClO) + Amonia (NH3),Tinggi
5,6,7.22,6.96,0.25,98.97,71.67,25.72,0.4272,95.9,0,Air (H2O),Alkohol (Etanol),Air (H2O) + Alkohol (Etanol),Aman
1,2,11.12,2.99,8.13,8.14,2.91,25.97,0.6576,425.6,1,Amonia (NH3),Cuka (CH3COOH),Amonia (NH3) + Cuka (CH3COOH),Sedang
1,3,11.47,7.32,4.15,16.3,17.21,25.59,0.231,443.4,0,Amonia (NH3),Sabun Cuci Piring,Amonia (NH3) + Sabun Cuci Piring,Aman
1,3,11.54,6.98,4.56,7.73,16.41,26.96,0.3465,318.1,0,Amonia (NH3),Sabun Cuci Piring,Amonia (NH3) + Sabun Cuci Piring,Aman
1,4,11.48,0.92,10.56,10.68,9.74,37.92,0.2746,172.9,1,Amonia (NH3),Pembersih Lantai (HCl),Amonia (NH3) + Pembersih Lantai (HCl),Sedang
2,5,2.83,6.57,3.74,2.34,100.86,37.63,0.5329,391.6,0,Cuka (CH3COOH),Air (H2O),Cuka (CH3COOH) + Air (H2O),Aman
5,10,7.36,7.12,0.24,97.86,98.04,35.23,0.2625,160.4,1,Air (H2O),Gas LPG (Propana/Butana),Air (H2O) + Gas LPG (Propana/Butana),Sedang
5,10,6.6,7.16,0.57,98.99,100.26,38.09,0.4751,150.8,2,Air (H2O),Gas LPG (Propana/Butana),Air (H2O) + Gas LPG (Propana/Butana),Tinggi
1,4,10.97,0.69,10.28,8.99,11.77,22.33,0.0389,376.0,1,Amonia (NH3),Pembersih Lantai (HCl),Amonia (NH3) + Pembersih Lantai (HCl),Sedang
1,5,10.56,7.24,3.32,10.87,98.5,39.03,0.9448,400.8,0,Amonia (NH3),Air (H2O),Amonia (NH3) + Air (H2O),Aman
2,5,2.65,7.12,4.46,5.69,98.18,20.26,0.6845,58.6,0,Cuka (CH3COOH),Air (H2O),Cuka (CH3COOH) + Air (H2O),Aman
1,3,11.44,7.06,4.38,8.02,14.71,37.73,0.7298,124.1,0,Amonia (NH3),Sabun Cuci Piring,Amonia (NH3) + Sabun Cuci Piring,Aman
1,2,11.6,2.56,9.04,10.6,2.73,37.02,0.51,373.6,2,Amonia (NH3),Cuka (CH3COOH),Amonia (NH3) + Cuka (CH3COOH),Tinggi
0,4,12.97,1.2,11.77,7.37,9.57,23.71,0.9643,231.8,2,Pemutih (NaClO),Pembersih Lantai (HCl),Pemutih (NaClO) + Pembersih Lantai (HCl),Tinggi
2,5,2.68,6.78,4.1,4.69,99.88,38.74,0.0874,301.1,0,Cuka (CH3COOH),Air (H2O),Cuka (CH3COOH) + Air (H2O),Aman
4,5,1.24,6.96,5.72,11.47,98.73,29.0,0.7443,260.1,0,Pembersih Lantai (HCl),Air (H2O),Pembersih Lantai (HCl) + Air (H2O),Aman
0,3,12.45,6.99,5.46,1.93,13.08,34.49,0.3498,191.0,1,Pemutih (NaClO),Sabun Cuci Piring,Pemutih (NaClO) + Sabun Cuci Piring,Sedang
0,2,12.29,2.74,9.55,7.33,8.18,35.27,0.688,195.3,2,Pemutih (NaClO),Cuka (CH3COOH),Pemutih (NaClO) + Cuka (CH3COOH),Tinggi
3,4,7.3,0.99,6.31,15.76,12.05,36.91,0.2969,406.2,0,Sabun Cuci Piring,Pembersih Lantai (HCl),Sabun Cuci Piring + Pembersih Lantai (HCl),Aman
1,5,11.64,6.94,4.7,9.63,98.26,27.51,0.7579,288.6,0,Amonia (NH3),Air (H2O),Amonia (NH3) + Air (H2O),Aman
2,4,2.35,1.07,1.28,4.28,6.74,31.89,0.5894,357.9,1,Cuka (CH3COOH),Pembersih Lantai (HCl),Cuka (CH3COOH) + Pembersih Lantai (HCl),Sedang
5,6,7.03,7.11,0.08,99.4,70.5,37.74,0.4262,199.5,0,Air (H2O),Alkohol (Etanol),Air (H2O) + Alkohol (Etanol),Aman
1,3,11.3,7.5,3.8,11.68,19.14,35.16,0.3932,421.9,0,Amonia (NH3),Sabun Cuci Piring,Amonia (NH3) + Sabun Cuci Piring,Aman
5,10,6.61,7.42,0.81,94.72,101.71,24.61,0.4698,302.4,2,Air (H2O),Gas LPG (Propana/Butana),Air (H2O) + Gas LPG (Propana/Butana),Tinggi
5,10,7.38,6.64,0.73,100.42,98.6,20.64,0.1334,358.9,2,Air (H2O),Gas LPG (Propana/Butana),Air (H2O) + Gas LPG (Propana/Butana),Tinggi
3,5,7.1,6.9,0.2,17.34,99.3,30.81,0.223,233.2,0,Sabun Cuci Piring,Air (H2O),Sabun Cuci Piring + Air (H2O),Aman
5,9,6.53,6.84,0.31,98.06,10.38,21.42,0.5422,450.1,2,Air (H2O),Asap Pembakaran (CO),Air (H2O) + Asap Pembakaran (CO),Tinggi
2,4,2.78,1.33,1.45,6.29,10.21,39.36,0.7989,111.5,1,Cuka (CH3COOH),Pembersih Lantai (HCl),Cuka (CH3COOH) + Pembersih Lantai (HCl),Sedang
1,3,11.6,7.22,4.38,6.96,13.66,26.82,0.5435,428.2,0,Amonia (NH3),Sabun Cuci Piring,Amonia (NH3) + Sabun Cuci Piring,Aman
0,1,12.44,11.68,0.76,6.81,2.48,27.94,0.1741,220.2,2,Pemutih (NaClO),Amonia (NH3),Pemutih (NaClO) + Amonia (NH3),Tinggi
7,8,14.04,6.78,7.25,20.88,101.67,35.13,0.1106,427.3,2,Basa Kuat (NaOH),Aluminium Foil (Al),Basa Kuat (NaOH) + Aluminium Foil (Al),Tinggi
0,3,12.31,6.64,5.67,3.75,17.36,32.91,0.5468,384.6,1,Pemutih (NaClO),Sabun Cuci Piring,Pemutih (NaClO) + Sabun Cuci Piring,Sedang
0,6,12.36,7.04,5.32,1.26,69.29,22.44,0.8652,304.8,2,Pemutih (NaClO),Alkohol (Etanol),Pemutih (NaClO) + Alkohol (Etanol),Tinggi
1,4,11.87,1.6,10.26,11.14,11.99,37.22,0.8216,105.0,2,Amonia (NH3),Pembersih Lantai (HCl),Amonia (NH3) + Pembersih Lantai (HCl),Tinggi
1,3,11.53,6.98,4.56,12.07,11.56,36.17,0.5205,375.9,0,Amonia (NH3),Sabun Cuci Piring,Amonia (NH3) + Sabun Cuci Piring,Aman
0,4,12.49,0.42,12.07,5.2,11.23,30.03,0.0233,210.0,2,Pemutih (NaClO),Pembersih Lantai (HCl),Pemutih (NaClO) + Pembersih Lantai (HCl),Tinggi
3,4,6.91,1.6,5.31,13.15,13.53,38.0,0.3362,182.4,0,Sabun Cuci Piring,Pembersih Lantai (HCl),Sabun Cuci Piring + Pembersih Lantai (HCl),Aman
0,6,12.19,7.26,4.93,3.62,69.07,38.45,0.1292,193.2,2,Pemutih (NaClO),Alkohol (Etanol),Pemutih (NaClO) + Alkohol (Etanol),Tinggi
0,6,12.74,6.93,5.81,3.8,72.34,24.78,0.2065,486.4,2,Pemutih (NaClO),Alkohol (Etanol),Pemutih (NaClO) + Alkohol (Etanol),Tinggi
3,4,7.14,1.39,5.74,12.86,12.07,31.46,0.4584,174.7,0,Sabun Cuci Piring,Pembersih Lantai (HCl),Sabun Cuci Piring + Pembersih Lantai (HCl),Aman
3,5,7.13,7.24,0.11,11.74,101.25,35.36,0.836,105.2,0,Sabun Cuci Piring,Air (H2O),Sabun Cuci Piring + Air (H2O),Aman
1,2,11.35,2.42,8.94,13.33,4.05,27.05,0.403,57.4,2,Amonia (NH3),Cuka (CH3COOH),Amonia (NH3) + Cuka (CH3COOH),Tinggi
1,5,11.38,7.45,3.93,11.28,100.0,21.09,0.1685,255.2,0,Amonia (NH3),Air (H2O),Amonia (NH3) + Air (H2O),Aman
0,3,12.48,6.95,5.53,6.95,15.19,33.92,0.9511,84.7,0,Pemutih (NaClO),Sabun Cuci Piring,Pemutih (NaClO) + Sabun Cuci Piring,Aman
4,5,0.44,7.32,6.88,7.1,96.43,21.61,0.887,139.3,0,Pembersih Lantai (HCl),Air (H2O),Pembersih Lantai (HCl) + Air (H2O),Aman
5,9,7.35,6.61,0.75,100.14,9.73,25.59,0.5707,397.5,2,Air (H2O),Asap Pembakaran (CO),Air (H2O) + Asap Pembakaran (CO),Tinggi
1,4,11.52,1.14,10.37,9.88,9.86,29.36,0.9845,300.6,0,Amonia (NH3),Pembersih Lantai (HCl),Amonia (NH3) + Pembersih Lantai (HCl),Aman
0,5,12.26,7.5,4.75,7.66,96.65,24.12,0.4028,84.2,0,Pemutih (NaClO),Air (H2O),Pemutih (NaClO) + Air (H2O),Aman
7,8,13.99,7.34,6.66,18.54,99.27,31.44,0.5694,234.7,2,Basa Kuat (NaOH),Aluminium Foil (Al),Basa Kuat (NaOH) + Aluminium Foil (Al),Tinggi
2,4,1.72,0.97,0.75,3.78,9.22,33.98,0.9042,412.4,1,Cuka (CH3COOH),Pembersih Lantai (HCl),Cuka (CH3COOH) + Pembersih Lantai (HCl),Sedang
0,5,11.96,6.83,5.13,2.98,97.64,39.7,0.8141,124.1,1,Pemutih (NaClO),Air (H2O),Pemutih (NaClO) + Air (H2O),Sedang
5,10,7.34,7.03,0.31,99.07,99.39,34.74,0.2156,229.7,2,Air (H2O),Gas LPG (Propana/Butana),Air (H2O) + Gas LPG (Propana/Butana),Tinggi
3,4,7.01,1.21,5.8,13.77,9.5,21.49,0.8166,440.8,0,Sabun Cuci Piring,Pembersih Lantai (HCl),Sabun Cuci Piring + Pembersih Lantai (HCl),Aman
3,5,7.43,7.02,0.41,17.52,101.98,39.29,0.1512,58.2,0,Sabun Cuci Piring,Air (H2O),Sabun Cuci Piring + Air (H2O),Aman
7,8,14.31,7.3,7.01,17.39,98.92,21.89,0.7321,382.7,2,Basa Kuat (NaOH),Aluminium Foil (Al),Basa Kuat (NaOH) + Aluminium Foil (Al),Tinggi
0,3,12.86,7.26,5.6,7.29,14.49,31.75,0.4496,391.6,1,Pemutih (NaClO),Sabun Cuci Piring,Pemutih (NaClO) + Sabun Cuci Piring,Sedang
0,6,12.78,6.63,6.14,3.57,71.91,37.92,0.5779,287.3,2,Pemutih (NaClO),Alkohol (Etanol),Pemutih (NaClO) + Alkohol (Etanol),Tinggi
0,4,13.32,1.18,12.13,4.03,8.73,24.43,0.7566,189.3,2,Pemutih (NaClO),Pembersih Lantai (HCl),Pemutih (NaClO) + Pembersih Lantai (HCl),Tinggi
5,9,7.15,6.84,0.31,101.65,10.35,22.61,0.2422,159.5,2,Air (H2O),Asap Pembakaran (CO),Air (H2O) + Asap Pembakaran (CO),Tinggi
3,4,7.1,1.28,5.82,16.0,11.41,36.87,0.2611,94.0,0,Sabun Cuci Piring,Pembersih Lantai (HCl),Sabun Cuci Piring + Pembersih Lantai (HCl),Aman
4,5,1.18,6.9,5.72,10.66,101.5,37.61,0.7577,303.6,0,Pembersih Lantai (HCl),Air (H2O),Pembersih Lantai (HCl) + Air (H2O),Aman
1,2,11.74,2.08,9.66,12.79,5.61,36.56,0.7075,265.8,1,Amonia (NH3),Cuka (CH3COOH),Amonia (NH3) + Cuka (CH3COOH),Sedang
0,6,12.82,7.3,5.52,6.4,71.76,29.09,0.4742,260.5,2,Pemutih (NaClO),Alkohol (Etanol),Pemutih (NaClO) + Alkohol (Etanol),Tinggi
0,3,12.61,6.79,5.82,3.64,14.15,20.12,0.4713,103.5,1,Pemutih (NaClO),Sabun Cuci Piring,Pemutih (NaClO) + Sabun Cuci Piring,Sedang
0,1,11.88,11.87,0.01,3.38,7.95,33.49,0.0556,105.8,2,Pemutih (NaClO),Amonia (NH3),Pemutih (NaClO) + Amonia (NH3),Tinggi
4,5,1.82,6.74,4.92,9.52,96.82,36.36,0.6919,348.4,0,Pembersih Lantai (HCl),Air (H2O),Pembersih Lantai (HCl) + Air (H2O),Aman
0,3,12.41,6.94,5.47,6.01,14.78,28.3,0.8566,374.8,0,Pemutih (NaClO),Sabun Cuci Piring,Pemutih (NaClO) + Sabun Cuci Piring,Aman
3,4,6.91,0.94,5.97,15.68,10.72,39.59,0.296,441.9,2,Sabun Cuci Piring,Pembersih Lantai (HCl),Sabun Cuci Piring + Pembersih Lantai (HCl),Tinggi
1,2,11.73,2.67,9.05,10.97,10.06,33.72,0.44,220.7,1,Amonia (NH3),Cuka (CH3COOH),Amonia (NH3) + Cuka (CH3COOH),Sedang
2,4,2.43,1.13,1.3,6.26,10.66,23.76,0.2613,388.1,1,Cuka (CH3COOH),Pembersih Lantai (HCl),Cuka (CH3COOH) + Pembersih Lantai (HCl),Sedang
1,4,12.02,1.12,10.9,7.55,8.21,39.87,0.1316,72.2,2,Amonia (NH3),Pembersih Lantai (HCl),Amonia (NH3) + Pembersih Lantai (HCl),Tinggi
0,6,12.22,7.41,4.8,3.75,69.48,20.91,0.1578,111.7,2,Pemutih (NaClO),Alkohol (Etanol),Pemutih (NaClO) + Alkohol (Etanol),Tinggi
0,3,12.42,6.81,5.61,6.73,13.34,27.74,0.6226,121.2,2,Pemutih (NaClO),Sabun Cuci Piring,Pemutih (NaClO) + Sabun Cuci Piring,Tinggi
7,8,13.72,7.13,6.59,21.9,101.21,22.07,0.5729,230.7,2,Basa Kuat (NaOH),Aluminium Foil (Al),Basa Kuat (NaOH) + Aluminium Foil (Al),Tinggi
5,9,7.27,7.15,0.12,98.75,13.18,34.15,0.4059,64.0,2,Air (H2O),Asap Pembakaran (CO),Air (H2O) + Asap Pembakaran (CO),Tinggi
5,10,7.29,7.03,0.26,98.48,100.17,33.6,0.72,88.2,2,Air (H2O),Gas LPG (Propana/Butana),Air (H2O) + Gas LPG (Propana/Butana),Tinggi
1,4,11.61,0.99,10.63,12.09,9.6,39.2,0.3291,448.7,2,Amonia (NH3),Pembersih Lantai (HCl),Amonia (NH3) + Pembersih Lantai (HCl),Tinggi
2,3,2.86,6.7,3.83,3.67,13.34,33.51,0.8066,183.4,1,Cuka (CH3COOH),Sabun Cuci Piring,Cuka (CH3COOH) + Sabun Cuci Piring,Sedang
0,2,12.51,1.91,10.6,1.66,9.18,26.77,0.757,294.8,2,Pemutih (NaClO),Cuka (CH3COOH),Pemutih (NaClO) + Cuka (CH3COOH),Tinggi
3,5,6.77,7.2,0.43,16.91,98.62,23.94,0.6426,256.1,0,Sabun Cuci Piring,Air (H2O),Sabun Cuci Piring + Air (H2O),Aman
1,5,11.56,6.99,4.58,9.04,100.54,36.17,0.1599,175.0,0,Amonia (NH3),Air (H2O),Amonia (NH3) + Air (H2O),Aman
5,10,6.24,7.08,0.84,100.58,101.02,28.09,0.2263,57.8,2,Air (H2O),Gas LPG (Propana/Butana),Air (H2O) + Gas LPG (Propana/Butana),Tinggi
7,8,13.72,7.5,6.22,19.28,99.44,31.23,0.637,487.6,2,Basa Kuat (NaOH),Aluminium Foil (Al),Basa Kuat (NaOH) + Aluminium Foil (Al),Tinggi
1,3,11.56,7.12,4.45,9.7,11.73,33.24,0.4412,352.0,0,Amonia (NH3),Sabun Cuci Piring,Amonia (NH3) + Sabun Cuci Piring,Aman
4,5,1.26,6.57,5.31,8.97,100.29,31.32,0.6121,297.2,0,Pembersih Lantai (HCl),Air (H2O),Pembersih Lantai (HCl) + Air (H2O),Aman
5,9,7.19,7.12,0.06,98.57,12.22,26.91,0.3399,455.0,2,Air (H2O),Asap Pembakaran (CO),Air (H2O) + Asap Pembakaran (CO),Tinggi
3,4,7.14,1.18,5.95,13.71,11.93,25.94,0.4266,133.7,0,Sabun Cuci Piring,Pembersih Lantai (HCl),Sabun Cuci Piring + Pembersih Lantai (HCl),Aman
2,5,2.43,7.11,4.69,5.35,100.74,26.91,0.7529,241.1,0,Cuka (CH3COOH),Air (H2O),Cuka (CH3COOH) + Air (H2O),Aman
5,6,7.11,7.02,0.09,98.74,65.89,26.55,0.9231,171.2,0,Air (H2O),Alkohol (Etanol),Air (H2O) + Alkohol (Etanol),Aman
0,2,12.63,2.41,10.23,2.1,7.09,36.71,0.2298,66.0,2,Pemutih (NaClO),Cuka (CH3COOH),Pemutih (NaClO) + Cuka (CH3COOH),Tinggi
1,4,11.2,1.16,10.05,10.94,10.21,29.48,0.6485,62.7,0,Amonia (NH3),Pembersih Lantai (HCl),Amonia (NH3) + Pembersih Lantai (HCl),Aman
1,4,11.16,0.99,10.17,9.11,6.87,33.47,0.5961,182.5,2,Amonia (NH3),Pembersih Lantai (HCl),Amonia (NH3) + Pembersih Lantai (HCl),Tinggi
2,5,2.94,6.58,3.64,2.84,99.32,30.94,0.2312,204.7,0,Cuka (CH3COOH),Air (H2O),Cuka (CH3COOH) + Air (H2O),Aman
3,5,6.94,6.82,0.12,13.92,99.39,32.3,0.8375,132.6,0,Sabun Cuci Piring,Air (H2O),Sabun Cuci Piring + Air (H2O),Aman
0,1,12.54,11.79,0.75,4.38,8.9,28.27,0.0727,371.4,2,Pemutih (NaClO),Amonia (NH3),Pemutih (NaClO) + Amonia (NH3),Tinggi
0,1,12.5,11.65,0.85,6.62,9.92,23.51,0.6586,488.9,2,Pemutih (NaClO),Amonia (NH3),Pemutih (NaClO) + Amonia (NH3),Tinggi
1,4,11.68,0.6,11.08,6.35,12.0,30.18,0.9916,492.4,0,Amonia (NH3),Pembersih Lantai (HCl),Amonia (NH3) + Pembersih Lantai (HCl),Aman
3,4,6.96,0.62,6.34,11.08,11.16,22.01,0.3361,220.6,0,Sabun Cuci Piring,Pembersih Lantai (HCl),Sabun Cuci Piring + Pembersih Lantai (HCl),Aman
4,5,0.63,6.8,6.17,11.31,99.09,23.52,0.3226,80.4,0,Pembersih Lantai (HCl),Air (H2O),Pembersih Lantai (HCl) + Air (H2O),Aman
0,6,12.84,7.2,5.63,5.63,70.43,35.52,0.5351,408.9,2,Pemutih (NaClO),Alkohol (Etanol),Pemutih (NaClO) + Alkohol (Etanol),Tinggi
1,5,11.39,6.54,4.85,9.92,100.18,34.81,0.4465,80.8,0,Amonia (NH3),Air (H2O),Amonia (NH3) + Air (H2O),Aman
2,5,2.56,7.12,4.56,3.15,100.54,26.59,0.3908,383.4,0,Cuka (CH3COOH),Air (H2O),Cuka (CH3COOH) + Air (H2O),Aman
2,3,2.71,6.74,4.03,5.32,15.97,32.91,0.9857,146.3,1,Cuka (CH3COOH),Sabun Cuci Piring,Cuka (CH3COOH) + Sabun Cuci Piring,Sedang
1,5,11.55,6.99,4.56,9.94,99.56,29.4,0.2564,451.1,0,Amonia (NH3),Air (H2O),Amonia (NH3) + Air (H2O),Aman
3,4,6.81,0.7,6.11,16.15,9.83,26.16,0.289,260.8,0,Sabun Cuci Piring,Pembersih Lantai (HCl),Sabun Cuci Piring + Pembersih Lantai (HCl),Aman
5,6,7.04,7.03,0.01,98.38,66.4,37.14,0.3751,257.9,2,Air (H2O),Alkohol (Etanol),Air (H2O) + Alkohol (Etanol),Tinggi
2,4,2.58,0.68,1.9,5.91,9.87,24.02,0.7901,402.7,1,Cuka (CH3COOH),Pembersih Lantai (HCl),Cuka (CH3COOH) + Pembersih Lantai (HCl),Sedang
3,4,7.27,1.16,6.12,14.17,10.28,28.18,0.6928,140.0,0,Sabun Cuci Piring,Pembersih Lantai (HCl),Sabun Cuci Piring + Pembersih Lantai (HCl),Aman
7,8,14.08,6.55,7.53,18.33,100.66,39.1,0.4967,227.1,2,Basa Kuat (NaOH),Aluminium Foil (Al),Basa Kuat (NaOH) + Aluminium Foil (Al),Tinggi
1,2,11.26,2.15,9.1,9.31,7.86,21.56,0.4974,116.6,1,Amonia (NH3),Cuka (CH3COOH),Amonia (NH3) + Cuka (CH3COOH),Sedang
1,4,11.46,0.83,10.63,11.55,9.01,27.4,0.2848,460.3,1,Amonia (NH3),Pembersih Lantai (HCl),Amonia (NH3) + Pembersih Lantai (HCl),Sedang
5,6,6.91,7.19,0.28,100.46,73.63,31.48,0.5008,270.3,0,Air (H2O),Alkohol (Etanol),Air (H2O) + Alkohol (Etanol),Aman
4,5,1.17,7.01,5.85,10.72,101.5,22.4,0.7379,107.8,0,Pembersih Lantai (HCl),Air (H2O),Pembersih Lantai (HCl) + Air (H2O),Aman
0,3,12.04,7.06,4.97,2.78,15.65,34.87,0.5281,235.1,1,Pemutih (NaClO),Sabun Cuci Piring,Pemutih (NaClO) + Sabun Cuci Piring,Sedang
0,6,13.03,7.22,5.81,3.99,69.0,22.41,0.1228,304.4,2,Pemutih (NaClO),Alkohol (Etanol),Pemutih (NaClO) + Alkohol (Etanol),Tinggi
0,3,12.32,7.37,4.95,5.36,13.09,39.56,0.4344,117.7,1,Pemutih (NaClO),Sabun Cuci Piring,Pemutih (NaClO) + Sabun Cuci Piring,Sedang
0,1,12.84,11.52,1.33,8.78,6.14,33.04,0.1888,78.4,2,Pemutih (NaClO),Amonia (NH3),Pemutih (NaClO) + Amonia (NH3),Tinggi
2,5,2.18,6.73,4.55,5.38,99.9,22.59,0.511,119.2,0,Cuka (CH3COOH),Air (H2O),Cuka (CH3COOH) + Air (H2O),Aman
1,4,11.72,0.89,10.83,10.01,9.56,35.63,0.0154,417.6,1,Amonia (NH3),Pembersih Lantai (HCl),Amonia (NH3) + Pembersih Lantai (HCl),Sedang
0,1,12.25,11.34,0.91,0.5,7.92,35.24,0.9901,400.0,2,Pemutih (NaClO),Amonia (NH3),Pemutih (NaClO) + Amonia (NH3),Tinggi
0,1,12.97,11.74,1.23,5.31,7.8,33.6,0.2923,198.6,2,Pemutih (NaClO),Amonia (NH3),Pemutih (NaClO) + Amonia (NH3),Tinggi
0,6,12.48,6.8,5.68,2.27,66.09,35.91,0.388,222.6,2,Pemutih (NaClO),Alkohol (Etanol),Pemutih (NaClO) + Alkohol (Etanol),Tinggi
0,4,12.68,1.17,11.51,4.03,7.38,24.14,0.3359,110.4,2,Pemutih (NaClO),Pembersih Lantai (HCl),Pemutih (NaClO) + Pembersih Lantai (HCl),Tinggi
3,4,7.01,1.4,5.62,16.84,7.08,34.36,0.311,187.7,0,Sabun Cuci Piring,Pembersih Lantai (HCl),Sabun Cuci Piring + Pembersih Lantai (HCl),Aman
0,2,12.6,2.53,10.06,5.23,4.94,24.03,0.864,194.6,2,Pemutih (NaClO),Cuka (CH3COOH),Pemutih (NaClO) + Cuka (CH3COOH),Tinggi
5,10,6.86,6.38,0.48,101.66,100.57,37.92,0.2726,462.0,2,Air (H2O),Gas LPG (Propana/Butana),Air (H2O) + Gas LPG (Propana/Butana),Tinggi
2,5,2.46,7.1,4.64,3.53,97.7,31.3,0.4037,228.3,0,Cuka (CH3COOH),Air (H2O),Cuka (CH3COOH) + Air (H2O),Aman
1,2,11.69,2.47,9.22,8.09,6.73,24.35,0.2567,95.4,1,Amonia (NH3),Cuka (CH3COOH),Amonia (NH3) + Cuka (CH3COOH),Sedang
0,5,12.16,6.99,5.18,6.87,100.74,25.79,0.6624,325.9,0,Pemutih (NaClO),Air (H2O),Pemutih (NaClO) + Air (H2O),Aman
2,3,2.8,6.76,3.95,7.78,15.79,27.65,0.4112,352.7,2,Cuka (CH3COOH),Sabun Cuci Piring,Cuka (CH3COOH) + Sabun Cuci Piring,Tinggi
7,8,13.41,6.98,6.43,21.2,104.02,30.07,0.1618,216.2,2,Basa Kuat (NaOH),Aluminium Foil (Al),Basa Kuat (NaOH) + Aluminium Foil (Al),Tinggi
1,3,11.56,6.81,4.75,9.58,13.52,33.69,0.5338,350.1,0,Amonia (NH3),Sabun Cuci Piring,Amonia (NH3) + Sabun Cuci Piring,Aman
1,3,11.27,6.96,4.31,7.44,18.15,20.63,0.6955,247.3,0,Amonia (NH3),Sabun Cuci Piring,Amonia (NH3) + Sabun Cuci Piring,Aman
0,1,11.8,11.32,0.48,4.61,6.44,36.41,0.4512,321.6,2,Pemutih (NaClO),Amonia (NH3),Pemutih (NaClO) + Amonia (NH3),Tinggi
5,6,7.08,6.86,0.22,99.4,69.36,34.12,0.9864,284.9,0,Air (H2O),Alkohol (Etanol),Air (H2O) + Alkohol (Etanol),Aman
5,10,7.27,7.59,0.32,100.76,101.29,34.46,0.4197,93.5,2,Air (H2O),Gas LPG (Propana/Butana),Air (H2O) + Gas LPG (Propana/Butana),Tinggi
0,1,12.21,11.15,1.06,3.52,10.35,31.26,0.2785,93.0,2,Pemutih (NaClO),Amonia (NH3),Pemutih (NaClO) + Amonia (NH3),Tinggi
2,4,2.95,0.84,2.12,6.69,11.21,28.08,0.6784,393.8,2,Cuka (CH3COOH),Pembersih Lantai (HCl),Cuka (CH3COOH) + Pembersih Lantai (HCl),Tinggi
3,4,6.94,1.23,5.72,16.29,8.03,23.6,0.2851,254.8,0,Sabun Cuci Piring,Pembersih Lantai (HCl),Sabun Cuci Piring + Pembersih Lantai (HCl),Aman
0,4,12.97,0.79,12.18,1.7,10.07,37.52,0.4351,290.9,2,Pemutih (NaClO),Pembersih Lantai (HCl),Pemutih (NaClO) + Pembersih Lantai (HCl),Tinggi
2,3,2.55,6.74,4.19,3.45,17.24,21.03,0.3369,388.9,1,Cuka (CH3COOH),Sabun Cuci Piring,Cuka (CH3COOH) + Sabun Cuci Piring,Sedang
1,5,11.79,6.96,4.84,9.12,99.35,25.05,0.3738,430.7,0,Amonia (NH3),Air (H2O),Amonia (NH3) + Air (H2O),Aman
1,5,12.04,7.17,4.88,11.39,98.16,22.37,0.2507,112.9,0,Amonia (NH3),Air (H2O),Amonia (NH3) + Air (H2O),Aman
1,3,11.68,6.82,4.86,8.95,15.63,34.86,0.4763,72.5,0,Amonia (NH3),Sabun Cuci Piring,Amonia (NH3) + Sabun Cuci Piring,Aman
5,9,6.74,6.96,0.22,102.14,7.21,38.32,0.7785,75.4,2,Air (H2O),Asap Pembakaran (CO),Air (H2O) + Asap Pembakaran (CO),Tinggi
0,3,12.64,7.06,5.57,3.34,15.24,36.23,0.8285,306.4,1,Pemutih (NaClO),Sabun Cuci Piring,Pemutih (NaClO) + Sabun Cuci Piring,Sedang
0,2,12.96,2.61,10.35,8.24,5.97,27.34,0.5452,282.4,2,Pemutih (NaClO),Cuka (CH3COOH),Pemutih (NaClO) + Cuka (CH3COOH),Tinggi
0,6,12.44,6.93,5.51,4.42,69.84,21.09,0.6567,426.7,2,Pemutih (NaClO),Alkohol (Etanol),Pemutih (NaClO) + Alkohol (Etanol),Tinggi
1,2,11.22,2.82,8.41,5.48,5.46,30.86,0.4334,174.5,1,Amonia (NH3),Cuka (CH3COOH),Amonia (NH3) + Cuka (CH3COOH),Sedang
5,6,7.41,6.74,0.67,99.66,70.75,32.23,0.1785,219.3,0,Air (H2O),Alkohol (Etanol),Air (H2O) + Alkohol (Etanol),Aman
3,4,6.62,1.15,5.47,16.27,8.35,22.9,0.1207,332.5,0,Sabun Cuci Piring,Pembersih Lantai (HCl),Sabun Cuci Piring + Pembersih Lantai (HCl),Aman
0,1,12.09,11.22,0.87,4.94,10.67,23.49,0.7916,479.9,2,Pemutih (NaClO),Amonia (NH3),Pemutih (NaClO) + Amonia (NH3),Tinggi
1,3,11.05,6.57,4.48,8.31,16.88,24.88,0.4307,263.0,0,Amonia (NH3),Sabun Cuci Piring,Amonia (NH3) + Sabun Cuci Piring,Aman
5,9,7.19,7.43,0.24,99.86,8.03,22.01,0.3966,278.3,2,Air (H2O),Asap Pembakaran (CO),Air (H2O) + Asap Pembakaran (CO),Tinggi
7,8,13.89,6.6,7.28,19.94,100.24,32.28,0.2135,181.1,2,Basa Kuat (NaOH),Aluminium Foil (Al),Basa Kuat (NaOH) + Aluminium Foil (Al),Tinggi
2,5,2.48,6.93,4.45,6.22,98.6,22.21,0.3525,128.1,0,Cuka (CH3COOH),Air (H2O),Cuka (CH3COOH) + Air (H2O),Aman
0,3,12.55,7.02,5.53,2.12,15.57,29.17,0.523,157.9,1,Pemutih (NaClO),Sabun Cuci Piring,Pemutih (NaClO) + Sabun Cuci Piring,Sedang
0,6,12.55,6.97,5.58,4.67,67.67,37.68,0.0839,282.5,2,Pemutih (NaClO),Alkohol (Etanol),Pemutih (NaClO) + Alkohol (Etanol),Tinggi
4,5,1.18,6.82,5.64,5.88,100.68,32.49,0.4681,147.9,0,Pembersih Lantai (HCl),Air (H2O),Pembersih Lantai (HCl) + Air (H2O),Aman
1,3,11.88,7.04,4.85,13.05,13.67,28.51,0.0618,300.6,0,Amonia (NH3),Sabun Cuci Piring,Amonia (NH3) + Sabun Cuci Piring,Aman
0,3,12.57,7.23,5.34,10.2,17.62,26.05,0.2961,275.7,2,Pemutih (NaClO),Sabun Cuci Piring,Pemutih (NaClO) + Sabun Cuci Piring,Tinggi
1,4,11.57,1.64,9.94,7.45,7.83,23.35,0.9785,218.8,1,Amonia (NH3),Pembersih Lantai (HCl),Amonia (NH3) + Pembersih Lantai (HCl),Sedang
0,4,12.58,1.31,11.27,4.33,11.13,31.49,0.8131,403.8,2,Pemutih (NaClO),Pembersih Lantai (HCl),Pemutih (NaClO) + Pembersih Lantai (HCl),Tinggi
3,5,6.83,7.04,0.22,10.11,99.99,30.13,0.8709,146.1,0,Sabun Cuci Piring,Air (H2O),Sabun Cuci Piring + Air (H2O),Aman
0,2,12.46,2.49,9.97,6.27,2.19,22.51,0.325,304.2,2,Pemutih (NaClO),Cuka (CH3COOH),Pemutih (NaClO) + Cuka (CH3COOH),Tinggi
3,4,7.41,0.55,6.86,14.61,9.22,21.3,0.5302,455.7,0,Sabun Cuci Piring,Pembersih Lantai (HCl),Sabun Cuci Piring + Pembersih Lantai (HCl),Aman
0,3,12.05,7.04,5.01,3.21,12.79,37.69,0.0854,250.0,2,Pemutih (NaClO),Sabun Cuci Piring,Pemutih (NaClO) + Sabun Cuci Piring,Tinggi
0,3,12.61,6.82,5.79,2.96,14.7,31.39,0.5337,253.6,1,Pemutih (NaClO),Sabun Cuci Piring,Pemutih (NaClO) + Sabun Cuci Piring,Sedang
3,5,7.49,6.84,0.64,14.04,101.03,32.49,0.2376,276.5,0,Sabun Cuci Piring,Air (H2O),Sabun Cuci Piring + Air (H2O),Aman
1,5,11.27,7.15,4.12,10.66,98.16,32.65,0.0525,182.0,0,Amonia (NH3),Air (H2O),Amonia (NH3) + Air (H2O),Aman
1,3,11.43,7.18,4.25,8.19,15.05,38.16,0.9449,52.8,0,Amonia (NH3),Sabun Cuci Piring,Amonia (NH3) + Sabun Cuci Piring,Aman
0,3,12.5,7.08,5.41,5.46,17.99,31.44,0.6159,405.4,1,Pemutih (NaClO),Sabun Cuci Piring,Pemutih (NaClO) + Sabun Cuci Piring,Sedang
3,5,7.15,6.87,0.28,15.86,102.33,28.29,0.0362,194.6,0,Sabun Cuci Piring,Air (H2O),Sabun Cuci Piring + Air (H2O),Aman
5,10,7.02,7.11,0.09,95.32,102.19,37.34,0.9533,353.9,1,Air (H2O),Gas LPG (Propana/Butana),Air (H2O) + Gas LPG (Propana/Butana),Sedang
0,2,12.45,1.99,10.46,5.67,3.56,25.99,0.3232,167.2,2,Pemutih (NaClO),Cuka (CH3COOH),Pemutih (NaClO) + Cuka (CH3COOH),Tinggi
7,8,13.92,7.37,6.55,24.1,98.3,32.82,0.9536,427.8,2,Basa Kuat (NaOH),Aluminium Foil (Al),Basa Kuat (NaOH) + Aluminium Foil (Al),Tinggi
0,1,12.5,11.62,0.89,5.48,7.45,38.55,0.4073,499.5,2,Pemutih (NaClO),Amonia (NH3),Pemutih (NaClO) + Amonia (NH3),Tinggi
0,3,12.64,6.54,6.1,3.3,18.03,28.36,0.1658,119.3,1,Pemutih (NaClO),Sabun Cuci Piring,Pemutih (NaClO) + Sabun Cuci Piring,Sedang
1,4,11.84,1.62,10.22,12.45,6.66,38.29,0.6744,231.7,2,Amonia (NH3),Pembersih Lantai (HCl),Amonia (NH3) + Pembersih Lantai (HCl),Tinggi
3,4,7.15,1.32,5.84,15.28,11.0,36.79,0.9445,172.8,0,Sabun Cuci Piring,Pembersih Lantai (HCl),Sabun Cuci Piring + Pembersih Lantai (HCl),Aman
2,5,2.27,6.92,4.65,6.76,98.9,35.16,0.5964,173.5,0,Cuka (CH3COOH),Air (H2O),Cuka (CH3COOH) + Air (H2O),Aman
5,6,6.8,6.71,0.1,99.1,66.0,24.02,0.7743,370.7,0,Air (H2O),Alkohol (Etanol),Air (H2O) + Alkohol (Etanol),Aman
5,9,6.73,7.02,0.28,98.98,8.8,28.73,0.5818,284.9,2,Air (H2O),Asap Pembakaran (CO),Air (H2O) + Asap Pembakaran (CO),Tinggi
0,6,12.67,7.08,5.59,7.62,72.19,30.03,0.3618,126.8,2,Pemutih (NaClO),Alkohol (Etanol),Pemutih (NaClO) + Alkohol (Etanol),Tinggi
0,3,12.63,6.65,5.98,6.21,12.85,28.24,0.6538,497.8,1,Pemutih (NaClO),Sabun Cuci Piring,Pemutih (NaClO) + Sabun Cuci Piring,Sedang
0,5,11.97,6.25,5.72,3.81,101.38,26.82,0.9547,363.5,0,Pemutih (NaClO),Air (H2O),Pemutih (NaClO) + Air (H2O),Aman
0,2,12.79,2.74,10.05,5.29,6.15,25.26,0.0452,50.8,2,Pemutih (NaClO),Cuka (CH3COOH),Pemutih (NaClO) + Cuka (CH3COOH),Tinggi
2,4,1.99,1.07,0.92,4.86,8.1,32.86,0.7034,184.6,1,Cuka (CH3COOH),Pembersih Lantai (HCl),Cuka (CH3COOH) + Pembersih Lantai (HCl),Sedang
1,3,11.46,6.83,4.63,9.41,13.7,23.77,0.5616,361.8,0,Amonia (NH3),Sabun Cuci Piring,Amonia (NH3) + Sabun Cuci Piring,Aman
2,3,2.3,7.28,4.98,6.04,16.54,27.75,0.6268,299.1,1,Cuka (CH3COOH),Sabun Cuci Piring,Cuka (CH3COOH) + Sabun Cuci Piring,Sedang
1,5,11.86,7.0,4.86,9.87,99.84,24.71,0.9352,479.7,0,Amonia (NH3),Air (H2O),Amonia (NH3) + Air (H2O),Aman
2,3,2.86,6.89,4.03,3.03,12.15,21.62,0.3165,484.8,1,Cuka (CH3COOH),Sabun Cuci Piring,Cuka (CH3COOH) + Sabun Cuci Piring,Sedang
0,4,12.51,1.39,11.11,10.83,10.96,38.33,0.6281,428.2,2,Pemutih (NaClO),Pembersih Lantai (HCl),Pemutih (NaClO) + Pembersih Lantai (HCl),Tinggi
1,4,11.83,0.62,11.21,9.92,9.0,36.79,0.3604,242.1,2,Amonia (NH3),Pembersih Lantai (HCl),Amonia (NH3) + Pembersih Lantai (HCl),Tinggi
2,4,2.25,0.67,1.58,6.05,6.67,37.0,0.6032,115.6,2,Cuka (CH3COOH),Pembersih Lantai (HCl),Cuka (CH3COOH) + Pembersih Lantai (HCl),Tinggi
0,2,12.15,2.88,9.27,7.11,6.89,23.4,0.5808,267.7,2,Pemutih (NaClO),Cuka (CH3COOH),Pemutih (NaClO) + Cuka (CH3COOH),Tinggi
2,3,2.37,6.92,4.56,3.1,13.64,26.94,0.0366,133.9,1,Cuka (CH3COOH),Sabun Cuci Piring,Cuka (CH3COOH) + Sabun Cuci Piring,Sedang
1,3,11.2,6.75,4.45,8.97,14.0,33.7,0.1868,294.4,0,Amonia (NH3),Sabun Cuci Piring,Amonia (NH3) + Sabun Cuci Piring,Aman
3,4,7.47,1.22,6.25,13.06,8.98,26.34,0.5395,360.9,0,Sabun Cuci Piring,Pembersih Lantai (HCl),Sabun Cuci Piring + Pembersih Lantai (HCl),Aman
5,9,7.17,7.02,0.15,97.32,11.22,37.58,0.4045,181.2,2,Air (H2O),Asap Pembakaran (CO),Air (H2O) + Asap Pembakaran (CO),Tinggi
1,2,11.55,2.34,9.21,10.93,7.18,38.23,0.3794,427.2,1,Amonia (NH3),Cuka (CH3COOH),Amonia (NH3) + Cuka (CH3COOH),Sedang
5,9,7.46,7.4,0.06,102.49,10.27,30.82,0.9273,469.4,2,Air (H2O),Asap Pembakaran (CO),Air (H2O) + Asap Pembakaran (CO),Tinggi
3,5,6.96,6.73,0.22,14.44,99.21,22.52,0.4373,379.4,0,Sabun Cuci Piring,Air (H2O),Sabun Cuci Piring + Air (H2O),Aman
2,4,3.1,0.8,2.29,6.66,6.26,21.01,0.4933,183.2,1,Cuka (CH3COOH),Pembersih Lantai (HCl),Cuka (CH3COOH) + Pembersih Lantai (HCl),Sedang
2,5,2.18,6.75,4.57,7.24,102.65,27.69,0.0553,414.4,0,Cuka (CH3COOH),Air (H2O),Cuka (CH3COOH) + Air (H2O),Aman
1,2,11.41,2.1,9.31,12.92,0.5,30.03,0.9012,167.4,0,Amonia (NH3),Cuka (CH3COOH),Amonia (NH3) + Cuka (CH3COOH),Aman
2,5,2.04,6.62,4.58,2.92,98.26,27.45,0.3183,329.5,0,Cuka (CH3COOH),Air (H2O),Cuka (CH3COOH) + Air (H2O),Aman
5,9,7.08,7.43,0.35,101.99,14.74,37.14,0.2326,412.7,2,Air (H2O),Asap Pembakaran (CO),Air (H2O) + Asap Pembakaran (CO),Tinggi
7,8,13.82,7.07,6.75,20.75,95.88,29.88,0.3606,442.6,2,Basa Kuat (NaOH),Aluminium Foil (Al),Basa Kuat (NaOH) + Aluminium Foil (Al),Tinggi
2,4,2.44,0.86,1.59,2.77,10.87,24.62,0.889,74.7,1,Cuka (CH3COOH),Pembersih Lantai (HCl),Cuka (CH3COOH) + Pembersih Lantai (HCl),Sedang
3,4,6.52,0.81,5.71,17.79,8.44,32.19,0.6869,256.7,0,Sabun Cuci Piring,Pembersih Lantai (HCl),Sabun Cuci Piring + Pembersih Lantai (HCl),Aman
0,2,12.62,2.39,10.23,6.65,5.64,22.43,0.215,66.7,2,Pemutih (NaClO),Cuka (CH3COOH),Pemutih (NaClO) + Cuka (CH3COOH),Tinggi
0,2,12.44,3.07,9.37,5.17,8.55,26.24,0.285,378.7,2,Pemutih (NaClO),Cuka (CH3COOH),Pemutih (NaClO) + Cuka (CH3COOH),Tinggi
3,4,6.78,1.26,5.52,13.83,12.25,26.57,0.1079,470.8,0,Sabun Cuci Piring,Pembersih Lantai (HCl),Sabun Cuci Piring + Pembersih Lantai (HCl),Aman
1,5,11.65,7.12,4.53,9.8,100.57,28.71,0.3782,386.5,0,Amonia (NH3),Air (H2O),Amonia (NH3) + Air (H2O),Aman
5,9,7.42,6.94,0.48,102.29,10.91,32.95,0.0036,164.2,2,Air (H2O),Asap Pembakaran (CO),Air (H2O) + Asap Pembakaran (CO),Tinggi
0,5,12.89,6.79,6.1,7.4,99.43,33.16,0.5811,288.5,0,Pemutih (NaClO),Air (H2O),Pemutih (NaClO) + Air (H2O),Aman
0,2,12.06,2.67,9.39,2.64,4.61,26.68,0.4713,62.0,2,Pemutih (NaClO),Cuka (CH3COOH),Pemutih (NaClO) + Cuka (CH3COOH),Tinggi
0,6,12.22,7.06,5.16,2.36,70.62,24.31,0.2794,158.5,2,Pemutih (NaClO),Alkohol (Etanol),Pemutih (NaClO) + Alkohol (Etanol),Tinggi
1,4,11.38,0.5,10.88,9.56,10.47,34.24,0.3759,467.5,1,Amonia (NH3),Pembersih Lantai (HCl),Amonia (NH3) + Pembersih Lantai (HCl),Sedang
2,5,2.2,7.14,4.94,3.06,101.48,21.12,0.121,468.5,0,Cuka (CH3COOH),Air (H2O),Cuka (CH3COOH) + Air (H2O),Aman
5,10,6.52,7.73,1.21,99.72,105.18,38.56,0.2573,171.4,2,Air (H2O),Gas LPG (Propana/Butana),Air (H2O) + Gas LPG (Propana/Butana),Tinggi
5,9,6.79,7.11,0.32,100.33,10.86,37.49,0.0596,193.0,2,Air (H2O),Asap Pembakaran (CO),Air (H2O) + Asap Pembakaran (CO),Tinggi
2,4,2.07,0.79,1.29,4.4,12.0,20.89,0.268,74.2,1,Cuka (CH3COOH),Pembersih Lantai (HCl),Cuka (CH3COOH) + Pembersih Lantai (HCl),Sedang
2,3,2.26,6.91,4.64,3.64,15.8,34.08,0.7284,453.6,1,Cuka (CH3COOH),Sabun Cuci Piring,Cuka (CH3COOH) + Sabun Cuci Piring,Sedang
7,8,14.01,6.73,7.28,21.18,98.59,21.28,0.3564,320.5,2,Basa Kuat (NaOH),Aluminium Foil (Al),Basa Kuat (NaOH) + Aluminium Foil (Al),Tinggi
2,3,2.46,7.19,4.73,3.49,13.35,34.37,0.6123,178.5,1,Cuka (CH3COOH),Sabun Cuci Piring,Cuka (CH3COOH) + Sabun Cuci Piring,Sedang
0,3,12.51,7.02,5.49,4.61,11.04,23.07,0.1332,141.9,1,Pemutih (NaClO),Sabun Cuci Piring,Pemutih (NaClO) + Sabun Cuci Piring,Sedang
3,4,7.09,0.8,6.3,12.68,6.55,32.12,0.3593,75.8,0,Sabun Cuci Piring,Pembersih Lantai (HCl),Sabun Cuci Piring + Pembersih Lantai (HCl),Aman
0,1,12.38,11.5,0.89,4.74,7.18,22.96,0.3782,357.7,2,Pemutih (NaClO),Amonia (NH3),Pemutih (NaClO) + Amonia (NH3),Tinggi
1,4,11.09,0.79,10.3,9.31,11.32,22.28,0.1409,434.1,1,Amonia (NH3),Pembersih Lantai (HCl),Amonia (NH3) + Pembersih Lantai (HCl),Sedang
5,10,6.84,7.04,0.2,101.29,102.15,37.45,0.4178,301.9,2,Air (H2O),Gas LPG (Propana/Butana),Air (H2O) + Gas LPG (Propana/Butana),Tinggi
2,5,2.4,7.48,5.08,6.87,100.87,32.26,0.6883,280.7,0,Cuka (CH3COOH),Air (H2O),Cuka (CH3COOH) + Air (H2O),Aman
3,5,6.85,6.67,0.18,10.21,99.71,26.75,0.4993,353.6,0,Sabun Cuci Piring,Air (H2O),Sabun Cuci Piring + Air (H2O),Aman
3,5,6.98,7.07,0.09,19.12,102.73,27.88,0.2018,81.7,0,Sabun Cuci Piring,Air (H2O),Sabun Cuci Piring + Air (H2O),Aman
4,5,0.5,7.08,6.57,10.19,97.05,21.45,0.7446,391.1,0,Pembersih Lantai (HCl),Air (H2O),Pembersih Lantai (HCl) + Air (H2O),Aman
1,4,11.52,1.13,10.38,9.48,9.01,27.47,0.8887,253.9,1,Amonia (NH3),Pembersih Lantai (HCl),Amonia (NH3) + Pembersih Lantai (HCl),Sedang
0,2,12.33,2.65,9.68,5.09,7.45,31.46,0.9838,180.9,2,Pemutih (NaClO),Cuka (CH3COOH),Pemutih (NaClO) + Cuka (CH3COOH),Tinggi
0,1,12.21,11.28,0.93,5.86,7.84,22.58,0.946,370.4,2,Pemutih (NaClO),Amonia (NH3),Pemutih (NaClO) + Amonia (NH3),Tinggi
2,3,2.66,6.91,4.25,7.99,15.95,39.58,0.4943,471.6,2,Cuka (CH3COOH),Sabun Cuci Piring,Cuka (CH3COOH) + Sabun Cuci Piring,Tinggi
1,4,11.93,1.09,10.85,8.89,8.81,26.29,0.0847,259.0,1,Amonia (NH3),Pembersih Lantai (HCl),Amonia (NH3) + Pembersih Lantai (HCl),Sedang
3,5,6.21,7.1,0.9,12.68,99.29,24.38,0.7208,334.1,0,Sabun Cuci Piring,Air (H2O),Sabun Cuci Piring + Air (H2O),Aman
1,5,11.39,6.94,4.45,8.34,101.18,33.14,0.6538,92.7,0,Amonia (NH3),Air (H2O),Amonia (NH3) + Air (H2O),Aman
5,6,6.88,6.76,0.13,102.23,69.69,31.55,0.6764,393.6,0,Air (H2O),Alkohol (Etanol),Air (H2O) + Alkohol (Etanol),Aman
2,4,2.36,1.14,1.22,1.37,11.58,29.29,0.0137,266.8,1,Cuka (CH3COOH),Pembersih Lantai (HCl),Cuka (CH3COOH) + Pembersih Lantai (HCl),Sedang
4,5,0.99,7.34,6.35,7.11,98.35,20.54,0.708,224.9,0,Pembersih Lantai (HCl),Air (H2O),Pembersih Lantai (HCl) + Air (H2O),Aman
3,4,7.43,0.42,7.01,16.38,11.22,35.81,0.6971,498.0,1,Sabun Cuci Piring,Pembersih Lantai (HCl),Sabun Cuci Piring + Pembersih Lantai (HCl),Sedang
3,4,7.22,0.71,6.51,13.06,8.21,21.7,0.7416,362.0,0,Sabun Cuci Piring,Pembersih Lantai (HCl),Sabun Cuci Piring + Pembersih Lantai (HCl),Aman
0,3,12.31,6.76,5.55,5.57,13.11,34.91,0.9777,317.7,2,Pemutih (NaClO),Sabun Cuci Piring,Pemutih (NaClO) + Sabun Cuci Piring,Tinggi
2,5,2.4,7.2,4.8,1.67,102.91,28.64,0.5279,172.9,0,Cuka (CH3COOH),Air (H2O),Cuka (CH3COOH) + Air (H2O),Aman
0,2,12.05,2.66,9.38,3.15,3.93,25.18,0.4883,343.7,2,Pemutih (NaClO),Cuka (CH3COOH),Pemutih (NaClO) + Cuka (CH3COOH),Tinggi
0,6,12.48,6.51,5.97,8.11,66.77,21.48,0.0347,260.9,2,Pemutih (NaClO),Alkohol (Etanol),Pemutih (NaClO) + Alkohol (Etanol),Tinggi
1,4,11.46,1.38,10.08,10.79,10.21,34.75,0.1281,280.4,1,Amonia (NH3),Pembersih Lantai (HCl),Amonia (NH3) + Pembersih Lantai (HCl),Sedang
5,10,6.88,7.56,0.68,97.91,99.58,30.62,0.1464,112.9,2,Air (H2O),Gas LPG (Propana/Butana),Air (H2O) + Gas LPG (Propana/Butana),Tinggi
2,4,2.37,0.85,1.52,8.45,6.97,25.66,0.5095,279.9,2,Cuka (CH3COOH),Pembersih Lantai (HCl),Cuka (CH3COOH) + Pembersih Lantai (HCl),Tinggi
2,4,2.82,1.18,1.64,5.69,11.18,25.14,0.618,257.0,1,Cuka (CH3COOH),Pembersih Lantai (HCl),Cuka (CH3COOH) + Pembersih Lantai (HCl),Sedang
2,5,2.03,7.05,5.01,9.29,100.5,24.02,0.9072,168.8,0,Cuka (CH3COOH),Air (H2O),Cuka (CH3COOH) + Air (H2O),Aman
0,4,12.28,1.09,11.19,0.5,7.47,25.07,0.919,351.5,1,Pemutih (NaClO),Pembersih Lantai (HCl),Pemutih (NaClO) + Pembersih Lantai (HCl),Sedang
5,6,6.85,7.24,0.39,102.19,71.51,38.62,0.5529,363.4,0,Air (H2O),Alkohol (Etanol),Air (H2O) + Alkohol (Etanol),Aman
3,5,7.54,7.05,0.49,13.52,97.06,34.04,0.4509,285.0,0,Sabun Cuci Piring,Air (H2O),Sabun Cuci Piring + Air (H2O),Aman
1,3,11.78,7.06,4.72,9.19,16.07,29.47,0.7466,412.1,0,Amonia (NH3),Sabun Cuci Piring,Amonia (NH3) + Sabun Cuci Piring,Aman
3,5,7.37,6.76,0.61,14.52,99.65,32.52,0.4158,484.1,0,Sabun Cuci Piring,Air (H2O),Sabun Cuci Piring + Air (H2O),Aman
0,3,12.74,6.91,5.82,5.65,17.36,21.4,0.9803,327.3,1,Pemutih (NaClO),Sabun Cuci Piring,Pemutih (NaClO) + Sabun Cuci Piring,Sedang
0,6,12.36,6.78,5.58,7.17,69.58,21.87,0.2109,157.4,2,Pemutih (NaClO),Alkohol (Etanol),Pemutih (NaClO) + Alkohol (Etanol),Tinggi
1,2,11.64,2.74,8.9,7.84,3.92,21.73,0.117,371.8,1,Amonia (NH3),Cuka (CH3COOH),Amonia (NH3) + Cuka (CH3COOH),Sedang
1,4,11.53,0.32,11.21,8.35,12.42,27.22,0.7835,488.6,1,Amonia (NH3),Pembersih Lantai (HCl),Amonia (NH3) + Pembersih Lantai (HCl),Sedang
0,1,12.84,11.84,1.0,6.31,7.64,20.54,0.8991,202.1,2,Pemutih (NaClO),Amonia (NH3),Pemutih (NaClO) + Amonia (NH3),Tinggi
3,4,6.5,1.3,5.2,13.79,11.15,20.18,0.2002,100.9,0,Sabun Cuci Piring,Pembersih Lantai (HCl),Sabun Cuci Piring + Pembersih Lantai (HCl),Aman
3,5,7.33,7.35,0.02,15.37,102.45,36.83,0.1326,346.9,0,Sabun Cuci Piring,Air (H2O),Sabun Cuci Piring + Air (H2O),Aman
5,9,6.93,7.32,0.39,98.99,7.73,38.31,0.4979,229.5,2,Air (H2O),Asap Pembakaran (CO),Air (H2O) + Asap Pembakaran (CO),Tinggi
0,4,12.93,0.5,12.44,4.63,14.34,30.01,0.9816,424.0,2,Pemutih (NaClO),Pembersih Lantai (HCl),Pemutih (NaClO) + Pembersih Lantai (HCl),Tinggi
0,1,12.55,11.23,1.33,2.88,12.52,31.53,0.9522,249.2,2,Pemutih (NaClO),Amonia (NH3),Pemutih (NaClO) + Amonia (NH3),Tinggi
5,9,7.13,6.58,0.54,98.26,7.38,26.96,0.6574,57.0,2,Air (H2O),Asap Pembakaran (CO),Air (H2O) + Asap Pembakaran (CO),Tinggi
0,1,12.26,10.97,1.29,0.5,4.91,31.88,0.8633,121.6,0,Pemutih (NaClO),Amonia (NH3),Pemutih (NaClO) + Amonia (NH3),Aman
2,4,2.32,0.93,1.39,5.75,7.94,23.83,0.9113,58.7,0,Cuka (CH3COOH),Pembersih Lantai (HCl),Cuka (CH3COOH) + Pembersih Lantai (HCl),Aman
0,5,12.51,6.89,5.62,2.22,100.45,29.31,0.6567,116.0,0,Pemutih (NaClO),Air (H2O),Pemutih (NaClO) + Air (H2O),Aman
3,4,7.28,1.04,6.25,14.75,11.93,26.0,0.1818,250.6,0,Sabun Cuci Piring,Pembersih Lantai (HCl),Sabun Cuci Piring + Pembersih Lantai (HCl),Aman
1,2,11.33,2.81,8.51,11.34,4.17,26.4,0.3831,333.6,1,Amonia (NH3),Cuka (CH3COOH),Amonia (NH3) + Cuka (CH3COOH),Sedang
0,1,12.99,11.41,1.58,3.8,8.9,25.63,0.0199,293.5,2,Pemutih (NaClO),Amonia (NH3),Pemutih (NaClO) + Amonia (NH3),Tinggi
4,5,1.33,7.29,5.96,10.88,99.85,31.25,0.9746,360.0,0,Pembersih Lantai (HCl),Air (H2O),Pembersih Lantai (HCl) + Air (H2O),Aman
1,5,11.37,6.71,4.66,12.2,99.12,34.5,0.0157,180.2,0,Amonia (NH3),Air (H2O),Amonia (NH3) + Air (H2O),Aman
1,3,10.97,7.1,3.87,7.55,15.81,26.47,0.3515,78.5,0,Amonia (NH3),Sabun Cuci Piring,Amonia (NH3) + Sabun Cuci Piring,Aman
0,2,12.42,2.0,10.41,6.89,0.5,24.33,0.4939,390.2,2,Pemutih (NaClO),Cuka (CH3COOH),Pemutih (NaClO) + Cuka (CH3COOH),Tinggi
4,5,0.67,6.66,5.99,13.7,99.41,21.21,0.6868,305.5,0,Pembersih Lantai (HCl),Air (H2O),Pembersih Lantai (HCl) + Air (H2O),Aman
3,4,7.94,1.46,6.48,12.05,10.65,31.81,0.0601,487.8,0,Sabun Cuci Piring,Pembersih Lantai (HCl),Sabun Cuci Piring + Pembersih Lantai (HCl),Aman
1,3,11.66,6.8,4.86,9.51,17.0,36.65,0.8806,323.1,0,Amonia (NH3),Sabun Cuci Piring,Amonia (NH3) + Sabun Cuci Piring,Aman
1,3,11.97,6.71,5.26,12.09,17.41,37.95,0.3326,475.2,0,Amonia (NH3),Sabun Cuci Piring,Amonia (NH3) + Sabun Cuci Piring,Aman
3,5,7.39,7.02,0.36,14.07,99.26,20.8,0.9956,321.0,0,Sabun Cuci Piring,Air (H2O),Sabun Cuci Piring + Air (H2O),Aman
2,4,2.65,0.99,1.66,1.17,13.55,25.92,0.6273,239.0,1,Cuka (CH3COOH),Pembersih Lantai (HCl),Cuka (CH3COOH) + Pembersih Lantai (HCl),Sedang
0,6,12.13,7.75,4.38,6.57,71.85,37.77,0.7667,415.4,2,Pemutih (NaClO),Alkohol (Etanol),Pemutih (NaClO) + Alkohol (Etanol),Tinggi
1,5,11.52,7.29,4.23,13.24,98.46,22.74,0.5651,332.9,0,Amonia (NH3),Air (H2O),Amonia (NH3) + Air (H2O),Aman
4,5,1.08,7.29,6.22,12.31,99.39,33.8,0.6882,367.2,0,Pembersih Lantai (HCl),Air (H2O),Pembersih Lantai (HCl) + Air (H2O),Aman
1,4,11.87,0.79,11.08,6.66,11.7,31.65,0.1492,426.9,1,Amonia (NH3),Pembersih Lantai (HCl),Amonia (NH3) + Pembersih Lantai (HCl),Sedang
5,10,6.94,7.34,0.41,100.33,100.26,35.17,0.0976,68.1,2,Air (H2O),Gas LPG (Propana/Butana),Air (H2O) + Gas LPG (Propana/Butana),Tinggi
0,3,12.56,6.97,5.59,7.59,14.84,23.03,0.082,244.2,2,Pemutih (NaClO),Sabun Cuci Piring,Pemutih (NaClO) + Sabun Cuci Piring,Tinggi
0,6,12.6,6.9,5.7,3.14,71.48,27.17,0.455,62.6,2,Pemutih (NaClO),Alkohol (Etanol),Pemutih (NaClO) + Alkohol (Etanol),Tinggi
0,5,12.33,6.83,5.51,4.08,97.87,23.74,0.489,409.1,0,Pemutih (NaClO),Air (H2O),Pemutih (NaClO) + Air (H2O),Aman
0,6,12.58,7.51,5.07,5.43,67.82,27.1,0.978,366.7,2,Pemutih (NaClO),Alkohol (Etanol),Pemutih (NaClO) + Alkohol (Etanol),Tinggi
2,5,3.07,7.0,3.94,6.42,101.55,23.11,0.6498,87.8,0,Cuka (CH3COOH),Air (H2O),Cuka (CH3COOH) + Air (H2O),Aman
2,5,2.66,7.35,4.69,6.96,99.99,37.71,0.6785,418.5,0,Cuka (CH3COOH),Air (H2O),Cuka (CH3COOH) + Air (H2O),Aman
3,4,6.8,1.12,5.69,17.95,9.34,20.98,0.8779,85.9,0,Sabun Cuci Piring,Pembersih Lantai (HCl),Sabun Cuci Piring + Pembersih Lantai (HCl),Aman
1,5,11.52,7.02,4.5,9.76,100.84,22.47,0.8458,195.9,0,Amonia (NH3),Air (H2O),Amonia (NH3) + Air (H2O),Aman
3,4,7.03,1.15,5.87,13.42,7.88,39.75,0.3725,255.9,0,Sabun Cuci Piring,Pembersih Lantai (HCl),Sabun Cuci Piring + Pembersih Lantai (HCl),Aman
5,6,7.48,7.19,0.29,102.0,72.37,28.44,0.8453,363.4,0,Air (H2O),Alkohol (Etanol),Air (H2O) + Alkohol (Etanol),Aman
2,5,2.45,6.74,4.29,3.3,97.38,39.67,0.3288,444.4,0,Cuka (CH3COOH),Air (H2O),Cuka (CH3COOH) + Air (H2O),Aman
1,4,11.58,0.99,10.59,11.24,12.25,35.39,0.9621,400.8,2,Amonia (NH3),Pembersih Lantai (HCl),Amonia (NH3) + Pembersih Lantai (HCl),Tinggi
7,8,14.1,7.1,7.01,21.61,100.09,33.46,0.3046,66.0,2,Basa Kuat (NaOH),Aluminium Foil (Al),Basa Kuat (NaOH) + Aluminium Foil (Al),Tinggi
1,2,11.6,2.6,9.0,8.41,4.08,36.29,0.6451,214.7,2,Amonia (NH3),Cuka (CH3COOH),Amonia (NH3) + Cuka (CH3COOH),Tinggi
5,10,7.08,6.72,0.35,99.21,100.53,39.67,0.2425,340.6,2,Air (H2O),Gas LPG (Propana/Butana),Air (H2O) + Gas LPG (Propana/Butana),Tinggi
0,2,12.87,2.64,10.23,5.3,7.93,28.76,0.5546,409.9,2,Pemutih (NaClO),Cuka (CH3COOH),Pemutih (NaClO) + Cuka (CH3COOH),Tinggi
3,5,7.27,7.62,0.35,15.14,98.63,22.67,0.2875,271.8,0,Sabun Cuci Piring,Air (H2O),Sabun Cuci Piring + Air (H2O),Aman
0,3,12.43,7.19,5.24,3.28,15.19,34.39,0.4421,344.9,1,Pemutih (NaClO),Sabun Cuci Piring,Pemutih (NaClO) + Sabun Cuci Piring,Sedang
3,4,6.95,1.37,5.58,14.38,10.96,25.48,0.9855,421.2,0,Sabun Cuci Piring,Pembersih Lantai (HCl),Sabun Cuci Piring + Pembersih Lantai (HCl),Aman
1,3,11.48,7.09,4.39,9.79,12.45,27.43,0.195,101.4,0,Amonia (NH3),Sabun Cuci Piring,Amonia (NH3) + Sabun Cuci Piring,Aman
1,2,11.12,2.17,8.94,8.53,6.56,38.12,0.5851,146.7,2,Amonia (NH3),Cuka (CH3COOH),Amonia (NH3) + Cuka (CH3COOH),Tinggi
2,4,2.35,1.07,1.28,7.0,15.83,36.11,0.1394,238.4,2,Cuka (CH3COOH),Pembersih Lantai (HCl),Cuka (CH3COOH) + Pembersih Lantai (HCl),Tinggi
2,5,2.35,6.97,4.62,3.55,99.7,36.7,0.2097,197.7,0,Cuka (CH3COOH),Air (H2O),Cuka (CH3COOH) + Air (H2O),Aman
3,5,6.54,7.3,0.76,13.46,98.41,33.54,0.9479,337.3,0,Sabun Cuci Piring,Air (H2O),Sabun Cuci Piring + Air (H2O),Aman
5,10,7.18,7.08,0.1,99.83,99.66,39.18,0.0258,495.5,2,Air (H2O),Gas LPG (Propana/Butana),Air (H2O) + Gas LPG (Propana/Butana),Tinggi
5,9,6.65,6.89,0.24,99.54,9.32,29.9,0.4714,480.3,2,Air (H2O),Asap Pembakaran (CO),Air (H2O) + Asap Pembakaran (CO),Tinggi
7,8,13.25,6.68,6.57,18.06,97.04,30.3,0.5824,259.5,2,Basa Kuat (NaOH),Aluminium Foil (Al),Basa Kuat (NaOH) + Aluminium Foil (Al),Tinggi
5,6,7.37,7.19,0.18,97.76,69.63,32.76,0.5881,153.2,0,Air (H2O),Alkohol (Etanol),Air (H2O) + Alkohol (Etanol),Aman
1,4,11.43,0.47,10.97,10.46,11.26,36.93,0.3355,286.4,2,Amonia (NH3),Pembersih Lantai (HCl),Amonia (NH3) + Pembersih Lantai (HCl),Tinggi
1,2,11.6,2.35,9.25,7.38,7.1,37.02,0.257,233.2,1,Amonia (NH3),Cuka (CH3COOH),Amonia (NH3) + Cuka (CH3COOH),Sedang
5,9,7.13,7.18,0.05,98.06,5.42,32.03,0.3473,134.2,2,Air (H2O),Asap Pembakaran (CO),Air (H2O) + Asap Pembakaran (CO),Tinggi
0,4,12.13,0.9,11.23,5.52,10.75,38.83,0.5324,433.6,2,Pemutih (NaClO),Pembersih Lantai (HCl),Pemutih (NaClO) + Pembersih Lantai (HCl),Tinggi
1,2,11.44,2.43,9.01,9.32,4.33,24.05,0.1118,338.1,1,Amonia (NH3),Cuka (CH3COOH),Amonia (NH3) + Cuka (CH3COOH),Sedang
0,6,12.57,6.88,5.7,5.7,67.54,39.9,0.8191,300.1,2,Pemutih (NaClO),Alkohol (Etanol),Pemutih (NaClO) + Alkohol (Etanol),Tinggi
3,4,7.23,0.87,6.36,14.58,8.08,20.34,0.2926,240.8,0,Sabun Cuci Piring,Pembersih Lantai (HCl),Sabun Cuci Piring + Pembersih Lantai (HCl),Aman
5,9,6.92,7.0,0.08,100.16,10.97,29.71,0.8377,148.8,2,Air (H2O),Asap Pembakaran (CO),Air (H2O) + Asap Pembakaran (CO),Tinggi
2,5,2.49,7.46,4.97,3.66,97.21,37.78,0.3464,216.2,0,Cuka (CH3COOH),Air (H2O),Cuka (CH3COOH) + Air (H2O),Aman
0,2,12.77,2.12,10.65,0.84,5.4,22.4,0.8793,400.6,2,Pemutih (NaClO),Cuka (CH3COOH),Pemutih (NaClO) + Cuka (CH3COOH),Tinggi
0,5,12.67,6.88,5.79,5.28,96.02,26.28,0.2452,388.3,2,Pemutih (NaClO),Air (H2O),Pemutih (NaClO) + Air (H2O),Tinggi
0,2,12.51,2.51,9.99,6.78,4.42,29.85,0.6406,236.3,2,Pemutih (NaClO),Cuka (CH3COOH),Pemutih (NaClO) + Cuka (CH3COOH),Tinggi
1,4,11.88,0.97,10.9,12.9,8.1,33.56,0.6845,147.7,1,Amonia (NH3),Pembersih Lantai (HCl),Amonia (NH3) + Pembersih Lantai (HCl),Sedang
1,4,11.16,1.03,10.13,8.72,12.18,30.77,0.1459,298.9,1,Amonia (NH3),Pembersih Lantai (HCl),Amonia (NH3) + Pembersih Lantai (HCl),Sedang
0,2,12.56,2.43,10.13,7.14,4.99,23.42,0.0367,133.5,2,Pemutih (NaClO),Cuka (CH3COOH),Pemutih (NaClO) + Cuka (CH3COOH),Tinggi
5,10,6.65,7.33,0.67,98.99,99.79,31.19,0.9327,187.6,2,Air (H2O),Gas LPG (Propana/Butana),Air (H2O) + Gas LPG (Propana/Butana),Tinggi
0,6,12.37,7.14,5.23,4.74,70.92,36.14,0.6575,136.7,2,Pemutih (NaClO),Alkohol (Etanol),Pemutih (NaClO) + Alkohol (Etanol),Tinggi
5,10,6.46,7.35,0.9,100.55,97.53,27.05,0.6686,224.7,2,Air (H2O),Gas LPG (Propana/Butana),Air (H2O) + Gas LPG (Propana/Butana),Tinggi
2,3,1.94,7.15,5.2,3.82,14.76,30.67,0.1343,469.7,1,Cuka (CH3COOH),Sabun Cuci Piring,Cuka (CH3COOH) + Sabun Cuci Piring,Sedang
0,2,12.91,2.03,10.88,4.09,7.61,25.49,0.6986,118.8,2,Pemutih (NaClO),Cuka (CH3COOH),Pemutih (NaClO) + Cuka (CH3COOH),Tinggi
0,4,12.74,0.91,11.83,5.92,13.92,31.87,0.8059,242.3,2,Pemutih (NaClO),Pembersih Lantai (HCl),Pemutih (NaClO) + Pembersih Lantai (HCl),Tinggi
1,2,11.83,2.49,9.33,6.78,8.34,26.03,0.1593,113.4,1,Amonia (NH3),Cuka (CH3COOH),Amonia (NH3) + Cuka (CH3COOH),Sedang
7,8,14.22,6.95,7.26,20.12,99.2,27.06,0.4587,491.7,2,Basa Kuat (NaOH),Aluminium Foil (Al),Basa Kuat (NaOH) + Aluminium Foil (Al),Tinggi
1,5,11.46,7.18,4.28,10.41,96.96,33.59,0.978,423.5,0,Amonia (NH3),Air (H2O),Amonia (NH3) + Air (H2O),Aman
4,5,1.06,7.3,6.23,12.29,99.87,28.89,0.7748,382.9,0,Pembersih Lantai (HCl),Air (H2O),Pembersih Lantai (HCl) + Air (H2O),Aman
2,3,2.91,6.57,3.66,4.84,16.56,33.48,0.2107,426.6,1,Cuka (CH3COOH),Sabun Cuci Piring,Cuka (CH3COOH) + Sabun Cuci Piring,Sedang
5,10,6.81,6.83,0.02,101.57,99.58,32.34,0.7794,305.0,2,Air (H2O),Gas LPG (Propana/Butana),Air (H2O) + Gas LPG (Propana/Butana),Tinggi
0,1,12.47,10.99,1.48,6.69,8.92,30.02,0.2392,315.5,2,Pemutih (NaClO),Amonia (NH3),Pemutih (NaClO) + Amonia (NH3),Tinggi
3,5,7.39,7.0,0.4,13.43,101.41,36.33,0.7943,420.7,0,Sabun Cuci Piring,Air (H2O),Sabun Cuci Piring + Air (H2O),Aman
1,4,11.91,1.03,10.89,9.56,12.75,28.55,0.7016,245.6,1,Amonia (NH3),Pembersih Lantai (HCl),Amonia (NH3) + Pembersih Lantai (HCl),Sedang
0,4,12.31,0.63,11.68,3.99,7.97,24.61,0.5794,409.2,2,Pemutih (NaClO),Pembersih Lantai (HCl),Pemutih (NaClO) + Pembersih Lantai (HCl),Tinggi
0,5,12.3,7.04,5.25,2.91,98.64,34.29,0.7031,209.7,0,Pemutih (NaClO),Air (H2O),Pemutih (NaClO) + Air (H2O),Aman
1,3,11.75,7.51,4.23,10.03,17.27,36.85,0.2846,309.0,0,Amonia (NH3),Sabun Cuci Piring,Amonia (NH3) + Sabun Cuci Piring,Aman
2,4,2.44,0.7,1.74,3.31,13.49,23.88,0.4156,223.0,1,Cuka (CH3COOH),Pembersih Lantai (HCl),Cuka (CH3COOH) + Pembersih Lantai (HCl),Sedang
0,1,12.43,11.49,0.94,6.04,9.03,34.65,0.5964,204.9,2,Pemutih (NaClO),Amonia (NH3),Pemutih (NaClO) + Amonia (NH3),Tinggi
0,6,12.45,7.29,5.17,0.5,67.97,21.51,0.9466,464.2,2,Pemutih (NaClO),Alkohol (Etanol),Pemutih (NaClO) + Alkohol (Etanol),Tinggi
0,5,12.2,6.51,5.69,4.93,98.4,31.72,0.9193,227.5,0,Pemutih (NaClO),Air (H2O),Pemutih (NaClO) + Air (H2O),Aman
0,6,11.98,7.11,4.87,6.07,67.81,31.02,0.1147,474.3,2,Pemutih (NaClO),Alkohol (Etanol),Pemutih (NaClO) + Alkohol (Etanol),Tinggi
3,4,7.08,0.89,6.19,11.86,13.06,27.28,0.7361,280.8,0,Sabun Cuci Piring,Pembersih Lantai (HCl),Sabun Cuci Piring + Pembersih Lantai (HCl),Aman
2,5,2.63,6.53,3.9,3.6,100.25,20.37,0.2506,153.1,0,Cuka (CH3COOH),Air (H2O),Cuka (CH3COOH) + Air (H2O),Aman
2,3,1.92,7.22,5.3,5.01,12.83,21.43,0.9435,398.0,0,Cuka (CH3COOH),Sabun Cuci Piring,Cuka (CH3COOH) + Sabun Cuci Piring,Aman
0,6,12.4,6.75,5.65,2.14,69.86,22.75,0.9983,72.1,2,Pemutih (NaClO),Alkohol (Etanol),Pemutih (NaClO) + Alkohol (Etanol),Tinggi
5,10,7.12,6.85,0.27,101.25,96.51,26.65,0.5913,372.0,2,Air (H2O),Gas LPG (Propana/Butana),Air (H2O) + Gas LPG (Propana/Butana),Tinggi
1,3,11.57,6.52,5.05,11.13,17.03,28.04,0.9389,323.3,0,Amonia (NH3),Sabun Cuci Piring,Amonia (NH3) + Sabun Cuci Piring,Aman
5,9,7.52,6.55,0.97,96.27,8.48,40.0,0.493,143.8,2,Air (H2O),Asap Pembakaran (CO),Air (H2O) + Asap Pembakaran (CO),Tinggi
0,2,12.21,2.39,9.82,6.97,5.77,26.65,0.4553,290.0,2,Pemutih (NaClO),Cuka (CH3COOH),Pemutih (NaClO) + Cuka (CH3COOH),Tinggi
2,5,2.71,7.34,4.63,7.85,99.54,37.1,0.9392,311.0,0,Cuka (CH3COOH),Air (H2O),Cuka (CH3COOH) + Air (H2O),Aman
1,5,11.33,7.02,4.3,10.14,100.01,35.93,0.3965,119.2,0,Amonia (NH3),Air (H2O),Amonia (NH3) + Air (H2O),Aman
3,5,6.83,6.81,0.02,13.36,100.25,25.16,0.5654,276.8,0,Sabun Cuci Piring,Air (H2O),Sabun Cuci Piring + Air (H2O),Aman
0,1,12.63,11.82,0.81,4.71,9.84,38.1,0.698,216.9,2,Pemutih (NaClO),Amonia (NH3),Pemutih (NaClO) + Amonia (NH3),Tinggi
3,4,6.32,0.94,5.38,17.07,7.38,32.91,0.9475,68.6,0,Sabun Cuci Piring,Pembersih Lantai (HCl),Sabun Cuci Piring + Pembersih Lantai (HCl),Aman
5,10,7.32,6.67,0.65,99.61,100.58,20.18,0.1886,360.2,2,Air (H2O),Gas LPG (Propana/Butana),Air (H2O) + Gas LPG (Propana/Butana),Tinggi
0,2,12.83,2.5,10.33,0.95,3.47,35.52,0.084,450.6,2,Pemutih (NaClO),Cuka (CH3COOH),Pemutih (NaClO) + Cuka (CH3COOH),Tinggi
2,3,2.41,6.75,4.34,7.19,14.71,31.6,0.193,410.9,2,Cuka (CH3COOH),Sabun Cuci Piring,Cuka (CH3COOH) + Sabun Cuci Piring,Tinggi
1,4,11.51,1.23,10.28,9.34,10.16,20.86,0.3425,84.6,1,Amonia (NH3),Pembersih Lantai (HCl),Amonia (NH3) + Pembersih Lantai (HCl),Sedang
1,2,11.38,2.43,8.96,8.17,4.44,36.15,0.1352,317.9,1,Amonia (NH3),Cuka (CH3COOH),Amonia (NH3) + Cuka (CH3COOH),Sedang
0,4,12.16,0.99,11.17,5.44,8.8,38.72,0.9557,435.5,2,Pemutih (NaClO),Pembersih Lantai (HCl),Pemutih (NaClO) + Pembersih Lantai (HCl),Tinggi
2,5,3.02,6.49,3.47,7.15,100.36,22.94,0.7654,384.9,0,Cuka (CH3COOH),Air (H2O),Cuka (CH3COOH) + Air (H2O),Aman
1,5,11.82,6.93,4.89,10.62,99.65,22.19,0.3189,129.3,0,Amonia (NH3),Air (H2O),Amonia (NH3) + Air (H2O),Aman
2,3,2.32,6.75,4.43,9.88,15.6,32.81,0.4683,436.1,1,Cuka (CH3COOH),Sabun Cuci Piring,Cuka (CH3COOH) + Sabun Cuci Piring,Sedang
1,2,11.2,3.01,8.19,12.8,2.45,26.34,0.9337,405.5,1,Amonia (NH3),Cuka (CH3COOH),Amonia (NH3) + Cuka (CH3COOH),Sedang
1,5,11.6,6.81,4.8,13.4,98.6,37.02,0.9544,144.9,0,Amonia (NH3),Air (H2O),Amonia (NH3) + Air (H2O),Aman
2,5,2.64,6.98,4.34,1.14,97.1,33.63,0.3152,380.2,0,Cuka (CH3COOH),Air (H2O),Cuka (CH3COOH) + Air (H2O),Aman
0,5,12.92,7.12,5.8,3.34,99.02,23.38,0.1086,387.2,0,Pemutih (NaClO),Air (H2O),Pemutih (NaClO) + Air (H2O),Aman
5,10,7.55,7.58,0.03,101.8,98.46,23.32,0.2812,284.6,2,Air (H2O),Gas LPG (Propana/Butana),Air (H2O) + Gas LPG (Propana/Butana),Tinggi
4,5,0.55,7.02,6.47,8.41,103.61,31.04,0.9792,83.1,0,Pembersih Lantai (HCl),Air (H2O),Pembersih Lantai (HCl) + Air (H2O),Aman
2,5,2.56,6.58,4.02,3.67,97.25,32.74,0.5218,245.3,0,Cuka (CH3COOH),Air (H2O),Cuka (CH3COOH) + Air (H2O),Aman
0,6,12.34,7.11,5.23,7.61,69.13,21.77,0.9082,291.0,2,Pemutih (NaClO),Alkohol (Etanol),Pemutih (NaClO) + Alkohol (Etanol),Tinggi
1,5,11.43,6.9,4.54,12.25,100.25,28.13,0.8658,472.5,0,Amonia (NH3),Air (H2O),Amonia (NH3) + Air (H2O),Aman
5,10,7.01,6.91,0.1,100.97,99.93,28.46,0.5251,299.1,2,Air (H2O),Gas LPG (Propana/Butana),Air (H2O) + Gas LPG (Propana/Butana),Tinggi
1,2,11.85,1.94,9.92,9.8,3.11,28.77,0.0173,497.3,1,Amonia (NH3),Cuka (CH3COOH),Amonia (NH3) + Cuka (CH3COOH),Sedang
0,1,12.74,11.31,1.44,6.03,8.96,25.43,0.0332,282.7,2,Pemutih (NaClO),Amonia (NH3),Pemutih (NaClO) + Amonia (NH3),Tinggi
0,1,12.16,11.92,0.23,5.79,10.19,38.72,0.5656,107.8,2,Pemutih (NaClO),Amonia (NH3),Pemutih (NaClO) + Amonia (NH3),Tinggi
7,8,13.73,6.83,6.9,24.37,98.91,32.33,0.2338,86.0,2,Basa Kuat (NaOH),Aluminium Foil (Al),Basa Kuat (NaOH) + Aluminium Foil (Al),Tinggi
2,5,2.67,7.38,4.72,4.78,100.35,23.08,0.3568,129.9,0,Cuka (CH3COOH),Air (H2O),Cuka (CH3COOH) + Air (H2O),Aman
0,2,12.76,2.82,9.94,8.36,0.5,37.81,0.7163,499.0,2,Pemutih (NaClO),Cuka (CH3COOH),Pemutih (NaClO) + Cuka (CH3COOH),Tinggi
1,3,11.38,7.05,4.32,9.09,16.22,39.26,0.349,424.3,0,Amonia (NH3),Sabun Cuci Piring,Amonia (NH3) + Sabun Cuci Piring,Aman
0,6,12.32,7.07,5.25,3.85,67.35,32.07,0.9312,432.7,2,Pemutih (NaClO),Alkohol (Etanol),Pemutih (NaClO) + Alkohol (Etanol),Tinggi
0,1,12.73,11.26,1.46,3.3,11.0,31.72,0.7827,385.8,2,Pemutih (NaClO),Amonia (NH3),Pemutih (NaClO) + Amonia (NH3),Tinggi
1,3,11.19,7.14,4.05,10.59,11.99,39.52,0.4882,75.9,0,Amonia (NH3),Sabun Cuci Piring,Amonia (NH3) + Sabun Cuci Piring,Aman
0,1,12.84,11.28,1.56,4.86,11.73,20.33,0.4319,209.9,2,Pemutih (NaClO),Amonia (NH3),Pemutih (NaClO) + Amonia (NH3),Tinggi
5,9,6.76,6.97,0.21,100.14,10.51,33.39,0.1378,352.0,2,Air (H2O),Asap Pembakaran (CO),Air (H2O) + Asap Pembakaran (CO),Tinggi
5,9,6.51,6.72,0.22,101.42,10.32,37.74,0.0492,111.4,2,Air (H2O),Asap Pembakaran (CO),Air (H2O) + Asap Pembakaran (CO),Tinggi
1,5,11.7,6.8,4.9,11.81,98.11,22.95,0.4736,405.8,0,Amonia (NH3),Air (H2O),Amonia (NH3) + Air (H2O),Aman
2,5,2.72,6.96,4.24,2.64,103.32,24.36,0.6934,368.3,0,Cuka (CH3COOH),Air (H2O),Cuka (CH3COOH) + Air (H2O),Aman
3,5,7.16,7.24,0.08,16.73,100.36,20.65,0.3735,334.4,0,Sabun Cuci Piring,Air (H2O),Sabun Cuci Piring + Air (H2O),Aman
1,2,11.54,2.92,8.62,6.17,2.94,33.69,0.6228,118.8,1,Amonia (NH3),Cuka (CH3COOH),Amonia (NH3) + Cuka (CH3COOH),Sedang
2,4,2.84,0.94,1.9,2.58,11.38,23.55,0.5321,210.3,1,Cuka (CH3COOH),Pembersih Lantai (HCl),Cuka (CH3COOH) + Pembersih Lantai (HCl),Sedang
2,4,2.82,1.24,1.58,4.29,11.4,23.03,0.4006,267.3,1,Cuka (CH3COOH),Pembersih Lantai (HCl),Cuka (CH3COOH) + Pembersih Lantai (HCl),Sedang
3,4,6.74,0.96,5.77,16.07,12.47,32.38,0.1637,84.5,0,Sabun Cuci Piring,Pembersih Lantai (HCl),Sabun Cuci Piring + Pembersih Lantai (HCl),Aman
3,4,7.02,1.09,5.93,16.6,7.01,34.49,0.4453,77.2,0,Sabun Cuci Piring,Pembersih Lantai (HCl),Sabun Cuci Piring + Pembersih Lantai (HCl),Aman
1,3,12.26,7.11,5.15,9.85,15.16,29.15,0.3408,260.5,0,Amonia (NH3),Sabun Cuci Piring,Amonia (NH3) + Sabun Cuci Piring,Aman
2,4,2.14,1.08,1.06,4.99,10.45,37.89,0.2313,135.3,1,Cuka (CH3COOH),Pembersih Lantai (HCl),Cuka (CH3COOH) + Pembersih Lantai (HCl),Sedang
5,6,6.57,6.73,0.16,100.82,69.15,36.56,0.6385,454.2,0,Air (H2O),Alkohol (Etanol),Air (H2O) + Alkohol (Etanol),Aman
4,5,1.11,7.64,6.53,8.45,100.23,23.68,0.8823,204.5,0,Pembersih Lantai (HCl),Air (H2O),Pembersih Lantai (HCl) + Air (H2O),Aman
0,5,12.65,6.61,6.04,5.81,97.59,34.45,0.7223,416.8,0,Pemutih (NaClO),Air (H2O),Pemutih (NaClO) + Air (H2O),Aman
3,4,6.58,1.0,5.59,17.6,7.83,31.05,0.4074,225.5,0,Sabun Cuci Piring,Pembersih Lantai (HCl),Sabun Cuci Piring + Pembersih Lantai (HCl),Aman
0,5,12.67,6.95,5.72,5.1,100.25,33.26,0.8443,394.6,0,Pemutih (NaClO),Air (H2O),Pemutih (NaClO) + Air (H2O),Aman
2,3,2.59,7.07,4.47,3.82,13.22,34.49,0.4652,88.9,1,Cuka (CH3COOH),Sabun Cuci Piring,Cuka (CH3COOH) + Sabun Cuci Piring,Sedang
2,5,2.8,6.88,4.08,9.6,98.47,30.7,0.1304,408.9,0,Cuka (CH3COOH),Air (H2O),Cuka (CH3COOH) + Air (H2O),Aman
1,3,11.36,6.88,4.48,7.15,14.58,30.93,0.92,496.3,0,Amonia (NH3),Sabun Cuci Piring,Amonia (NH3) + Sabun Cuci Piring,Aman
1,2,11.76,2.76,9.0,9.59,4.82,33.41,0.6436,159.7,1,Amonia (NH3),Cuka (CH3COOH),Amonia (NH3) + Cuka (CH3COOH),Sedang
5,9,6.97,7.2,0.24,102.77,8.9,35.48,0.4704,182.9,2,Air (H2O),Asap Pembakaran (CO),Air (H2O) + Asap Pembakaran (CO),Tinggi
0,5,12.32,7.19,5.13,1.99,100.29,25.34,0.2333,281.7,0,Pemutih (NaClO),Air (H2O),Pemutih (NaClO) + Air (H2O),Aman
1,5,11.8,7.06,4.75,12.11,99.74,23.92,0.167,309.0,0,Amonia (NH3),Air (H2O),Amonia (NH3) + Air (H2O),Aman
1,4,11.6,0.94,10.67,10.0,8.71,27.97,0.6339,437.1,1,Amonia (NH3),Pembersih Lantai (HCl),Amonia (NH3) + Pembersih Lantai (HCl),Sedang
0,1,12.84,11.98,0.86,4.08,7.39,34.17,0.6604,101.4,2,Pemutih (NaClO),Amonia (NH3),Pemutih (NaClO) + Amonia (NH3),Tinggi
0,3,12.35,7.62,4.73,6.19,11.53,36.08,0.1124,88.0,1,Pemutih (NaClO),Sabun Cuci Piring,Pemutih (NaClO) + Sabun Cuci Piring,Sedang
1,2,11.67,3.07,8.6,11.36,7.08,31.27,0.7357,171.5,1,Amonia (NH3),Cuka (CH3COOH),Amonia (NH3) + Cuka (CH3COOH),Sedang
5,9,6.43,6.33,0.1,100.06,10.76,28.57,0.5314,173.1,2,Air (H2O),Asap Pembakaran (CO),Air (H2O) + Asap Pembakaran (CO),Tinggi
0,4,12.8,0.52,12.28,4.45,13.44,37.52,0.8838,98.8,2,Pemutih (NaClO),Pembersih Lantai (HCl),Pemutih (NaClO) + Pembersih Lantai (HCl),Tinggi
7,8,13.88,7.18,6.69,17.2,99.88,32.67,0.1656,232.2,2,Basa Kuat (NaOH),Aluminium Foil (Al),Basa Kuat (NaOH) + Aluminium Foil (Al),Tinggi
3,5,7.34,6.3,1.04,12.81,101.21,31.55,0.6025,338.1,0,Sabun Cuci Piring,Air (H2O),Sabun Cuci Piring + Air (H2O),Aman
0,4,12.41,0.33,12.08,4.15,10.95,25.84,0.5972,372.8,2,Pemutih (NaClO),Pembersih Lantai (HCl),Pemutih (NaClO) + Pembersih Lantai (HCl),Tinggi
5,6,7.03,6.89,0.14,100.37,72.64,21.11,0.6164,358.3,0,Air (H2O),Alkohol (Etanol),Air (H2O) + Alkohol (Etanol),Aman
4,5,1.2,6.88,5.67,5.44,100.98,20.07,0.2013,315.7,0,Pembersih Lantai (HCl),Air (H2O),Pembersih Lantai (HCl) + Air (H2O),Aman
5,9,7.09,6.94,0.15,101.48,11.34,23.54,0.6822,288.7,2,Air (H2O),Asap Pembakaran (CO),Air (H2O) + Asap Pembakaran (CO),Tinggi
2,3,2.54,6.69,4.15,8.52,17.9,20.24,0.5012,363.9,1,Cuka (CH3COOH),Sabun Cuci Piring,Cuka (CH3COOH) + Sabun Cuci Piring,Sedang
3,5,6.84,6.97,0.13,14.34,97.19,31.78,0.5497,85.1,0,Sabun Cuci Piring,Air (H2O),Sabun Cuci Piring + Air (H2O),Aman
1,5,11.53,6.92,4.61,10.74,105.07,23.43,0.9312,358.6,0,Amonia (NH3),Air (H2O),Amonia (NH3) + Air (H2O),Aman
1,3,11.1,6.85,4.25,13.57,14.67,35.18,0.7843,465.2,0,Amonia (NH3),Sabun Cuci Piring,Amonia (NH3) + Sabun Cuci Piring,Aman
3,4,6.77,1.36,5.4,12.34,8.5,28.56,0.4037,370.7,0,Sabun Cuci Piring,Pembersih Lantai (HCl),Sabun Cuci Piring + Pembersih Lantai (HCl),Aman
1,2,11.56,2.43,9.13,11.97,8.15,28.51,0.2215,88.8,1,Amonia (NH3),Cuka (CH3COOH),Amonia (NH3) + Cuka (CH3COOH),Sedang
2,3,2.13,7.26,5.13,3.09,11.92,22.34,0.0161,98.2,1,Cuka (CH3COOH),Sabun Cuci Piring,Cuka (CH3COOH) + Sabun Cuci Piring,Sedang
4,5,1.28,7.64,6.36,10.93,97.75,25.01,0.3711,93.5,0,Pembersih Lantai (HCl),Air (H2O),Pembersih Lantai (HCl) + Air (H2O),Aman
1,4,11.7,1.03,10.67,9.54,9.32,30.25,0.1127,332.5,1,Amonia (NH3),Pembersih Lantai (HCl),Amonia (NH3) + Pembersih Lantai (HCl),Sedang
2,5,2.31,7.34,5.03,3.12,102.37,25.12,0.8792,296.8,0,Cuka (CH3COOH),Air (H2O),Cuka (CH3COOH) + Air (H2O),Aman
0,4,12.18,1.24,10.94,6.93,10.6,32.98,0.6192,419.4,2,Pemutih (NaClO),Pembersih Lantai (HCl),Pemutih (NaClO) + Pembersih Lantai (HCl),Tinggi
0,3,12.25,7.38,4.87,6.51,11.55,33.29,0.8993,377.0,2,Pemutih (NaClO),Sabun Cuci Piring,Pemutih (NaClO) + Sabun Cuci Piring,Tinggi
0,1,12.43,11.38,1.06,5.7,12.75,25.95,0.5607,166.1,2,Pemutih (NaClO),Amonia (NH3),Pemutih (NaClO) + Amonia (NH3),Tinggi
0,5,12.74,6.67,6.07,4.99,102.27,37.84,0.6323,206.3,0,Pemutih (NaClO),Air (H2O),Pemutih (NaClO) + Air (H2O),Aman
2,5,2.44,7.14,4.7,5.36,101.86,27.31,0.0455,315.1,0,Cuka (CH3COOH),Air (H2O),Cuka (CH3COOH) + Air (H2O),Aman
2,4,2.41,1.88,0.53,5.49,6.44,28.2,0.2523,230.3,1,Cuka (CH3COOH),Pembersih Lantai (HCl),Cuka (CH3COOH) + Pembersih Lantai (HCl),Sedang
7,8,13.65,6.38,7.27,20.93,99.63,35.94,0.0936,132.0,2,Basa Kuat (NaOH),Aluminium Foil (Al),Basa Kuat (NaOH) + Aluminium Foil (Al),Tinggi
7,8,13.95,6.98,6.97,19.29,101.68,33.03,0.5349,256.7,2,Basa Kuat (NaOH),Aluminium Foil (Al),Basa Kuat (NaOH) + Aluminium Foil (Al),Tinggi
3,5,7.26,7.09,0.17,12.82,102.72,35.95,0.3816,179.6,0,Sabun Cuci Piring,Air (H2O),Sabun Cuci Piring + Air (H2O),Aman
1,5,11.55,6.35,5.21,11.28,97.98,38.68,0.0374,275.1,0,Amonia (NH3),Air (H2O),Amonia (NH3) + Air (H2O),Aman
7,8,13.7,6.94,6.75,21.77,101.78,30.6,0.3815,112.1,2,Basa Kuat (NaOH),Aluminium Foil (Al),Basa Kuat (NaOH) + Aluminium Foil (Al),Tinggi
3,4,6.9,0.92,5.98,13.28,8.55,38.68,0.1442,142.0,0,Sabun Cuci Piring,Pembersih Lantai (HCl),Sabun Cuci Piring + Pembersih Lantai (HCl),Aman
0,6,12.78,6.47,6.32,4.05,69.92,26.57,0.0269,249.9,2,Pemutih (NaClO),Alkohol (Etanol),Pemutih (NaClO) + Alkohol (Etanol),Tinggi
0,6,12.42,6.99,5.43,5.67,70.48,37.59,0.1546,437.7,2,Pemutih (NaClO),Alkohol (Etanol),Pemutih (NaClO) + Alkohol (Etanol),Tinggi
0,3,12.38,6.82,5.56,2.68,14.96,39.47,0.3801,304.7,2,Pemutih (NaClO),Sabun Cuci Piring,Pemutih (NaClO) + Sabun Cuci Piring,Tinggi
0,4,12.37,0.81,11.56,6.25,6.84,30.92,0.2375,355.6,2,Pemutih (NaClO),Pembersih Lantai (HCl),Pemutih (NaClO) + Pembersih Lantai (HCl),Tinggi
1,5,11.57,7.13,4.44,9.14,98.59,28.52,0.1902,149.7,0,Amonia (NH3),Air (H2O),Amonia (NH3) + Air (H2O),Aman
0,3,12.94,6.76,6.18,3.35,20.94,37.68,0.0052,470.1,1,Pemutih (NaClO),Sabun Cuci Piring,Pemutih (NaClO) + Sabun Cuci Piring,Sedang
7,8,14.05,6.81,7.24,17.97,97.63,36.98,0.3529,158.1,2,Basa Kuat (NaOH),Aluminium Foil (Al),Basa Kuat (NaOH) + Aluminium Foil (Al),Tinggi
5,10,7.7,7.21,0.49,102.27,98.32,27.87,0.9648,307.3,2,Air (H2O),Gas LPG (Propana/Butana),Air (H2O) + Gas LPG (Propana/Butana),Tinggi
0,4,12.57,1.53,11.04,6.9,10.33,24.29,0.1949,86.5,2,Pemutih (NaClO),Pembersih Lantai (HCl),Pemutih (NaClO) + Pembersih Lantai (HCl),Tinggi
0,1,12.39,10.96,1.43,8.21,12.0,28.25,0.2357,424.6,2,Pemutih (NaClO),Amonia (NH3),Pemutih (NaClO) + Amonia (NH3),Tinggi
5,9,6.96,6.71,0.25,103.86,9.79,36.18,0.5053,366.2,2,Air (H2O),Asap Pembakaran (CO),Air (H2O) + Asap Pembakaran (CO),Tinggi
7,8,14.1,7.14,6.96,19.76,98.57,36.45,0.9723,224.3,2,Basa Kuat (NaOH),Aluminium Foil (Al),Basa Kuat (NaOH) + Aluminium Foil (Al),Tinggi
1,3,11.7,7.06,4.63,9.28,16.87,23.03,0.567,394.0,0,Amonia (NH3),Sabun Cuci Piring,Amonia (NH3) + Sabun Cuci Piring,Aman
5,9,6.87,7.34,0.48,101.44,9.43,36.8,0.9654,246.0,2,Air (H2O),Asap Pembakaran (CO),Air (H2O) + Asap Pembakaran (CO),Tinggi
0,2,12.65,2.52,10.12,4.81,4.64,37.51,0.8759,129.2,2,Pemutih (NaClO),Cuka (CH3COOH),Pemutih (NaClO) + Cuka (CH3COOH),Tinggi
2,3,2.28,6.87,4.59,4.48,16.51,29.64,0.7095,325.6,1,Cuka (CH3COOH),Sabun Cuci Piring,Cuka (CH3COOH) + Sabun Cuci Piring,Sedang
2,5,2.78,6.92,4.14,8.31,101.66,39.6,0.4938,225.8,0,Cuka (CH3COOH),Air (H2O),Cuka (CH3COOH) + Air (H2O),Aman
3,5,7.05,6.71,0.35,17.84,103.9,23.37,0.6637,243.2,0,Sabun Cuci Piring,Air (H2O),Sabun Cuci Piring + Air (H2O),Aman
2,4,2.44,1.15,1.29,2.23,8.95,25.94,0.2341,423.6,1,Cuka (CH3COOH),Pembersih Lantai (HCl),Cuka (CH3COOH) + Pembersih Lantai (HCl),Sedang
5,9,7.14,7.54,0.4,99.68,10.48,30.74,0.7179,143.2,2,Air (H2O),Asap Pembakaran (CO),Air (H2O) + Asap Pembakaran (CO),Tinggi
1,3,11.16,7.33,3.83,8.04,14.75,22.97,0.4228,483.9,0,Amonia (NH3),Sabun Cuci Piring,Amonia (NH3) + Sabun Cuci Piring,Aman
0,4,12.55,0.92,11.63,4.95,11.08,33.94,0.3547,449.3,2,Pemutih (NaClO),Pembersih Lantai (HCl),Pemutih (NaClO) + Pembersih Lantai (HCl),Tinggi
1,3,11.32,6.96,4.37,8.41,15.94,28.65,0.7779,299.3,0,Amonia (NH3),Sabun Cuci Piring,Amonia (NH3) + Sabun Cuci Piring,Aman
0,3,12.47,7.38,5.09,2.38,11.28,39.76,0.4396,342.3,1,Pemutih (NaClO),Sabun Cuci Piring,Pemutih (NaClO) + Sabun Cuci Piring,Sedang
0,1,13.0,11.7,1.3,6.17,8.98,37.2,0.9869,162.3,2,Pemutih (NaClO),Amonia (NH3),Pemutih (NaClO) + Amonia (NH3),Tinggi
0,3,12.16,7.27,4.89,5.61,15.46,22.46,0.3821,425.0,1,Pemutih (NaClO),Sabun Cuci Piring,Pemutih (NaClO) + Sabun Cuci Piring,Sedang
1,4,11.57,1.46,10.11,11.33,10.59,22.97,0.3486,312.7,1,Amonia (NH3),Pembersih Lantai (HCl),Amonia (NH3) + Pembersih Lantai (HCl),Sedang
0,2,12.17,2.88,9.29,4.69,5.64,39.36,0.1015,274.0,2,Pemutih (NaClO),Cuka (CH3COOH),Pemutih (NaClO) + Cuka (CH3COOH),Tinggi
0,6,12.53,7.06,5.46,5.03,67.87,32.35,0.5748,130.8,2,Pemutih (NaClO),Alkohol (Etanol),Pemutih (NaClO) + Alkohol (Etanol),Tinggi
0,5,12.79,6.7,6.09,4.33,100.62,31.1,0.1088,469.5,0,Pemutih (NaClO),Air (H2O),Pemutih (NaClO) + Air (H2O),Aman
7,8,13.67,6.87,6.79,20.35,99.06,37.06,0.3175,319.2,2,Basa Kuat (NaOH),Aluminium Foil (Al),Basa Kuat (NaOH) + Aluminium Foil (Al),Tinggi
4,5,0.63,7.12,6.49,9.05,103.42,35.64,0.9558,311.1,0,Pembersih Lantai (HCl),Air (H2O),Pembersih Lantai (HCl) + Air (H2O),Aman
5,9,6.96,7.08,0.12,101.67,6.16,34.85,0.0827,285.5,2,Air (H2O),Asap Pembakaran (CO),Air (H2O) + Asap Pembakaran (CO),Tinggi
1,5,11.68,7.17,4.51,7.19,101.82,29.28,0.1808,341.0,0,Amonia (NH3),Air (H2O),Amonia (NH3) + Air (H2O),Aman
0,2,12.57,2.42,10.16,6.31,6.87,34.72,0.7704,154.0,2,Pemutih (NaClO),Cuka (CH3COOH),Pemutih (NaClO) + Cuka (CH3COOH),Tinggi
0,6,13.15,7.01,6.14,5.56,69.64,28.31,0.631,223.6,2,Pemutih (NaClO),Alkohol (Etanol),Pemutih (NaClO) + Alkohol (Etanol),Tinggi
0,3,12.6,6.79,5.82,4.44,15.77,28.81,0.7966,437.7,1,Pemutih (NaClO),Sabun Cuci Piring,Pemutih (NaClO) + Sabun Cuci Piring,Sedang
1,3,10.66,7.03,3.63,8.55,13.78,34.58,0.2424,317.5,0,Amonia (NH3),Sabun Cuci Piring,Amonia (NH3) + Sabun Cuci Piring,Aman
0,1,12.49,11.52,0.97,3.78,8.23,35.67,0.4468,438.8,2,Pemutih (NaClO),Amonia (NH3),Pemutih (NaClO) + Amonia (NH3),Tinggi
0,1,12.58,11.62,0.96,1.79,11.64,27.39,0.1671,55.2,2,Pemutih (NaClO),Amonia (NH3),Pemutih (NaClO) + Amonia (NH3),Tinggi
0,6,13.04,6.73,6.3,8.28,69.56,30.13,0.8905,245.3,2,Pemutih (NaClO),Alkohol (Etanol),Pemutih (NaClO) + Alkohol (Etanol),Tinggi
2,4,2.38,1.3,1.07,1.39,12.0,25.21,0.8576,218.6,1,Cuka (CH3COOH),Pembersih Lantai (HCl),Cuka (CH3COOH) + Pembersih Lantai (HCl),Sedang
0,1,12.17,11.04,1.13,4.44,11.95,38.9,0.2061,222.0,2,Pemutih (NaClO),Amonia (NH3),Pemutih (NaClO) + Amonia (NH3),Tinggi
1,4,11.55,0.79,10.76,11.3,10.08,30.53,0.5162,442.9,1,Amonia (NH3),Pembersih Lantai (HCl),Amonia (NH3) + Pembersih Lantai (HCl),Sedang
0,3,12.84,7.53,5.31,3.55,12.47,22.74,0.8449,263.8,1,Pemutih (NaClO),Sabun Cuci Piring,Pemutih (NaClO) + Sabun Cuci Piring,Sedang
5,6,6.47,6.59,0.11,100.97,69.48,34.02,0.0099,202.1,0,Air (H2O),Alkohol (Etanol),Air (H2O) + Alkohol (Etanol),Aman
2,5,2.49,6.57,4.08,4.49,100.77,38.01,0.3224,343.4,0,Cuka (CH3COOH),Air (H2O),Cuka (CH3COOH) + Air (H2O),Aman
2,3,2.61,7.04,4.42,5.21,10.32,35.3,0.4053,386.7,2,Cuka (CH3COOH),Sabun Cuci Piring,Cuka (CH3COOH) + Sabun Cuci Piring,Tinggi
5,6,6.66,7.27,0.61,100.36,73.65,31.97,0.4439,318.6,0,Air (H2O),Alkohol (Etanol),Air (H2O) + Alkohol (Etanol),Aman
2,5,2.77,7.72,4.95,4.67,102.47,38.78,0.7255,466.4,0,Cuka (CH3COOH),Air (H2O),Cuka (CH3COOH) + Air (H2O),Aman
7,8,14.14,6.74,7.4,17.09,98.75,21.86,0.9378,422.0,2,Basa Kuat (NaOH),Aluminium Foil (Al),Basa Kuat (NaOH) + Aluminium Foil (Al),Tinggi
0,3,12.94,6.53,6.41,7.11,13.99,30.04,0.7185,120.3,2,Pemutih (NaClO),Sabun Cuci Piring,Pemutih (NaClO) + Sabun Cuci Piring,Tinggi
2,4,2.66,0.74,1.92,6.57,7.7,24.49,0.0685,266.7,1,Cuka (CH3COOH),Pembersih Lantai (HCl),Cuka (CH3COOH) + Pembersih Lantai (HCl),Sedang
1,5,11.25,6.56,4.69,11.63,96.19,36.31,0.1792,87.0,0,Amonia (NH3),Air (H2O),Amonia (NH3) + Air (H2O),Aman
2,5,1.91,6.66,4.75,0.65,101.45,32.95,0.9663,279.7,0,Cuka (CH3COOH),Air (H2O),Cuka (CH3COOH) + Air (H2O),Aman
1,2,11.31,2.41,8.9,9.29,2.72,28.65,0.3381,105.2,1,Amonia (NH3),Cuka (CH3COOH),Amonia (NH3) + Cuka (CH3COOH),Sedang
5,10,6.95,7.42,0.48,99.03,95.54,21.26,0.9055,295.2,2,Air (H2O),Gas LPG (Propana/Butana),Air (H2O) + Gas LPG (Propana/Butana),Tinggi
0,1,12.45,11.8,0.65,4.32,9.49,32.5,0.4904,442.7,2,Pemutih (NaClO),Amonia (NH3),Pemutih (NaClO) + Amonia (NH3),Tinggi
2,5,2.19,6.96,4.77,2.02,100.94,20.75,0.3206,173.6,0,Cuka (CH3COOH),Air (H2O),Cuka (CH3COOH) + Air (H2O),Aman
0,5,12.85,7.15,5.7,10.42,102.27,36.71,0.5779,57.9,0,Pemutih (NaClO),Air (H2O),Pemutih (NaClO) + Air (H2O),Aman
3,4,6.99,0.87,6.12,17.39,10.86,35.17,0.5461,343.2,0,Sabun Cuci Piring,Pembersih Lantai (HCl),Sabun Cuci Piring + Pembersih Lantai (HCl),Aman
2,4,2.18,0.89,1.29,4.97,8.64,39.27,0.9468,201.2,2,Cuka (CH3COOH),Pembersih Lantai (HCl),Cuka (CH3COOH) + Pembersih Lantai (HCl),Tinggi
0,2,13.22,2.66,10.56,5.13,8.36,39.93,0.2988,196.1,2,Pemutih (NaClO),Cuka (CH3COOH),Pemutih (NaClO) + Cuka (CH3COOH),Tinggi
5,9,7.32,6.72,0.61,98.92,9.13,23.3,0.5242,171.1,2,Air (H2O),Asap Pembakaran (CO),Air (H2O) + Asap Pembakaran (CO),Tinggi
5,10,7.31,6.89,0.42,102.04,101.07,23.26,0.2709,69.5,2,Air (H2O),Gas LPG (Propana/Butana),Air (H2O) + Gas LPG (Propana/Butana),Tinggi
2,3,2.03,7.43,5.41,5.61,19.29,39.75,0.705,181.0,1,Cuka (CH3COOH),Sabun Cuci Piring,Cuka (CH3COOH) + Sabun Cuci Piring,Sedang
5,9,7.08,6.56,0.52,100.2,10.08,32.04,0.9986,140.5,2,Air (H2O),Asap Pembakaran (CO),Air (H2O) + Asap Pembakaran (CO),Tinggi
5,9,6.53,7.15,0.62,95.11,8.2,27.07,0.2138,307.3,2,Air (H2O),Asap Pembakaran (CO),Air (H2O) + Asap Pembakaran (CO),Tinggi
2,3,2.41,7.38,4.98,5.21,16.17,38.07,0.4833,308.3,1,Cuka (CH3COOH),Sabun Cuci Piring,Cuka (CH3COOH) + Sabun Cuci Piring,Sedang
0,6,12.31,6.62,5.68,4.13,66.41,20.44,0.9538,237.2,2,Pemutih (NaClO),Alkohol (Etanol),Pemutih (NaClO) + Alkohol (Etanol),Tinggi
0,1,12.65,11.82,0.83,4.56,8.78,25.8,0.8453,272.0,2,Pemutih (NaClO),Amonia (NH3),Pemutih (NaClO) + Amonia (NH3),Tinggi
0,3,12.64,6.91,5.73,3.84,13.99,38.82,0.5696,275.6,2,Pemutih (NaClO),Sabun Cuci Piring,Pemutih (NaClO) + Sabun Cuci Piring,Tinggi
5,10,6.82,7.13,0.31,99.77,100.03,37.38,0.6433,153.2,2,Air (H2O),Gas LPG (Propana/Butana),Air (H2O) + Gas LPG (Propana/Butana),Tinggi
0,2,12.81,2.95,9.85,4.68,7.9,34.05,0.7852,280.7,2,Pemutih (NaClO),Cuka (CH3COOH),Pemutih (NaClO) + Cuka (CH3COOH),Tinggi
5,9,7.1,7.01,0.09,100.76,9.25,34.38,0.0844,227.7,2,Air (H2O),Asap Pembakaran (CO),Air (H2O) + Asap Pembakaran (CO),Tinggi
2,3,3.05,6.98,3.93,7.63,19.55,26.33,0.7821,128.9,2,Cuka (CH3COOH),Sabun Cuci Piring,Cuka (CH3COOH) + Sabun Cuci Piring,Tinggi
0,2,12.22,2.3,9.92,4.23,6.37,29.51,0.5142,143.7,2,Pemutih (NaClO),Cuka (CH3COOH),Pemutih (NaClO) + Cuka (CH3COOH),Tinggi
2,4,2.25,1.35,0.89,4.14,14.88,29.87,0.9162,480.0,0,Cuka (CH3COOH),Pembersih Lantai (HCl),Cuka (CH3COOH) + Pembersih Lantai (HCl),Aman
5,9,6.88,7.3,0.42,103.34,8.41,24.65,0.6265,464.5,2,Air (H2O),Asap Pembakaran (CO),Air (H2O) + Asap Pembakaran (CO),Tinggi
5,9,6.29,7.03,0.74,102.85,9.78,33.93,0.9006,194.1,2,Air (H2O),Asap Pembakaran (CO),Air (H2O) + Asap Pembakaran (CO),Tinggi
4,5,1.37,7.05,5.68,10.0,101.7,30.75,0.5169,457.3,0,Pembersih Lantai (HCl),Air (H2O),Pembersih Lantai (HCl) + Air (H2O),Aman
2,5,2.91,6.79,3.88,3.78,101.49,29.79,0.1538,159.3,0,Cuka (CH3COOH),Air (H2O),Cuka (CH3COOH) + Air (H2O),Aman
0,5,12.74,7.36,5.37,4.66,103.54,28.78,0.3539,389.5,0,Pemutih (NaClO),Air (H2O),Pemutih (NaClO) + Air (H2O),Aman
0,5,12.84,7.06,5.78,6.57,98.43,37.89,0.6487,376.4,0,Pemutih (NaClO),Air (H2O),Pemutih (NaClO) + Air (H2O),Aman
2,5,2.0,6.63,4.64,5.95,99.82,34.07,0.1787,213.5,0,Cuka (CH3COOH),Air (H2O),Cuka (CH3COOH) + Air (H2O),Aman
5,9,6.84,7.03,0.19,102.59,6.86,39.38,0.7059,201.2,2,Air (H2O),Asap Pembakaran (CO),Air (H2O) + Asap Pembakaran (CO),Tinggi
5,10,7.8,7.06,0.73,99.55,99.0,21.33,0.6515,270.0,2,Air (H2O),Gas LPG (Propana/Butana),Air (H2O) + Gas LPG (Propana/Butana),Tinggi
3,5,7.18,7.08,0.1,15.41,99.03,27.46,0.5849,55.5,0,Sabun Cuci Piring,Air (H2O),Sabun Cuci Piring + Air (H2O),Aman
3,5,6.74,6.94,0.2,18.73,100.13,35.77,0.6849,477.6,0,Sabun Cuci Piring,Air (H2O),Sabun Cuci Piring + Air (H2O),Aman
3,5,7.04,6.71,0.32,14.14,100.16,31.83,0.029,308.0,0,Sabun Cuci Piring,Air (H2O),Sabun Cuci Piring + Air (H2O),Aman
0,6,12.83,6.74,6.09,5.9,67.3,20.49,0.9031,81.9,2,Pemutih (NaClO),Alkohol (Etanol),Pemutih (NaClO) + Alkohol (Etanol),Tinggi
1,5,11.12,7.36,3.77,12.03,101.18,27.52,0.8971,57.7,0,Amonia (NH3),Air (H2O),Amonia (NH3) + Air (H2O),Aman
4,5,0.71,7.39,6.68,9.43,102.41,22.03,0.3867,446.1,0,Pembersih Lantai (HCl),Air (H2O),Pembersih Lantai (HCl) + Air (H2O),Aman
3,4,6.82,1.27,5.55,17.99,7.28,24.27,0.6669,351.6,0,Sabun Cuci Piring,Pembersih Lantai (HCl),Sabun Cuci Piring + Pembersih Lantai (HCl),Aman
2,5,2.39,6.67,4.28,5.53,102.68,33.37,0.9384,494.5,0,Cuka (CH3COOH),Air (H2O),Cuka (CH3COOH) + Air (H2O),Aman
2,3,2.78,6.61,3.83,3.37,16.84,37.44,0.9698,203.6,2,Cuka (CH3COOH),Sabun Cuci Piring,Cuka (CH3COOH) + Sabun Cuci Piring,Tinggi
4,5,0.94,6.82,5.88,12.01,102.53,38.71,0.8626,178.5,0,Pembersih Lantai (HCl),Air (H2O),Pembersih Lantai (HCl) + Air (H2O),Aman
2,5,2.58,7.38,4.8,4.56,96.59,20.64,0.9029,67.6,0,Cuka (CH3COOH),Air (H2O),Cuka (CH3COOH) + Air (H2O),Aman
2,3,2.87,7.15,4.28,3.6,16.22,37.79,0.4683,453.9,1,Cuka (CH3COOH),Sabun Cuci Piring,Cuka (CH3COOH) + Sabun Cuci Piring,Sedang
0,4,12.2,0.86,11.34,3.73,8.99,25.68,0.743,264.9,2,Pemutih (NaClO),Pembersih Lantai (HCl),Pemutih (NaClO) + Pembersih Lantai (HCl),Tinggi
1,4,11.51,1.32,10.19,8.35,8.27,34.59,0.0357,214.3,1,Amonia (NH3),Pembersih Lantai (HCl),Amonia (NH3) + Pembersih Lantai (HCl),Sedang
0,1,12.57,11.3,1.27,5.72,9.76,39.44,0.9782,262.1,2,Pemutih (NaClO),Amonia (NH3),Pemutih (NaClO) + Amonia (NH3),Tinggi
1,5,11.72,7.51,4.21,9.99,98.34,28.97,0.2234,189.4,0,Amonia (NH3),Air (H2O),Amonia (NH3) + Air (H2O),Aman
0,3,12.78,6.81,5.97,4.63,18.36,33.93,0.9373,124.4,0,Pemutih (NaClO),Sabun Cuci Piring,Pemutih (NaClO) + Sabun Cuci Piring,Aman
1,5,11.32,7.35,3.97,10.56,98.55,39.08,0.8507,182.6,1,Amonia (NH3),Air (H2O),Amonia (NH3) + Air (H2O),Sedang
5,9,7.76,6.55,1.22,101.17,9.35,21.86,0.3775,192.7,2,Air (H2O),Asap Pembakaran (CO),Air (H2O) + Asap Pembakaran (CO),Tinggi
3,5,7.17,7.3,0.13,13.51,100.84,37.78,0.4493,452.3,0,Sabun Cuci Piring,Air (H2O),Sabun Cuci Piring + Air (H2O),Aman
2,4,2.61,1.06,1.55,6.27,9.65,35.94,0.6093,102.1,1,Cuka (CH3COOH),Pembersih Lantai (HCl),Cuka (CH3COOH) + Pembersih Lantai (HCl),Sedang
3,5,6.91,7.29,0.38,17.64,98.53,33.14,0.7571,135.6,0,Sabun Cuci Piring,Air (H2O),Sabun Cuci Piring + Air (H2O),Aman
0,1,12.67,11.83,0.85,6.69,9.12,26.5,0.5163,250.2,2,Pemutih (NaClO),Amonia (NH3),Pemutih (NaClO) + Amonia (NH3),Tinggi
2,5,2.6,7.26,4.66,8.54,100.7,27.61,0.1846,392.0,0,Cuka (CH3COOH),Air (H2O),Cuka (CH3COOH) + Air (H2O),Aman
1,3,11.2,7.13,4.07,8.31,13.04,38.61,0.5544,270.9,0,Amonia (NH3),Sabun Cuci Piring,Amonia (NH3) + Sabun Cuci Piring,Aman
0,1,12.08,12.11,0.03,3.98,10.13,20.48,0.9244,54.8,2,Pemutih (NaClO),Amonia (NH3),Pemutih (NaClO) + Amonia (NH3),Tinggi
1,5,11.24,7.39,3.85,10.76,100.73,36.43,0.5398,186.9,0,Amonia (NH3),Air (H2O),Amonia (NH3) + Air (H2O),Aman
1,4,11.77,1.35,10.42,10.3,11.11,33.35,0.0173,286.4,1,Amonia (NH3),Pembersih Lantai (HCl),Amonia (NH3) + Pembersih Lantai (HCl),Sedang
0,4,12.58,0.45,12.13,4.82,11.1,36.02,0.4748,340.3,2,Pemutih (NaClO),Pembersih Lantai (HCl),Pemutih (NaClO) + Pembersih Lantai (HCl),Tinggi
4,5,0.75,7.66,6.92,8.03,98.29,20.78,0.0349,90.8,0,Pembersih Lantai (HCl),Air (H2O),Pembersih Lantai (HCl) + Air (H2O),Aman
2,4,2.58,1.22,1.36,2.86,13.83,27.97,0.0835,180.8,1,Cuka (CH3COOH),Pembersih Lantai (HCl),Cuka (CH3COOH) + Pembersih Lantai (HCl),Sedang
0,4,12.64,0.84,11.8,5.67,8.98,34.1,0.3221,198.8,2,Pemutih (NaClO),Pembersih Lantai (HCl),Pemutih (NaClO) + Pembersih Lantai (HCl),Tinggi
3,5,6.59,7.19,0.6,13.55,101.41,39.76,0.9521,303.5,0,Sabun Cuci Piring,Air (H2O),Sabun Cuci Piring + Air (H2O),Aman
7,8,13.69,6.67,7.02,19.7,98.05,20.6,0.0363,478.8,2,Basa Kuat (NaOH),Aluminium Foil (Al),Basa Kuat (NaOH) + Aluminium Foil (Al),Tinggi
5,6,7.12,7.34,0.22,98.71,72.22,33.94,0.2944,296.9,0,Air (H2O),Alkohol (Etanol),Air (H2O) + Alkohol (Etanol),Aman
1,3,11.41,6.91,4.51,10.2,15.74,31.4,0.3566,398.4,0,Amonia (NH3),Sabun Cuci Piring,Amonia (NH3) + Sabun Cuci Piring,Aman
2,4,2.82,0.77,2.06,3.88,13.32,36.65,0.9753,338.9,1,Cuka (CH3COOH),Pembersih Lantai (HCl),Cuka (CH3COOH) + Pembersih Lantai (HCl),Sedang
0,4,12.24,0.64,11.6,3.07,8.77,29.49,0.0694,73.7,2,Pemutih (NaClO),Pembersih Lantai (HCl),Pemutih (NaClO) + Pembersih Lantai (HCl),Tinggi
7,8,14.02,6.71,7.31,19.41,97.82,21.96,0.7905,305.0,2,Basa Kuat (NaOH),Aluminium Foil (Al),Basa Kuat (NaOH) + Aluminium Foil (Al),Tinggi
4,5,0.96,7.13,6.17,14.26,101.54,32.36,0.8782,252.5,0,Pembersih Lantai (HCl),Air (H2O),Pembersih Lantai (HCl) + Air (H2O),Aman
1,5,11.57,6.85,4.72,10.69,97.98,27.64,0.1325,437.9,0,Amonia (NH3),Air (H2O),Amonia (NH3) + Air (H2O),Aman
0,3,12.63,6.88,5.75,3.25,13.4,23.41,0.5619,84.8,1,Pemutih (NaClO),Sabun Cuci Piring,Pemutih (NaClO) + Sabun Cuci Piring,Sedang
2,5,2.61,7.1,4.49,4.58,101.66,34.06,0.0929,57.2,0,Cuka (CH3COOH),Air (H2O),Cuka (CH3COOH) + Air (H2O),Aman
0,6,12.18,6.78,5.4,5.14,68.36,30.12,0.6061,54.4,2,Pemutih (NaClO),Alkohol (Etanol),Pemutih (NaClO) + Alkohol (Etanol),Tinggi
0,4,12.23,0.97,11.26,4.42,10.83,26.7,0.5069,379.7,2,Pemutih (NaClO),Pembersih Lantai (HCl),Pemutih (NaClO) + Pembersih Lantai (HCl),Tinggi
1,4,11.92,0.81,11.11,11.64,11.58,27.74,0.8987,129.8,1,Amonia (NH3),Pembersih Lantai (HCl),Amonia (NH3) + Pembersih Lantai (HCl),Sedang
5,6,6.46,7.36,0.9,102.28,70.58,21.6,0.3617,131.9,0,Air (H2O),Alkohol (Etanol),Air (H2O) + Alkohol (Etanol),Aman
2,4,2.4,0.84,1.56,4.19,13.16,25.19,0.4868,257.4,1,Cuka (CH3COOH),Pembersih Lantai (HCl),Cuka (CH3COOH) + Pembersih Lantai (HCl),Sedang
5,10,7.4,6.93,0.47,100.76,103.51,24.87,0.8832,302.5,2,Air (H2O),Gas LPG (Propana/Butana),Air (H2O) + Gas LPG (Propana/Butana),Tinggi
5,6,6.21,6.73,0.53,99.35,68.16,34.51,0.5968,182.9,0,Air (H2O),Alkohol (Etanol),Air (H2O) + Alkohol (Etanol),Aman
2,4,2.51,1.46,1.05,8.51,13.09,30.19,0.7253,274.4,1,Cuka (CH3COOH),Pembersih Lantai (HCl),Cuka (CH3COOH) + Pembersih Lantai (HCl),Sedang
0,4,12.65,1.11,11.54,3.23,10.58,38.89,0.6645,266.9,2,Pemutih (NaClO),Pembersih Lantai (HCl),Pemutih (NaClO) + Pembersih Lantai (HCl),Tinggi
0,3,12.26,6.81,5.45,2.72,15.76,20.28,0.7324,362.0,1,Pemutih (NaClO),Sabun Cuci Piring,Pemutih (NaClO) + Sabun Cuci Piring,Sedang
4,5,0.72,6.4,5.68,11.7,103.31,31.36,0.4933,338.8,0,Pembersih Lantai (HCl),Air (H2O),Pembersih Lantai (HCl) + Air (H2O),Aman
7,8,14.31,6.98,7.33,16.45,95.47,36.37,0.6296,372.4,2,Basa Kuat (NaOH),Aluminium Foil (Al),Basa Kuat (NaOH) + Aluminium Foil (Al),Tinggi
0,1,12.31,11.18,1.13,2.65,11.26,20.14,0.6817,170.9,2,Pemutih (NaClO),Amonia (NH3),Pemutih (NaClO) + Amonia (NH3),Tinggi
3,5,6.87,6.8,0.07,14.47,98.68,21.06,0.595,115.4,0,Sabun Cuci Piring,Air (H2O),Sabun Cuci Piring + Air (H2O),Aman
0,4,12.29,1.22,11.07,4.09,14.62,35.07,0.8654,445.4,2,Pemutih (NaClO),Pembersih Lantai (HCl),Pemutih (NaClO) + Pembersih Lantai (HCl),Tinggi
4,5,1.31,7.25,5.94,13.02,97.37,21.32,0.7634,398.6,0,Pembersih Lantai (HCl),Air (H2O),Pembersih Lantai (HCl) + Air (H2O),Aman
0,4,12.67,1.7,10.97,4.55,11.91,27.58,0.3878,300.0,2,Pemutih (NaClO),Pembersih Lantai (HCl),Pemutih (NaClO) + Pembersih Lantai (HCl),Tinggi
1,3,12.17,7.18,4.98,5.24,16.4,38.44,0.1787,183.0,0,Amonia (NH3),Sabun Cuci Piring,Amonia (NH3) + Sabun Cuci Piring,Aman
0,1,12.62,11.28,1.34,5.1,5.99,21.41,0.757,296.1,2,Pemutih (NaClO),Amonia (NH3),Pemutih (NaClO) + Amonia (NH3),Tinggi
1,5,12.11,6.95,5.16,11.23,101.5,36.48,0.4795,266.6,0,Amonia (NH3),Air (H2O),Amonia (NH3) + Air (H2O),Aman
3,5,6.78,6.96,0.18,14.01,103.78,20.13,0.5289,237.9,0,Sabun Cuci Piring,Air (H2O),Sabun Cuci Piring + Air (H2O),Aman
1,2,11.31,2.45,8.86,11.33,5.08,27.76,0.1457,153.5,1,Amonia (NH3),Cuka (CH3COOH),Amonia (NH3) + Cuka (CH3COOH),Sedang
5,6,7.13,6.97,0.16,100.83,68.57,26.51,0.9835,142.4,0,Air (H2O),Alkohol (Etanol),Air (H2O) + Alkohol (Etanol),Aman
1,5,11.41,6.89,4.52,10.12,102.03,26.23,0.5902,199.6,0,Amonia (NH3),Air (H2O),Amonia (NH3) + Air (H2O),Aman
0,4,12.37,0.45,11.93,5.65,11.27,30.52,0.8505,469.2,2,Pemutih (NaClO),Pembersih Lantai (HCl),Pemutih (NaClO) + Pembersih Lantai (HCl),Tinggi
3,5,7.1,7.68,0.58,15.72,102.56,36.4,0.8804,432.4,0,Sabun Cuci Piring,Air (H2O),Sabun Cuci Piring + Air (H2O),Aman
5,10,6.44,7.81,1.37,103.1,103.55,21.78,0.1022,456.0,2,Air (H2O),Gas LPG (Propana/Butana),Air (H2O) + Gas LPG (Propana/Butana),Tinggi
7,8,14.22,7.02,7.2,23.95,101.05,29.57,0.5612,318.2,2,Basa Kuat (NaOH),Aluminium Foil (Al),Basa Kuat (NaOH) + Aluminium Foil (Al),Tinggi
0,2,12.68,2.26,10.43,6.98,6.32,39.11,0.9068,405.2,2,Pemutih (NaClO),Cuka (CH3COOH),Pemutih (NaClO) + Cuka (CH3COOH),Tinggi
3,5,7.07,7.03,0.04,14.61,94.83,25.91,0.2464,320.8,0,Sabun Cuci Piring,Air (H2O),Sabun Cuci Piring + Air (H2O),Aman
2,3,2.31,7.05,4.75,4.96,13.23,24.14,0.3354,215.9,1,Cuka (CH3COOH),Sabun Cuci Piring,Cuka (CH3COOH) + Sabun Cuci Piring,Sedang
5,9,7.51,7.75,0.24,98.2,5.69,34.09,0.8596,474.2,2,Air (H2O),Asap Pembakaran (CO),Air (H2O) + Asap Pembakaran (CO),Tinggi
5,6,7.05,7.07,0.02,103.32,72.1,35.62,0.9272,495.5,0,Air (H2O),Alkohol (Etanol),Air (H2O) + Alkohol (Etanol),Aman
5,6,6.55,7.12,0.57,98.19,69.77,36.86,0.8531,379.8,0,Air (H2O),Alkohol (Etanol),Air (H2O) + Alkohol (Etanol),Aman
5,6,7.77,6.98,0.79,101.21,69.16,36.81,0.0296,213.3,0,Air (H2O),Alkohol (Etanol),Air (H2O) + Alkohol (Etanol),Aman
0,6,12.25,7.11,5.15,3.61,72.22,30.14,0.0187,226.2,2,Pemutih (NaClO),Alkohol (Etanol),Pemutih (NaClO) + Alkohol (Etanol),Tinggi
0,3,12.91,6.77,6.14,8.71,17.24,29.9,0.0181,323.9,2,Pemutih (NaClO),Sabun Cuci Piring,Pemutih (NaClO) + Sabun Cuci Piring,Tinggi
2,4,2.52,0.99,1.52,7.38,10.82,38.55,0.2005,168.7,2,Cuka (CH3COOH),Pembersih Lantai (HCl),Cuka (CH3COOH) + Pembersih Lantai (HCl),Tinggi
7,8,13.51,7.31,6.21,19.7,97.47,30.21,0.1302,253.5,2,Basa Kuat (NaOH),Aluminium Foil (Al),Basa Kuat (NaOH) + Aluminium Foil (Al),Tinggi
2,4,2.55,0.46,2.09,7.64,9.91,26.9,0.1048,481.2,2,Cuka (CH3COOH),Pembersih Lantai (HCl),Cuka (CH3COOH) + Pembersih Lantai (HCl),Tinggi
3,5,6.87,6.83,0.04,16.97,98.08,31.46,0.9886,83.1,0,Sabun Cuci Piring,Air (H2O),Sabun Cuci Piring + Air (H2O),Aman
3,4,7.31,1.03,6.28,15.53,9.53,23.03,0.762,356.3,0,Sabun Cuci Piring,Pembersih Lantai (HCl),Sabun Cuci Piring + Pembersih Lantai (HCl),Aman
4,5,1.53,7.55,6.01,8.74,100.7,33.65,0.0854,331.9,0,Pembersih Lantai (HCl),Air (H2O),Pembersih Lantai (HCl) + Air (H2O),Aman
0,1,12.57,11.21,1.36,6.48,11.97,39.38,0.1568,433.8,2,Pemutih (NaClO),Amonia (NH3),Pemutih (NaClO) + Amonia (NH3),Tinggi
3,5,6.83,6.95,0.11,16.05,99.45,32.01,0.1248,408.5,0,Sabun Cuci Piring,Air (H2O),Sabun Cuci Piring + Air (H2O),Aman
1,2,11.89,2.33,9.57,9.37,5.46,28.35,0.9724,381.1,1,Amonia (NH3),Cuka (CH3COOH),Amonia (NH3) + Cuka (CH3COOH),Sedang
3,4,7.03,1.33,5.7,15.85,8.69,25.78,0.3513,204.3,0,Sabun Cuci Piring,Pembersih Lantai (HCl),Sabun Cuci Piring + Pembersih Lantai (HCl),Aman
2,3,2.6,6.88,4.28,4.14,14.5,28.72,0.1319,203.1,1,Cuka (CH3COOH),Sabun Cuci Piring,Cuka (CH3COOH) + Sabun Cuci Piring,Sedang
5,9,6.88,7.71,0.84,100.27,7.71,31.98,0.1804,265.8,2,Air (H2O),Asap Pembakaran (CO),Air (H2O) + Asap Pembakaran (CO),Tinggi
1,2,11.87,2.67,9.2,12.69,5.62,33.94,0.1931,73.6,1,Amonia (NH3),Cuka (CH3COOH),Amonia (NH3) + Cuka (CH3COOH),Sedang
5,10,7.1,6.49,0.61,101.88,101.91,39.84,0.8561,187.0,2,Air (H2O),Gas LPG (Propana/Butana),Air (H2O) + Gas LPG (Propana/Butana),Tinggi
1,4,11.72,1.16,10.56,12.83,7.13,36.83,0.5664,401.0,1,Amonia (NH3),Pembersih Lantai (HCl),Amonia (NH3) + Pembersih Lantai (HCl),Sedang
5,10,7.25,7.16,0.09,102.45,99.23,25.71,0.1851,487.4,2,Air (H2O),Gas LPG (Propana/Butana),Air (H2O) + Gas LPG (Propana/Butana),Tinggi
5,9,6.44,7.53,1.08,99.43,10.33,20.35,0.236,178.2,2,Air (H2O),Asap Pembakaran (CO),Air (H2O) + Asap Pembakaran (CO),Tinggi
2,5,2.85,6.99,4.13,3.98,98.8,23.95,0.9711,107.4,0,Cuka (CH3COOH),Air (H2O),Cuka (CH3COOH) + Air (H2O),Aman
0,4,12.83,0.78,12.04,9.3,7.99,39.43,0.9434,169.7,2,Pemutih (NaClO),Pembersih Lantai (HCl),Pemutih (NaClO) + Pembersih Lantai (HCl),Tinggi
3,5,7.31,7.17,0.14,14.7,99.69,38.16,0.8136,488.3,0,Sabun Cuci Piring,Air (H2O),Sabun Cuci Piring + Air (H2O),Aman
2,5,2.81,7.11,4.3,4.84,97.89,24.6,0.8173,155.7,0,Cuka (CH3COOH),Air (H2O),Cuka (CH3COOH) + Air (H2O),Aman
3,4,6.96,1.14,5.82,16.72,8.68,27.52,0.7433,255.3,1,Sabun Cuci Piring,Pembersih Lantai (HCl),Sabun Cuci Piring + Pembersih Lantai (HCl),Sedang
2,3,2.71,7.13,4.41,7.81,14.31,20.19,0.9664,203.6,2,Cuka (CH3COOH),Sabun Cuci Piring,Cuka (CH3COOH) + Sabun Cuci Piring,Tinggi
0,3,12.59,7.27,5.32,8.15,17.75,24.55,0.4685,414.0,2,Pemutih (NaClO),Sabun Cuci Piring,Pemutih (NaClO) + Sabun Cuci Piring,Tinggi
1,5,11.79,7.11,4.68,9.98,97.53,39.97,0.1827,362.4,0,Amonia (NH3),Air (H2O),Amonia (NH3) + Air (H2O),Aman
0,4,12.34,0.27,12.06,8.41,8.2,22.06,0.0078,74.8,2,Pemutih (NaClO),Pembersih Lantai (HCl),Pemutih (NaClO) + Pembersih Lantai (HCl),Tinggi
5,6,7.27,6.82,0.45,94.64,69.41,29.63,0.6548,135.2,0,Air (H2O),Alkohol (Etanol),Air (H2O) + Alkohol (Etanol),Aman
5,9,6.82,6.92,0.1,100.13,10.2,32.33,0.2568,289.0,2,Air (H2O),Asap Pembakaran (CO),Air (H2O) + Asap Pembakaran (CO),Tinggi
2,5,2.51,7.33,4.81,3.63,100.62,27.7,0.057,221.4,0,Cuka (CH3COOH),Air (H2O),Cuka (CH3COOH) + Air (H2O),Aman
2,3,2.74,6.94,4.2,4.49,13.71,39.12,0.1204,103.6,2,Cuka (CH3COOH),Sabun Cuci Piring,Cuka (CH3COOH) + Sabun Cuci Piring,Tinggi
5,6,6.82,7.25,0.43,98.89,67.54,37.64,0.055,473.4,0,Air (H2O),Alkohol (Etanol),Air (H2O) + Alkohol (Etanol),Aman
4,5,1.32,6.6,5.28,8.26,97.66,21.22,0.4894,110.2,0,Pembersih Lantai (HCl),Air (H2O),Pembersih Lantai (HCl) + Air (H2O),Aman
0,2,12.66,2.49,10.17,6.25,7.29,37.58,0.6444,217.3,2,Pemutih (NaClO),Cuka (CH3COOH),Pemutih (NaClO) + Cuka (CH3COOH),Tinggi
5,10,7.37,7.12,0.25,100.66,101.19,33.0,0.57,366.6,2,Air (H2O),Gas LPG (Propana/Butana),Air (H2O) + Gas LPG (Propana/Butana),Tinggi
5,6,7.18,6.36,0.82,99.95,69.62,35.94,0.8424,230.6,0,Air (H2O),Alkohol (Etanol),Air (H2O) + Alkohol (Etanol),Aman
2,4,2.53,0.94,1.59,5.28,9.12,30.78,0.1986,292.8,1,Cuka (CH3COOH),Pembersih Lantai (HCl),Cuka (CH3COOH) + Pembersih Lantai (HCl),Sedang
1,2,11.64,2.28,9.35,9.64,7.82,23.74,0.7385,265.7,1,Amonia (NH3),Cuka (CH3COOH),Amonia (NH3) + Cuka (CH3COOH),Sedang
2,3,2.95,6.51,3.55,3.78,14.47,27.35,0.7051,383.7,1,Cuka (CH3COOH),Sabun Cuci Piring,Cuka (CH3COOH) + Sabun Cuci Piring,Sedang
1,2,11.58,3.27,8.31,10.86,2.56,20.09,0.5552,469.8,1,Amonia (NH3),Cuka (CH3COOH),Amonia (NH3) + Cuka (CH3COOH),Sedang
2,4,2.12,1.09,1.03,6.1,9.6,33.27,0.9908,420.6,0,Cuka (CH3COOH),Pembersih Lantai (HCl),Cuka (CH3COOH) + Pembersih Lantai (HCl),Aman
4,5,0.82,6.91,6.09,11.2,99.38,24.95,0.2728,490.2,0,Pembersih Lantai (HCl),Air (H2O),Pembersih Lantai (HCl) + Air (H2O),Aman
5,10,7.32,7.45,0.13,100.56,102.38,33.33,0.2648,233.7,2,Air (H2O),Gas LPG (Propana/Butana),Air (H2O) + Gas LPG (Propana/Butana),Tinggi
5,6,7.32,7.27,0.05,99.9,71.27,33.24,0.5471,446.7,0,Air (H2O),Alkohol (Etanol),Air (H2O) + Alkohol (Etanol),Aman
7,8,14.1,6.89,7.21,20.92,101.82,36.46,0.7087,109.1,2,Basa Kuat (NaOH),Aluminium Foil (Al),Basa Kuat (NaOH) + Aluminium Foil (Al),Tinggi
1,2,11.95,2.65,9.3,7.23,0.81,24.05,0.6675,342.4,1,Amonia (NH3),Cuka (CH3COOH),Amonia (NH3) + Cuka (CH3COOH),Sedang
2,5,2.6,6.94,4.34,8.27,98.74,38.92,0.4841,218.5,0,Cuka (CH3COOH),Air (H2O),Cuka (CH3COOH) + Air (H2O),Aman
1,4,11.3,0.6,10.7,5.66,8.09,22.22,0.9711,308.3,1,Amonia (NH3),Pembersih Lantai (HCl),Amonia (NH3) + Pembersih Lantai (HCl),Sedang
1,4,11.18,1.07,10.11,8.94,10.08,20.83,0.3796,330.2,1,Amonia (NH3),Pembersih Lantai (HCl),Amonia (NH3) + Pembersih Lantai (HCl),Sedang
1,2,11.48,2.76,8.72,8.5,6.22,36.14,0.3632,436.2,2,Amonia (NH3),Cuka (CH3COOH),Amonia (NH3) + Cuka (CH3COOH),Tinggi
1,4,11.63,0.63,11.01,10.94,4.93,36.21,0.5859,404.6,2,Amonia (NH3),Pembersih Lantai (HCl),Amonia (NH3) + Pembersih Lantai (HCl),Tinggi
1,2,11.41,2.62,8.79,11.09,5.72,37.92,0.3416,189.2,2,Amonia (NH3),Cuka (CH3COOH),Amonia (NH3) + Cuka (CH3COOH),Tinggi
1,4,11.2,1.35,9.85,11.46,14.44,22.75,0.0176,250.6,1,Amonia (NH3),Pembersih Lantai (HCl),Amonia (NH3) + Pembersih Lantai (HCl),Sedang
5,9,7.32,6.79,0.53,98.63,6.35,33.42,0.7317,415.3,2,Air (H2O),Asap Pembakaran (CO),Air (H2O) + Asap Pembakaran (CO),Tinggi
3,4,6.97,1.11,5.86,15.67,10.2,31.8,0.1414,79.9,0,Sabun Cuci Piring,Pembersih Lantai (HCl),Sabun Cuci Piring + Pembersih Lantai (HCl),Aman
5,9,7.45,6.65,0.8,99.54,10.85,26.6,0.8772,98.4,2,Air (H2O),Asap Pembakaran (CO),Air (H2O) + Asap Pembakaran (CO),Tinggi
0,1,12.1,11.52,0.59,5.05,10.23,31.31,0.439,107.3,2,Pemutih (NaClO),Amonia (NH3),Pemutih (NaClO) + Amonia (NH3),Tinggi
0,1,12.17,11.44,0.74,9.45,8.98,39.41,0.1296,100.2,2,Pemutih (NaClO),Amonia (NH3),Pemutih (NaClO) + Amonia (NH3),Tinggi
1,4,11.62,1.52,10.1,11.45,6.38,35.72,0.2827,132.8,1,Amonia (NH3),Pembersih Lantai (HCl),Amonia (NH3) + Pembersih Lantai (HCl),Sedang
1,4,10.94,1.38,9.56,8.14,9.19,21.87,0.3999,144.2,1,Amonia (NH3),Pembersih Lantai (HCl),Amonia (NH3) + Pembersih Lantai (HCl),Sedang
5,10,7.2,6.81,0.39,99.19,98.11,39.67,0.0255,360.5,2,Air (H2O),Gas LPG (Propana/Butana),Air (H2O) + Gas LPG (Propana/Butana),Tinggi
0,6,12.75,6.5,6.26,4.5,69.52,27.17,0.0207,93.6,2,Pemutih (NaClO),Alkohol (Etanol),Pemutih (NaClO) + Alkohol (Etanol),Tinggi
5,10,7.17,6.98,0.19,98.38,102.4,34.46,0.8283,174.8,2,Air (H2O),Gas LPG (Propana/Butana),Air (H2O) + Gas LPG (Propana/Butana),Tinggi
0,3,12.55,7.01,5.54,8.35,13.93,28.5,0.1759,262.4,1,Pemutih (NaClO),Sabun Cuci Piring,Pemutih (NaClO) + Sabun Cuci Piring,Sedang
1,2,11.2,2.62,8.58,8.23,5.06,28.29,0.6291,402.0,1,Amonia (NH3),Cuka (CH3COOH),Amonia (NH3) + Cuka (CH3COOH),Sedang
3,5,7.24,6.74,0.51,18.76,100.89,39.01,0.1371,280.0,0,Sabun Cuci Piring,Air (H2O),Sabun Cuci Piring + Air (H2O),Aman
0,2,12.45,2.54,9.9,5.33,7.26,38.44,0.4507,217.4,2,Pemutih (NaClO),Cuka (CH3COOH),Pemutih (NaClO) + Cuka (CH3COOH),Tinggi
2,4,2.16,1.15,1.01,5.89,8.72,23.41,0.8703,238.9,0,Cuka (CH3COOH),Pembersih Lantai (HCl),Cuka (CH3COOH) + Pembersih Lantai (HCl),Aman
7,8,14.29,6.89,7.4,16.33,99.64,29.36,0.2134,470.6,2,Basa Kuat (NaOH),Aluminium Foil (Al),Basa Kuat (NaOH) + Aluminium Foil (Al),Tinggi
5,6,7.31,6.81,0.5,102.48,71.44,26.78,0.2561,150.1,0,Air (H2O),Alkohol (Etanol),Air (H2O) + Alkohol (Etanol),Aman
2,5,2.59,6.79,4.2,2.64,100.7,35.58,0.5009,213.7,0,Cuka (CH3COOH),Air (H2O),Cuka (CH3COOH) + Air (H2O),Aman
4,5,1.67,7.26,5.59,8.99,97.46,29.36,0.8101,395.4,0,Pembersih Lantai (HCl),Air (H2O),Pembersih Lantai (HCl) + Air (H2O),Aman
1,4,11.02,0.87,10.15,11.23,12.11,21.19,0.3375,257.0,1,Amonia (NH3),Pembersih Lantai (HCl),Amonia (NH3) + Pembersih Lantai (HCl),Sedang
0,4,12.48,1.62,10.86,4.53,5.81,38.26,0.6087,67.8,2,Pemutih (NaClO),Pembersih Lantai (HCl),Pemutih (NaClO) + Pembersih Lantai (HCl),Tinggi
1,5,11.77,7.42,4.35,10.87,102.01,38.92,0.207,495.1,0,Amonia (NH3),Air (H2O),Amonia (NH3) + Air (H2O),Aman
0,1,12.51,11.67,0.85,7.45,12.67,27.57,0.762,286.0,2,Pemutih (NaClO),Amonia (NH3),Pemutih (NaClO) + Amonia (NH3),Tinggi
3,4,6.84,1.07,5.77,15.14,11.63,20.81,0.2592,189.1,0,Sabun Cuci Piring,Pembersih Lantai (HCl),Sabun Cuci Piring + Pembersih Lantai (HCl),Aman
0,2,12.32,2.54,9.78,5.52,5.08,21.01,0.8832,428.5,2,Pemutih (NaClO),Cuka (CH3COOH),Pemutih (NaClO) + Cuka (CH3COOH),Tinggi
3,5,7.46,6.9,0.56,15.55,102.14,20.25,0.0287,126.9,0,Sabun Cuci Piring,Air (H2O),Sabun Cuci Piring + Air (H2O),Aman
4,5,0.91,7.14,6.24,11.69,103.01,38.09,0.9095,245.4,0,Pembersih Lantai (HCl),Air (H2O),Pembersih Lantai (HCl) + Air (H2O),Aman
4,5,0.71,7.66,6.95,11.55,101.72,35.56,0.4255,119.2,0,Pembersih Lantai (HCl),Air (H2O),Pembersih Lantai (HCl) + Air (H2O),Aman
0,3,12.5,7.28,5.22,4.5,16.18,26.34,0.8965,64.4,1,Pemutih (NaClO),Sabun Cuci Piring,Pemutih (NaClO) + Sabun Cuci Piring,Sedang
1,2,11.7,2.15,9.55,9.58,5.5,29.38,0.4994,107.7,1,Amonia (NH3),Cuka (CH3COOH),Amonia (NH3) + Cuka (CH3COOH),Sedang
1,2,11.29,2.37,8.91,8.23,2.74,35.18,0.9297,320.3,2,Amonia (NH3),Cuka (CH3COOH),Amonia (NH3) + Cuka (CH3COOH),Tinggi
5,10,7.2,6.56,0.64,103.32,103.82,31.52,0.3969,495.8,2,Air (H2O),Gas LPG (Propana/Butana),Air (H2O) + Gas LPG (Propana/Butana),Tinggi
0,4,12.6,0.78,11.82,3.56,9.23,39.95,0.6662,168.1,2,Pemutih (NaClO),Pembersih Lantai (HCl),Pemutih (NaClO) + Pembersih Lantai (HCl),Tinggi
7,8,13.81,7.46,6.35,17.92,102.95,32.55,0.7699,296.7,2,Basa Kuat (NaOH),Aluminium Foil (Al),Basa Kuat (NaOH) + Aluminium Foil (Al),Tinggi
0,5,12.48,7.43,5.06,5.0,96.79,36.11,0.4263,499.7,0,Pemutih (NaClO),Air (H2O),Pemutih (NaClO) + Air (H2O),Aman
1,2,11.44,2.34,9.1,8.6,2.62,29.21,0.9555,191.0,0,Amonia (NH3),Cuka (CH3COOH),Amonia (NH3) + Cuka (CH3COOH),Aman
2,4,2.6,1.11,1.49,4.42,7.86,39.73,0.2817,191.9,2,Cuka (CH3COOH),Pembersih Lantai (HCl),Cuka (CH3COOH) + Pembersih Lantai (HCl),Tinggi
0,3,12.55,7.14,5.41,2.94,16.87,20.94,0.1357,135.9,1,Pemutih (NaClO),Sabun Cuci Piring,Pemutih (NaClO) + Sabun Cuci Piring,Sedang
2,4,2.56,0.72,1.84,0.5,14.22,33.63,0.9343,401.1,0,Cuka (CH3COOH),Pembersih Lantai (HCl),Cuka (CH3COOH) + Pembersih Lantai (HCl),Aman
5,6,7.03,7.65,0.62,101.66,71.6,23.0,0.3297,111.6,0,Air (H2O),Alkohol (Etanol),Air (H2O) + Alkohol (Etanol),Aman
1,4,11.78,1.39,10.39,13.58,12.4,36.97,0.2955,338.7,1,Amonia (NH3),Pembersih Lantai (HCl),Amonia (NH3) + Pembersih Lantai (HCl),Sedang
1,2,11.38,2.39,8.99,12.37,6.61,24.73,0.3659,407.1,1,Amonia (NH3),Cuka (CH3COOH),Amonia (NH3) + Cuka (CH3COOH),Sedang
0,3,12.29,7.27,5.01,4.91,14.87,22.89,0.3313,312.8,1,Pemutih (NaClO),Sabun Cuci Piring,Pemutih (NaClO) + Sabun Cuci Piring,Sedang
4,5,0.89,7.11,6.22,12.19,97.11,38.62,0.5307,465.3,0,Pembersih Lantai (HCl),Air (H2O),Pembersih Lantai (HCl) + Air (H2O),Aman
2,5,3.01,6.92,3.91,3.1,98.27,21.88,0.9483,294.4,0,Cuka (CH3COOH),Air (H2O),Cuka (CH3COOH) + Air (H2O),Aman
0,6,12.67,6.99,5.68,3.0,74.07,34.65,0.1106,145.5,2,Pemutih (NaClO),Alkohol (Etanol),Pemutih (NaClO) + Alkohol (Etanol),Tinggi
2,5,2.14,6.67,4.53,3.71,96.25,34.95,0.7476,283.0,0,Cuka (CH3COOH),Air (H2O),Cuka (CH3COOH) + Air (H2O),Aman
1,2,11.12,2.32,8.8,12.8,3.7,36.3,0.846,142.9,2,Amonia (NH3),Cuka (CH3COOH),Amonia (NH3) + Cuka (CH3COOH),Tinggi
0,4,12.64,1.19,11.46,6.09,12.52,31.98,0.9611,136.2,2,Pemutih (NaClO),Pembersih Lantai (HCl),Pemutih (NaClO) + Pembersih Lantai (HCl),Tinggi
5,6,6.64,7.08,0.44,96.75,71.99,35.54,0.8607,450.2,0,Air (H2O),Alkohol (Etanol),Air (H2O) + Alkohol (Etanol),Aman
2,3,2.66,7.0,4.34,4.2,15.99,38.94,0.6837,409.0,1,Cuka (CH3COOH),Sabun Cuci Piring,Cuka (CH3COOH) + Sabun Cuci Piring,Sedang
1,3,11.69,6.87,4.83,10.58,15.33,35.34,0.3403,50.9,0,Amonia (NH3),Sabun Cuci Piring,Amonia (NH3) + Sabun Cuci Piring,Aman
0,2,12.76,2.63,10.13,4.29,8.24,30.72,0.336,396.3,2,Pemutih (NaClO),Cuka (CH3COOH),Pemutih (NaClO) + Cuka (CH3COOH),Tinggi
1,4,11.38,0.71,10.67,10.84,9.75,26.74,0.7596,249.8,1,Amonia (NH3),Pembersih Lantai (HCl),Amonia (NH3) + Pembersih Lantai (HCl),Sedang
0,5,12.86,7.0,5.86,4.74,99.63,37.24,0.6162,467.7,0,Pemutih (NaClO),Air (H2O),Pemutih (NaClO) + Air (H2O),Aman
3,5,7.49,6.94,0.55,17.46,101.25,38.54,0.744,189.2,0,Sabun Cuci Piring,Air (H2O),Sabun Cuci Piring + Air (H2O),Aman
0,4,12.19,0.97,11.22,8.8,8.93,21.17,0.9523,325.6,2,Pemutih (NaClO),Pembersih Lantai (HCl),Pemutih (NaClO) + Pembersih Lantai (HCl),Tinggi
0,3,13.03,7.29,5.74,3.53,13.19,20.35,0.2419,243.9,1,Pemutih (NaClO),Sabun Cuci Piring,Pemutih (NaClO) + Sabun Cuci Piring,Sedang
4,5,1.18,7.19,6.0,8.84,97.83,39.05,0.9168,86.7,0,Pembersih Lantai (HCl),Air (H2O),Pembersih Lantai (HCl) + Air (H2O),Aman
1,2,11.48,2.49,8.99,9.27,5.7,22.47,0.4457,418.3,1,Amonia (NH3),Cuka (CH3COOH),Amonia (NH3) + Cuka (CH3COOH),Sedang
0,3,12.92,7.14,5.77,4.94,15.45,34.73,0.9678,101.7,1,Pemutih (NaClO),Sabun Cuci Piring,Pemutih (NaClO) + Sabun Cuci Piring,Sedang
3,4,7.26,0.6,6.66,13.79,8.47,21.1,0.0808,134.9,0,Sabun Cuci Piring,Pembersih Lantai (HCl),Sabun Cuci Piring + Pembersih Lantai (HCl),Aman
0,6,12.45,6.97,5.48,5.87,70.23,29.85,0.0855,167.8,2,Pemutih (NaClO),Alkohol (Etanol),Pemutih (NaClO) + Alkohol (Etanol),Tinggi
1,4,11.59,1.2,10.39,9.13,6.57,32.36,0.7056,423.0,1,Amonia (NH3),Pembersih Lantai (HCl),Amonia (NH3) + Pembersih Lantai (HCl),Sedang
4,5,1.31,7.29,5.98,6.07,100.41,26.64,0.6691,166.4,0,Pembersih Lantai (HCl),Air (H2O),Pembersih Lantai (HCl) + Air (H2O),Aman
3,5,7.27,7.11,0.16,15.33,101.99,35.52,0.6301,492.0,0,Sabun Cuci Piring,Air (H2O),Sabun Cuci Piring + Air (H2O),Aman
1,2,11.66,2.06,9.6,11.78,7.35,35.88,0.0334,372.9,1,Amonia (NH3),Cuka (CH3COOH),Amonia (NH3) + Cuka (CH3COOH),Sedang
0,5,12.27,7.18,5.1,6.14,96.76,24.71,0.793,92.0,0,Pemutih (NaClO),Air (H2O),Pemutih (NaClO) + Air (H2O),Aman
5,9,6.98,7.47,0.49,97.49,9.21,26.2,0.1617,325.0,2,Air (H2O),Asap Pembakaran (CO),Air (H2O) + Asap Pembakaran (CO),Tinggi
5,9,7.29,6.86,0.43,103.5,7.53,34.33,0.3502,380.4,2,Air (H2O),Asap Pembakaran (CO),Air (H2O) + Asap Pembakaran (CO),Tinggi
2,4,2.94,0.67,2.28,10.19,10.81,28.64,0.7613,419.6,1,Cuka (CH3COOH),Pembersih Lantai (HCl),Cuka (CH3COOH) + Pembersih Lantai (HCl),Sedang
3,4,6.99,0.91,6.07,14.92,11.64,36.41,0.7801,281.0,0,Sabun Cuci Piring,Pembersih Lantai (HCl),Sabun Cuci Piring + Pembersih Lantai (HCl),Aman
0,1,12.83,11.35,1.49,4.83,13.88,29.9,0.9947,255.7,2,Pemutih (NaClO),Amonia (NH3),Pemutih (NaClO) + Amonia (NH3),Tinggi
1,4,11.35,1.0,10.36,12.59,8.42,32.34,0.4114,464.8,1,Amonia (NH3),Pembersih Lantai (HCl),Amonia (NH3) + Pembersih Lantai (HCl),Sedang
0,3,12.57,7.11,5.46,6.99,13.5,36.94,0.9088,460.7,1,Pemutih (NaClO),Sabun Cuci Piring,Pemutih (NaClO) + Sabun Cuci Piring,Sedang
1,3,11.2,7.13,4.07,11.08,12.68,24.77,0.462,134.7,0,Amonia (NH3),Sabun Cuci Piring,Amonia (NH3) + Sabun Cuci Piring,Aman
0,2,12.37,2.86,9.51,4.69,6.78,37.02,0.6366,113.5,2,Pemutih (NaClO),Cuka (CH3COOH),Pemutih (NaClO) + Cuka (CH3COOH),Tinggi
5,9,6.95,7.03,0.09,99.04,7.19,33.2,0.2708,159.7,2,Air (H2O),Asap Pembakaran (CO),Air (H2O) + Asap Pembakaran (CO),Tinggi
1,3,11.56,6.46,5.1,14.16,15.0,27.0,0.3211,161.1,0,Amonia (NH3),Sabun Cuci Piring,Amonia (NH3) + Sabun Cuci Piring,Aman
0,5,12.46,6.99,5.47,3.23,99.69,37.97,0.527,432.4,0,Pemutih (NaClO),Air (H2O),Pemutih (NaClO) + Air (H2O),Aman
0,3,12.81,6.36,6.45,6.95,15.83,35.53,0.0848,436.4,2,Pemutih (NaClO),Sabun Cuci Piring,Pemutih (NaClO) + Sabun Cuci Piring,Tinggi
5,10,6.6,7.27,0.67,100.88,97.79,39.71,0.0642,323.5,2,Air (H2O),Gas LPG (Propana/Butana),Air (H2O) + Gas LPG (Propana/Butana),Tinggi
3,5,6.94,7.16,0.22,15.39,101.79,33.54,0.2047,328.3,0,Sabun Cuci Piring,Air (H2O),Sabun Cuci Piring + Air (H2O),Aman
0,6,12.98,6.9,6.08,5.87,70.32,32.92,0.4729,72.4,2,Pemutih (NaClO),Alkohol (Etanol),Pemutih (NaClO) + Alkohol (Etanol),Tinggi
7,8,14.01,6.6,7.41,18.01,102.44,30.1,0.137,140.9,2,Basa Kuat (NaOH),Aluminium Foil (Al),Basa Kuat (NaOH) + Aluminium Foil (Al),Tinggi
1,5,11.52,6.84,4.68,8.24,101.86,34.7,0.2534,151.3,0,Amonia (NH3),Air (H2O),Amonia (NH3) + Air (H2O),Aman
2,5,2.21,6.93,4.72,4.76,101.86,23.33,0.4458,203.1,0,Cuka (CH3COOH),Air (H2O),Cuka (CH3COOH) + Air (H2O),Aman
0,1,12.48,11.67,0.8,0.5,9.4,34.42,0.6551,124.3,2,Pemutih (NaClO),Amonia (NH3),Pemutih (NaClO) + Amonia (NH3),Tinggi
1,5,11.55,7.06,4.48,8.39,100.55,35.02,0.0367,409.5,0,Amonia (NH3),Air (H2O),Amonia (NH3) + Air (H2O),Aman
2,4,2.82,0.63,2.19,2.79,8.01,39.08,0.3295,233.4,2,Cuka (CH3COOH),Pembersih Lantai (HCl),Cuka (CH3COOH) + Pembersih Lantai (HCl),Tinggi
5,6,6.93,6.98,0.05,96.41,69.32,39.63,0.6248,275.3,0,Air (H2O),Alkohol (Etanol),Air (H2O) + Alkohol (Etanol),Aman
1,2,11.84,2.25,9.59,10.37,7.56,34.92,0.5002,70.3,1,Amonia (NH3),Cuka (CH3COOH),Amonia (NH3) + Cuka (CH3COOH),Sedang
1,5,11.65,7.23,4.42,11.06,101.93,37.94,0.1504,224.5,0,Amonia (NH3),Air (H2O),Amonia (NH3) + Air (H2O),Aman
1,3,11.94,6.57,5.37,11.37,12.43,26.1,0.6179,174.1,0,Amonia (NH3),Sabun Cuci Piring,Amonia (NH3) + Sabun Cuci Piring,Aman
0,5,12.19,7.05,5.14,6.94,102.3,23.78,0.2895,450.6,0,Pemutih (NaClO),Air (H2O),Pemutih (NaClO) + Air (H2O),Aman
2,5,2.58,7.57,4.99,3.02,102.35,33.45,0.8358,132.9,0,Cuka (CH3COOH),Air (H2O),Cuka (CH3COOH) + Air (H2O),Aman
2,3,2.55,6.79,4.24,5.6,13.63,24.4,0.3041,108.3,1,Cuka (CH3COOH),Sabun Cuci Piring,Cuka (CH3COOH) + Sabun Cuci Piring,Sedang
0,6,12.7,7.25,5.45,3.7,69.65,38.04,0.2364,255.3,2,Pemutih (NaClO),Alkohol (Etanol),Pemutih (NaClO) + Alkohol (Etanol),Tinggi
2,3,2.37,6.39,4.01,3.91,18.71,37.9,0.3846,231.7,2,Cuka (CH3COOH),Sabun Cuci Piring,Cuka (CH3COOH) + Sabun Cuci Piring,Tinggi
0,2,13.0,2.63,10.36,7.6,0.5,36.63,0.6463,303.8,2,Pemutih (NaClO),Cuka (CH3COOH),Pemutih (NaClO) + Cuka (CH3COOH),Tinggi
0,2,12.47,2.33,10.14,6.72,4.23,35.24,0.9532,493.5,2,Pemutih (NaClO),Cuka (CH3COOH),Pemutih (NaClO) + Cuka (CH3COOH),Tinggi
1,2,11.17,2.51,8.67,7.42,6.47,37.43,0.3579,331.7,1,Amonia (NH3),Cuka (CH3COOH),Amonia (NH3) + Cuka (CH3COOH),Sedang
2,4,2.27,1.21,1.06,7.0,9.22,28.26,0.1966,479.4,1,Cuka (CH3COOH),Pembersih Lantai (HCl),Cuka (CH3COOH) + Pembersih Lantai (HCl),Sedang
4,5,1.5,7.14,5.64,8.9,97.94,29.64,0.5256,112.5,0,Pembersih Lantai (HCl),Air (H2O),Pembersih Lantai (HCl) + Air (H2O),Aman
2,3,2.45,7.01,4.56,3.73,16.33,36.96,0.951,348.0,0,Cuka (CH3COOH),Sabun Cuci Piring,Cuka (CH3COOH) + Sabun Cuci Piring,Aman
0,5,12.38,6.41,5.97,4.2,102.6,22.94,0.3571,435.9,0,Pemutih (NaClO),Air (H2O),Pemutih (NaClO) + Air (H2O),Aman
1,4,12.06,1.17,10.9,12.68,12.18,30.48,0.6926,69.8,1,Amonia (NH3),Pembersih Lantai (HCl),Amonia (NH3) + Pembersih Lantai (HCl),Sedang
0,6,12.49,7.47,5.02,6.52,72.47,39.83,0.0438,155.5,2,Pemutih (NaClO),Alkohol (Etanol),Pemutih (NaClO) + Alkohol (Etanol),Tinggi
4,5,1.14,6.98,5.84,9.78,98.93,31.98,0.6357,371.0,0,Pembersih Lantai (HCl),Air (H2O),Pembersih Lantai (HCl) + Air (H2O),Aman
5,6,6.99,7.02,0.03,98.68,71.45,23.38,0.4995,376.4,0,Air (H2O),Alkohol (Etanol),Air (H2O) + Alkohol (Etanol),Aman
4,5,1.14,7.19,6.04,6.43,101.68,34.42,0.9971,166.7,0,Pembersih Lantai (HCl),Air (H2O),Pembersih Lantai (HCl) + Air (H2O),Aman
0,6,12.62,7.42,5.2,4.93,69.43,20.53,0.8255,129.7,2,Pemutih (NaClO),Alkohol (Etanol),Pemutih (NaClO) + Alkohol (Etanol),Tinggi
5,9,6.76,7.03,0.26,99.8,10.88,25.73,0.0881,436.8,2,Air (H2O),Asap Pembakaran (CO),Air (H2O) + Asap Pembakaran (CO),Tinggi
5,10,6.71,6.9,0.2,102.69,100.03,28.64,0.6006,53.3,2,Air (H2O),Gas LPG (Propana/Butana),Air (H2O) + Gas LPG (Propana/Butana),Tinggi
5,10,6.46,7.09,0.63,97.69,99.37,24.3,0.5904,462.1,2,Air (H2O),Gas LPG (Propana/Butana),Air (H2O) + Gas LPG (Propana/Butana),Tinggi
4,5,1.14,7.21,6.07,12.39,99.24,37.94,0.3229,89.7,0,Pembersih Lantai (HCl),Air (H2O),Pembersih Lantai (HCl) + Air (H2O),Aman
5,10,6.66,6.54,0.12,101.84,102.14,39.16,0.0638,398.2,2,Air (H2O),Gas LPG (Propana/Butana),Air (H2O) + Gas LPG (Propana/Butana),Tinggi
0,6,11.78,7.07,4.71,1.76,69.54,24.22,0.7512,117.7,2,Pemutih (NaClO),Alkohol (Etanol),Pemutih (NaClO) + Alkohol (Etanol),Tinggi
1,5,11.15,6.65,4.5,10.19,100.41,37.23,0.9028,451.2,0,Amonia (NH3),Air (H2O),Amonia (NH3) + Air (H2O),Aman
1,2,11.12,2.06,9.06,11.35,6.43,34.48,0.5,306.8,1,Amonia (NH3),Cuka (CH3COOH),Amonia (NH3) + Cuka (CH3COOH),Sedang
4,5,1.02,7.32,6.3,7.36,99.83,37.34,0.2625,127.6,1,Pembersih Lantai (HCl),Air (H2O),Pembersih Lantai (HCl) + Air (H2O),Sedang
0,5,12.66,7.12,5.54,11.43,98.25,35.69,0.8346,174.5,0,Pemutih (NaClO),Air (H2O),Pemutih (NaClO) + Air (H2O),Aman
0,4,12.95,0.93,12.03,3.76,6.17,28.87,0.0272,369.5,2,Pemutih (NaClO),Pembersih Lantai (HCl),Pemutih (NaClO) + Pembersih Lantai (HCl),Tinggi
3,5,6.64,7.47,0.84,15.01,101.59,23.77,0.2228,411.2,0,Sabun Cuci Piring,Air (H2O),Sabun Cuci Piring + Air (H2O),Aman
0,2,11.88,2.15,9.73,8.03,2.15,31.29,0.2418,85.5,2,Pemutih (NaClO),Cuka (CH3COOH),Pemutih (NaClO) + Cuka (CH3COOH),Tinggi
5,10,7.3,7.46,0.16,98.21,102.47,30.06,0.8529,368.9,2,Air (H2O),Gas LPG (Propana/Butana),Air (H2O) + Gas LPG (Propana/Butana),Tinggi
1,3,11.38,6.73,4.65,6.86,11.71,26.39,0.0747,118.5,0,Amonia (NH3),Sabun Cuci Piring,Amonia (NH3) + Sabun Cuci Piring,Aman
2,3,2.27,6.72,4.45,3.35,14.3,39.44,0.1788,280.0,1,Cuka (CH3COOH),Sabun Cuci Piring,Cuka (CH3COOH) + Sabun Cuci Piring,Sedang
3,5,6.82,6.66,0.16,15.28,101.66,30.6,0.1549,325.6,0,Sabun Cuci Piring,Air (H2O),Sabun Cuci Piring + Air (H2O),Aman
2,3,2.03,6.62,4.59,8.97,13.04,20.02,0.8043,450.2,2,Cuka (CH3COOH),Sabun Cuci Piring,Cuka (CH3COOH) + Sabun Cuci Piring,Tinggi
1,2,11.26,2.29,8.97,8.75,1.39,20.12,0.6308,326.5,1,Amonia (NH3),Cuka (CH3COOH),Amonia (NH3) + Cuka (CH3COOH),Sedang
0,6,12.26,7.51,4.75,6.45,70.61,27.23,0.7379,383.6,2,Pemutih (NaClO),Alkohol (Etanol),Pemutih (NaClO) + Alkohol (Etanol),Tinggi
2,5,2.9,7.27,4.37,6.53,101.47,21.93,0.0698,122.1,0,Cuka (CH3COOH),Air (H2O),Cuka (CH3COOH) + Air (H2O),Aman
2,4,2.1,1.55,0.54,5.25,11.51,37.71,0.7552,318.6,1,Cuka (CH3COOH),Pembersih Lantai (HCl),Cuka (CH3COOH) + Pembersih Lantai (HCl),Sedang
1,2,11.37,2.56,8.81,9.98,6.53,34.9,0.338,208.1,1,Amonia (NH3),Cuka (CH3COOH),Amonia (NH3) + Cuka (CH3COOH),Sedang
3,5,6.92,7.25,0.33,13.89,97.97,34.49,0.0827,316.0,0,Sabun Cuci Piring,Air (H2O),Sabun Cuci Piring + Air (H2O),Aman
0,6,12.3,7.18,5.13,4.69,72.38,31.25,0.0746,206.6,2,Pemutih (NaClO),Alkohol (Etanol),Pemutih (NaClO) + Alkohol (Etanol),Tinggi
1,3,11.57,6.88,4.68,10.2,18.31,36.66,0.9035,307.4,0,Amonia (NH3),Sabun Cuci Piring,Amonia (NH3) + Sabun Cuci Piring,Aman
0,3,12.94,7.71,5.23,5.87,14.45,25.3,0.8351,307.7,1,Pemutih (NaClO),Sabun Cuci Piring,Pemutih (NaClO) + Sabun Cuci Piring,Sedang
2,3,2.43,7.25,4.83,8.68,15.84,33.79,0.5983,73.8,2,Cuka (CH3COOH),Sabun Cuci Piring,Cuka (CH3COOH) + Sabun Cuci Piring,Tinggi
1,2,11.78,2.3,9.47,10.75,2.67,35.97,0.7754,286.2,1,Amonia (NH3),Cuka (CH3COOH),Amonia (NH3) + Cuka (CH3COOH),Sedang
2,5,2.54,7.24,4.7,2.29,99.56,34.58,0.636,499.1,0,Cuka (CH3COOH),Air (H2O),Cuka (CH3COOH) + Air (H2O),Aman
0,3,12.4,6.92,5.48,8.22,11.63,28.11,0.2272,159.9,2,Pemutih (NaClO),Sabun Cuci Piring,Pemutih (NaClO) + Sabun Cuci Piring,Tinggi
1,3,11.88,6.89,5.0,11.79,15.32,28.61,0.7009,244.0,0,Amonia (NH3),Sabun Cuci Piring,Amonia (NH3) + Sabun Cuci Piring,Aman
5,10,6.73,7.43,0.7,96.86,102.66,36.43,0.3639,218.0,2,Air (H2O),Gas LPG (Propana/Butana),Air (H2O) + Gas LPG (Propana/Butana),Tinggi
5,9,6.99,6.98,0.0,99.17,14.55,37.04,0.8679,353.3,2,Air (H2O),Asap Pembakaran (CO),Air (H2O) + Asap Pembakaran (CO),Tinggi
5,9,6.89,6.92,0.03,99.79,9.5,23.08,0.8355,357.5,2,Air (H2O),Asap Pembakaran (CO),Air (H2O) + Asap Pembakaran (CO),Tinggi
5,9,7.35,6.91,0.44,93.77,10.43,27.61,0.0637,79.6,2,Air (H2O),Asap Pembakaran (CO),Air (H2O) + Asap Pembakaran (CO),Tinggi
1,5,11.53,6.92,4.6,10.16,99.96,25.32,0.1295,309.9,0,Amonia (NH3),Air (H2O),Amonia (NH3) + Air (H2O),Aman
5,10,6.42,6.61,0.19,100.48,100.12,29.29,0.0762,298.9,2,Air (H2O),Gas LPG (Propana/Butana),Air (H2O) + Gas LPG (Propana/Butana),Tinggi
2,3,2.08,6.31,4.23,3.3,10.53,29.99,0.6593,259.7,1,Cuka (CH3COOH),Sabun Cuci Piring,Cuka (CH3COOH) + Sabun Cuci Piring,Sedang
5,9,7.06,6.98,0.08,102.08,9.49,23.45,0.2417,258.7,2,Air (H2O),Asap Pembakaran (CO),Air (H2O) + Asap Pembakaran (CO),Tinggi
4,5,0.49,7.19,6.7,8.94,98.69,28.45,0.4866,317.4,0,Pembersih Lantai (HCl),Air (H2O),Pembersih Lantai (HCl) + Air (H2O),Aman
4,5,0.31,7.54,7.23,6.41,97.54,37.79,0.6964,454.4,0,Pembersih Lantai (HCl),Air (H2O),Pembersih Lantai (HCl) + Air (H2O),Aman
1,3,11.58,7.01,4.57,10.71,15.21,28.35,0.212,284.7,0,Amonia (NH3),Sabun Cuci Piring,Amonia (NH3) + Sabun Cuci Piring,Aman
0,2,12.1,2.01,10.09,3.0,2.59,22.01,0.762,214.4,2,Pemutih (NaClO),Cuka (CH3COOH),Pemutih (NaClO) + Cuka (CH3COOH),Tinggi
1,5,10.89,7.06,3.83,5.19,100.89,32.45,0.093,329.5,0,Amonia (NH3),Air (H2O),Amonia (NH3) + Air (H2O),Aman
1,5,12.1,7.23,4.87,8.09,101.16,37.97,0.4502,398.9,0,Amonia (NH3),Air (H2O),Amonia (NH3) + Air (H2O),Aman
0,3,12.87,7.13,5.74,3.56,14.99,34.98,0.203,438.0,1,Pemutih (NaClO),Sabun Cuci Piring,Pemutih (NaClO) + Sabun Cuci Piring,Sedang
3,5,6.52,7.01,0.5,15.12,99.79,31.12,0.3542,426.7,0,Sabun Cuci Piring,Air (H2O),Sabun Cuci Piring + Air (H2O),Aman
7,8,14.11,6.45,7.65,17.18,99.92,26.33,0.7755,468.6,2,Basa Kuat (NaOH),Aluminium Foil (Al),Basa Kuat (NaOH) + Aluminium Foil (Al),Tinggi
7,8,14.01,7.22,6.79,14.98,99.92,29.35,0.6724,167.6,2,Basa Kuat (NaOH),Aluminium Foil (Al),Basa Kuat (NaOH) + Aluminium Foil (Al),Tinggi
0,6,12.6,6.49,6.11,6.91,71.04,39.43,0.3187,122.2,2,Pemutih (NaClO),Alkohol (Etanol),Pemutih (NaClO) + Alkohol (Etanol),Tinggi
0,4,12.3,1.21,11.09,4.24,5.71,24.34,0.5892,246.2,2,Pemutih (NaClO),Pembersih Lantai (HCl),Pemutih (NaClO) + Pembersih Lantai (HCl),Tinggi
5,9,6.87,6.9,0.02,100.95,12.97,26.59,0.579,321.1,2,Air (H2O),Asap Pembakaran (CO),Air (H2O) + Asap Pembakaran (CO),Tinggi
2,4,2.72,1.27,1.45,5.43,10.23,27.22,0.5458,344.3,1,Cuka (CH3COOH),Pembersih Lantai (HCl),Cuka (CH3COOH) + Pembersih Lantai (HCl),Sedang
2,5,2.16,7.13,4.98,7.35,99.67,24.22,0.0064,369.8,0,Cuka (CH3COOH),Air (H2O),Cuka (CH3COOH) + Air (H2O),Aman
2,3,2.5,6.63,4.12,3.87,15.61,38.5,0.2473,421.5,1,Cuka (CH3COOH),Sabun Cuci Piring,Cuka (CH3COOH) + Sabun Cuci Piring,Sedang
3,4,6.74,1.28,5.46,14.64,10.36,32.57,0.9174,192.4,0,Sabun Cuci Piring,Pembersih Lantai (HCl),Sabun Cuci Piring + Pembersih Lantai (HCl),Aman
0,4,12.01,0.68,11.32,5.88,8.69,23.85,0.1809,194.5,2,Pemutih (NaClO),Pembersih Lantai (HCl),Pemutih (NaClO) + Pembersih Lantai (HCl),Tinggi
1,3,11.36,6.92,4.44,9.28,14.58,30.17,0.4384,128.3,0,Amonia (NH3),Sabun Cuci Piring,Amonia (NH3) + Sabun Cuci Piring,Aman
0,1,12.45,11.73,0.72,3.85,9.71,31.82,0.8854,231.0,2,Pemutih (NaClO),Amonia (NH3),Pemutih (NaClO) + Amonia (NH3),Tinggi
7,8,14.24,7.2,7.05,18.39,101.57,24.94,0.7159,415.4,2,Basa Kuat (NaOH),Aluminium Foil (Al),Basa Kuat (NaOH) + Aluminium Foil (Al),Tinggi
2,4,2.42,0.94,1.48,1.65,11.11,27.57,0.6926,154.1,1,Cuka (CH3COOH),Pembersih Lantai (HCl),Cuka (CH3COOH) + Pembersih Lantai (HCl),Sedang
0,2,12.97,2.96,10.01,6.25,5.06,22.56,0.9965,397.8,2,Pemutih (NaClO),Cuka (CH3COOH),Pemutih (NaClO) + Cuka (CH3COOH),Tinggi
2,3,2.68,6.71,4.03,12.03,15.68,38.06,0.1637,88.8,2,Cuka (CH3COOH),Sabun Cuci Piring,Cuka (CH3COOH) + Sabun Cuci Piring,Tinggi
0,6,12.59,7.31,5.28,2.19,68.0,23.37,0.4215,467.7,2,Pemutih (NaClO),Alkohol (Etanol),Pemutih (NaClO) + Alkohol (Etanol),Tinggi
0,3,12.99,7.07,5.93,3.57,14.04,25.91,0.758,350.9,1,Pemutih (NaClO),Sabun Cuci Piring,Pemutih (NaClO) + Sabun Cuci Piring,Sedang
0,6,12.53,7.18,5.35,3.67,71.46,35.19,0.0895,271.7,2,Pemutih (NaClO),Alkohol (Etanol),Pemutih (NaClO) + Alkohol (Etanol),Tinggi
0,4,12.71,1.15,11.56,5.04,10.82,24.26,0.1054,281.8,2,Pemutih (NaClO),Pembersih Lantai (HCl),Pemutih (NaClO) + Pembersih Lantai (HCl),Tinggi
5,9,6.86,6.57,0.29,100.7,8.71,20.66,0.1359,193.9,2,Air (H2O),Asap Pembakaran (CO),Air (H2O) + Asap Pembakaran (CO),Tinggi
1,4,11.54,1.1,10.44,9.39,11.12,39.14,0.8638,203.2,1,Amonia (NH3),Pembersih Lantai (HCl),Amonia (NH3) + Pembersih Lantai (HCl),Sedang
1,4,10.92,1.03,9.89,11.44,7.68,31.3,0.1252,390.1,1,Amonia (NH3),Pembersih Lantai (HCl),Amonia (NH3) + Pembersih Lantai (HCl),Sedang
1,3,11.47,6.93,4.53,10.15,19.97,39.99,0.0995,277.9,0,Amonia (NH3),Sabun Cuci Piring,Amonia (NH3) + Sabun Cuci Piring,Aman
1,4,11.77,1.01,10.76,8.02,8.79,20.87,0.7658,307.6,1,Amonia (NH3),Pembersih Lantai (HCl),Amonia (NH3) + Pembersih Lantai (HCl),Sedang
5,6,6.8,7.18,0.37,101.49,70.59,34.2,0.0751,193.1,0,Air (H2O),Alkohol (Etanol),Air (H2O) + Alkohol (Etanol),Aman
1,5,11.17,7.54,3.63,6.58,98.79,31.89,0.42,118.8,0,Amonia (NH3),Air (H2O),Amonia (NH3) + Air (H2O),Aman
1,3,11.7,6.67,5.03,12.08,12.79,25.72,0.5996,484.4,0,Amonia (NH3),Sabun Cuci Piring,Amonia (NH3) + Sabun Cuci Piring,Aman
5,9,6.8,8.34,1.54,100.1,8.29,34.14,0.7448,377.5,2,Air (H2O),Asap Pembakaran (CO),Air (H2O) + Asap Pembakaran (CO),Tinggi
5,9,7.18,7.37,0.19,100.24,9.25,29.91,0.6026,355.2,2,Air (H2O),Asap Pembakaran (CO),Air (H2O) + Asap Pembakaran (CO),Tinggi
0,6,13.07,7.0,6.07,3.87,74.15,31.34,0.5879,198.9,2,Pemutih (NaClO),Alkohol (Etanol),Pemutih (NaClO) + Alkohol (Etanol),Tinggi
1,2,12.13,2.83,9.3,12.75,3.0,23.71,0.6953,81.8,1,Amonia (NH3),Cuka (CH3COOH),Amonia (NH3) + Cuka (CH3COOH),Sedang
1,3,11.46,6.94,4.53,9.19,14.65,23.56,0.7743,194.8,0,Amonia (NH3),Sabun Cuci Piring,Amonia (NH3) + Sabun Cuci Piring,Aman
4,5,0.63,7.18,6.55,10.84,101.88,22.32,0.8929,337.8,0,Pembersih Lantai (HCl),Air (H2O),Pembersih Lantai (HCl) + Air (H2O),Aman
0,4,12.27,0.82,11.45,6.28,7.43,29.18,0.6136,161.9,2,Pemutih (NaClO),Pembersih Lantai (HCl),Pemutih (NaClO) + Pembersih Lantai (HCl),Tinggi
1,2,11.14,2.99,8.15,9.31,6.21,30.51,0.5547,228.4,1,Amonia (NH3),Cuka (CH3COOH),Amonia (NH3) + Cuka (CH3COOH),Sedang
0,5,12.69,7.08,5.61,4.31,97.91,39.45,0.4971,155.4,0,Pemutih (NaClO),Air (H2O),Pemutih (NaClO) + Air (H2O),Aman
0,5,12.91,7.36,5.56,5.27,98.9,27.44,0.8059,290.1,0,Pemutih (NaClO),Air (H2O),Pemutih (NaClO) + Air (H2O),Aman
0,1,12.58,11.73,0.85,9.57,14.35,30.73,0.7491,155.8,2,Pemutih (NaClO),Amonia (NH3),Pemutih (NaClO) + Amonia (NH3),Tinggi
2,3,2.37,7.32,4.95,3.55,12.56,35.09,0.4394,403.2,2,Cuka (CH3COOH),Sabun Cuci Piring,Cuka (CH3COOH) + Sabun Cuci Piring,Tinggi
7,8,13.68,7.16,6.52,19.56,101.72,36.48,0.1802,223.9,2,Basa Kuat (NaOH),Aluminium Foil (Al),Basa Kuat (NaOH) + Aluminium Foil (Al),Tinggi
2,4,2.19,0.7,1.49,3.47,11.88,35.86,0.9377,400.6,2,Cuka (CH3COOH),Pembersih Lantai (HCl),Cuka (CH3COOH) + Pembersih Lantai (HCl),Tinggi
1,2,11.19,2.29,8.91,7.91,5.17,33.97,0.8534,334.5,1,Amonia (NH3),Cuka (CH3COOH),Amonia (NH3) + Cuka (CH3COOH),Sedang
0,3,12.52,7.02,5.5,5.58,20.5,30.45,0.9273,79.1,1,Pemutih (NaClO),Sabun Cuci Piring,Pemutih (NaClO) + Sabun Cuci Piring,Sedang
1,3,11.86,6.89,4.97,5.99,14.17,31.87,0.9973,404.1,0,Amonia (NH3),Sabun Cuci Piring,Amonia (NH3) + Sabun Cuci Piring,Aman
2,3,2.58,7.22,4.65,6.89,14.1,24.54,0.2191,438.2,2,Cuka (CH3COOH),Sabun Cuci Piring,Cuka (CH3COOH) + Sabun Cuci Piring,Tinggi
1,5,11.78,7.48,4.3,10.29,100.31,27.34,0.2241,350.4,0,Amonia (NH3),Air (H2O),Amonia (NH3) + Air (H2O),Aman
2,5,2.4,7.03,4.63,4.03,101.61,32.19,0.7173,215.9,0,Cuka (CH3COOH),Air (H2O),Cuka (CH3COOH) + Air (H2O),Aman
5,10,7.01,6.38,0.64,100.27,100.42,27.69,0.1362,210.5,2,Air (H2O),Gas LPG (Propana/Butana),Air (H2O) + Gas LPG (Propana/Butana),Tinggi
4,5,1.01,7.05,6.04,8.54,100.78,30.02,0.3822,454.4,0,Pembersih Lantai (HCl),Air (H2O),Pembersih Lantai (HCl) + Air (H2O),Aman
0,5,12.2,6.64,5.56,0.6,100.63,28.78,0.8866,380.3,0,Pemutih (NaClO),Air (H2O),Pemutih (NaClO) + Air (H2O),Aman
2,3,2.08,7.09,5.01,4.14,17.41,38.32,0.9232,115.7,2,Cuka (CH3COOH),Sabun Cuci Piring,Cuka (CH3COOH) + Sabun Cuci Piring,Tinggi
3,4,7.01,1.2,5.81,13.23,9.47,25.66,0.3502,171.8,0,Sabun Cuci Piring,Pembersih Lantai (HCl),Sabun Cuci Piring + Pembersih Lantai (HCl),Aman
1,2,11.57,2.22,9.35,11.18,4.25,28.03,0.1908,253.4,1,Amonia (NH3),Cuka (CH3COOH),Amonia (NH3) + Cuka (CH3COOH),Sedang
1,4,11.24,0.92,10.33,9.72,10.01,28.32,0.79,247.4,1,Amonia (NH3),Pembersih Lantai (HCl),Amonia (NH3) + Pembersih Lantai (HCl),Sedang
0,6,12.27,6.92,5.35,4.9,68.56,20.83,0.2654,130.5,2,Pemutih (NaClO),Alkohol (Etanol),Pemutih (NaClO) + Alkohol (Etanol),Tinggi
2,3,2.48,6.85,4.37,6.34,14.16,22.35,0.4168,427.5,1,Cuka (CH3COOH),Sabun Cuci Piring,Cuka (CH3COOH) + Sabun Cuci Piring,Sedang
7,8,13.81,7.5,6.31,20.95,99.68,28.53,0.9187,309.4,2,Basa Kuat (NaOH),Aluminium Foil (Al),Basa Kuat (NaOH) + Aluminium Foil (Al),Tinggi
0,4,12.75,0.72,12.03,7.38,7.42,27.19,0.7905,111.5,2,Pemutih (NaClO),Pembersih Lantai (HCl),Pemutih (NaClO) + Pembersih Lantai (HCl),Tinggi
5,10,7.12,7.38,0.26,98.23,96.63,30.96,0.9266,291.2,2,Air (H2O),Gas LPG (Propana/Butana),Air (H2O) + Gas LPG (Propana/Butana),Tinggi
0,5,12.11,7.36,4.75,4.78,102.33,27.73,0.571,266.0,0,Pemutih (NaClO),Air (H2O),Pemutih (NaClO) + Air (H2O),Aman
0,5,12.78,6.64,6.15,3.78,98.38,24.36,0.6767,91.0,0,Pemutih (NaClO),Air (H2O),Pemutih (NaClO) + Air (H2O),Aman
2,3,2.61,7.14,4.53,5.57,14.66,29.15,0.3214,446.7,1,Cuka (CH3COOH),Sabun Cuci Piring,Cuka (CH3COOH) + Sabun Cuci Piring,Sedang
1,2,11.4,2.34,9.06,9.32,3.21,37.83,0.4827,111.0,1,Amonia (NH3),Cuka (CH3COOH),Amonia (NH3) + Cuka (CH3COOH),Sedang
0,6,13.03,7.43,5.6,7.69,69.46,24.01,0.3439,430.4,2,Pemutih (NaClO),Alkohol (Etanol),Pemutih (NaClO) + Alkohol (Etanol),Tinggi
3,5,7.36,6.77,0.59,14.02,101.82,35.7,0.2296,487.8,0,Sabun Cuci Piring,Air (H2O),Sabun Cuci Piring + Air (H2O),Aman
1,5,11.03,7.23,3.8,9.3,99.86,28.66,0.4885,79.0,0,Amonia (NH3),Air (H2O),Amonia (NH3) + Air (H2O),Aman
3,5,6.84,6.83,0.01,16.84,102.69,25.02,0.179,345.7,0,Sabun Cuci Piring,Air (H2O),Sabun Cuci Piring + Air (H2O),Aman
2,4,2.45,1.05,1.4,5.72,11.09,33.85,0.9751,325.4,1,Cuka (CH3COOH),Pembersih Lantai (HCl),Cuka (CH3COOH) + Pembersih Lantai (HCl),Sedang
5,10,7.0,7.22,0.22,99.62,100.32,24.92,0.582,239.0,2,Air (H2O),Gas LPG (Propana/Butana),Air (H2O) + Gas LPG (Propana/Butana),Tinggi
0,2,13.15,2.29,10.86,4.51,3.29,34.15,0.8893,180.0,2,Pemutih (NaClO),Cuka (CH3COOH),Pemutih (NaClO) + Cuka (CH3COOH),Tinggi
0,1,12.71,11.7,1.01,5.13,9.33,20.69,0.9064,463.3,2,Pemutih (NaClO),Amonia (NH3),Pemutih (NaClO) + Amonia (NH3),Tinggi
2,4,2.25,0.76,1.5,5.74,10.26,23.72,0.724,208.9,1,Cuka (CH3COOH),Pembersih Lantai (HCl),Cuka (CH3COOH) + Pembersih Lantai (HCl),Sedang
2,5,2.64,7.38,4.74,5.11,98.8,31.5,0.6806,202.8,0,Cuka (CH3COOH),Air (H2O),Cuka (CH3COOH) + Air (H2O),Aman
5,6,7.2,7.71,0.51,98.69,70.18,30.42,0.6842,70.0,0,Air (H2O),Alkohol (Etanol),Air (H2O) + Alkohol (Etanol),Aman
1,4,11.63,0.76,10.87,10.77,9.94,28.04,0.5117,393.1,1,Amonia (NH3),Pembersih Lantai (HCl),Amonia (NH3) + Pembersih Lantai (HCl),Sedang
4,5,0.77,7.18,6.42,9.94,98.45,35.42,0.1668,409.7,0,Pembersih Lantai (HCl),Air (H2O),Pembersih Lantai (HCl) + Air (H2O),Aman
7,8,13.98,7.02,6.97,17.14,99.02,32.63,0.9233,353.5,2,Basa Kuat (NaOH),Aluminium Foil (Al),Basa Kuat (NaOH) + Aluminium Foil (Al),Tinggi
3,5,7.12,6.86,0.27,13.74,97.13,27.14,0.9361,429.1,0,Sabun Cuci Piring,Air (H2O),Sabun Cuci Piring + Air (H2O),Aman
0,1,12.69,11.06,1.63,1.39,11.49,36.36,0.0936,174.1,2,Pemutih (NaClO),Amonia (NH3),Pemutih (NaClO) + Amonia (NH3),Tinggi
0,5,12.2,7.08,5.11,6.75,100.94,27.82,0.9713,208.0,0,Pemutih (NaClO),Air (H2O),Pemutih (NaClO) + Air (H2O),Aman
5,6,7.36,6.73,0.63,102.91,69.07,30.44,0.417,415.9,0,Air (H2O),Alkohol (Etanol),Air (H2O) + Alkohol (Etanol),Aman
0,2,12.49,2.16,10.33,6.7,6.2,24.97,0.1681,380.4,2,Pemutih (NaClO),Cuka (CH3COOH),Pemutih (NaClO) + Cuka (CH3COOH),Tinggi
1,2,11.52,2.61,8.91,10.24,2.31,30.45,0.6734,83.3,1,Amonia (NH3),Cuka (CH3COOH),Amonia (NH3) + Cuka (CH3COOH),Sedang
1,5,11.45,7.05,4.4,6.8,101.41,27.34,0.1249,232.2,0,Amonia (NH3),Air (H2O),Amonia (NH3) + Air (H2O),Aman
1,2,10.98,2.6,8.38,8.92,0.5,30.46,0.509,192.3,1,Amonia (NH3),Cuka (CH3COOH),Amonia (NH3) + Cuka (CH3COOH),Sedang
0,6,12.74,7.08,5.66,7.25,68.21,21.09,0.5662,463.9,2,Pemutih (NaClO),Alkohol (Etanol),Pemutih (NaClO) + Alkohol (Etanol),Tinggi
5,10,7.06,7.1,0.04,98.14,96.59,39.63,0.7748,251.8,2,Air (H2O),Gas LPG (Propana/Butana),Air (H2O) + Gas LPG (Propana/Butana),Tinggi
0,5,12.22,7.01,5.21,4.16,96.81,34.88,0.1094,232.2,0,Pemutih (NaClO),Air (H2O),Pemutih (NaClO) + Air (H2O),Aman
2,4,2.93,0.24,2.69,6.79,7.15,30.88,0.177,396.5,1,Cuka (CH3COOH),Pembersih Lantai (HCl),Cuka (CH3COOH) + Pembersih Lantai (HCl),Sedang
5,6,6.44,7.06,0.62,98.47,72.9,26.43,0.0152,378.4,0,Air (H2O),Alkohol (Etanol),Air (H2O) + Alkohol (Etanol),Aman
1,2,11.39,2.13,9.26,10.25,5.79,29.42,0.8954,302.0,1,Amonia (NH3),Cuka (CH3COOH),Amonia (NH3) + Cuka (CH3COOH),Sedang
1,2,11.39,2.46,8.92,7.3,2.65,25.58,0.2949,439.6,1,Amonia (NH3),Cuka (CH3COOH),Amonia (NH3) + Cuka (CH3COOH),Sedang
2,4,2.64,1.33,1.31,3.56,12.6,22.74,0.1449,96.4,1,Cuka (CH3COOH),Pembersih Lantai (HCl),Cuka (CH3COOH) + Pembersih Lantai (HCl),Sedang
5,6,7.07,6.71,0.36,99.5,70.03,25.95,0.9057,232.8,0,Air (H2O),Alkohol (Etanol),Air (H2O) + Alkohol (Etanol),Aman
7,8,14.46,7.0,7.45,18.44,100.8,24.38,0.8713,73.8,2,Basa Kuat (NaOH),Aluminium Foil (Al),Basa Kuat (NaOH) + Aluminium Foil (Al),Tinggi
3,5,7.43,6.69,0.74,17.28,98.09,32.05,0.5252,450.7,1,Sabun Cuci Piring,Air (H2O),Sabun Cuci Piring + Air (H2O),Sedang
5,9,7.08,7.21,0.14,97.38,10.31,29.56,0.8147,252.9,2,Air (H2O),Asap Pembakaran (CO),Air (H2O) + Asap Pembakaran (CO),Tinggi
1,5,11.44,7.59,3.85,8.09,99.29,26.04,0.4678,144.3,0,Amonia (NH3),Air (H2O),Amonia (NH3) + Air (H2O),Aman
2,5,2.46,7.4,4.94,4.36,99.02,38.37,0.7891,179.2,0,Cuka (CH3COOH),Air (H2O),Cuka (CH3COOH) + Air (H2O),Aman
4,5,0.62,6.64,6.03,10.2,99.14,33.74,0.8501,195.0,0,Pembersih Lantai (HCl),Air (H2O),Pembersih Lantai (HCl) + Air (H2O),Aman
0,2,12.39,2.71,9.68,4.01,5.18,39.94,0.9542,473.2,2,Pemutih (NaClO),Cuka (CH3COOH),Pemutih (NaClO) + Cuka (CH3COOH),Tinggi
3,5,6.68,7.22,0.54,13.14,103.49,39.96,0.4311,469.3,0,Sabun Cuci Piring,Air (H2O),Sabun Cuci Piring + Air (H2O),Aman
3,4,7.04,1.13,5.91,17.35,8.51,33.55,0.1029,263.4,0,Sabun Cuci Piring,Pembersih Lantai (HCl),Sabun Cuci Piring + Pembersih Lantai (HCl),Aman
1,3,11.73,7.58,4.15,10.06,17.18,21.39,0.5958,56.1,0,Amonia (NH3),Sabun Cuci Piring,Amonia (NH3) + Sabun Cuci Piring,Aman
0,6,12.25,6.67,5.59,5.71,69.68,32.57,0.7616,275.6,2,Pemutih (NaClO),Alkohol (Etanol),Pemutih (NaClO) + Alkohol (Etanol),Tinggi
0,6,12.85,6.9,5.95,5.45,69.64,33.43,0.1759,463.1,2,Pemutih (NaClO),Alkohol (Etanol),Pemutih (NaClO) + Alkohol (Etanol),Tinggi
1,5,11.7,7.02,4.67,10.17,99.6,20.11,0.134,181.9,0,Amonia (NH3),Air (H2O),Amonia (NH3) + Air (H2O),Aman
1,5,11.21,6.95,4.26,11.25,102.33,34.19,0.9927,381.5,2,Amonia (NH3),Air (H2O),Amonia (NH3) + Air (H2O),Tinggi
4,5,1.14,7.52,6.38,13.09,101.87,24.47,0.9422,363.5,0,Pembersih Lantai (HCl),Air (H2O),Pembersih Lantai (HCl) + Air (H2O),Aman
0,6,12.81,6.63,6.19,3.42,65.38,38.89,0.914,349.0,2,Pemutih (NaClO),Alkohol (Etanol),Pemutih (NaClO) + Alkohol (Etanol),Tinggi
3,5,7.33,7.15,0.18,14.44,98.42,35.05,0.817,349.6,0,Sabun Cuci Piring,Air (H2O),Sabun Cuci Piring + Air (H2O),Aman
0,2,12.66,2.86,9.79,3.61,3.12,30.4,0.9706,363.0,2,Pemutih (NaClO),Cuka (CH3COOH),Pemutih (NaClO) + Cuka (CH3COOH),Tinggi
0,1,12.75,11.43,1.32,4.4,8.9,39.42,0.9096,254.7,2,Pemutih (NaClO),Amonia (NH3),Pemutih (NaClO) + Amonia (NH3),Tinggi
1,3,11.42,7.16,4.26,7.84,16.67,27.43,0.1021,455.0,0,Amonia (NH3),Sabun Cuci Piring,Amonia (NH3) + Sabun Cuci Piring,Aman
7,8,13.66,6.66,7.0,18.61,99.74,20.17,0.0096,198.8,2,Basa Kuat (NaOH),Aluminium Foil (Al),Basa Kuat (NaOH) + Aluminium Foil (Al),Tinggi
0,2,12.6,3.15,9.45,6.11,2.17,30.43,0.3697,105.5,2,Pemutih (NaClO),Cuka (CH3COOH),Pemutih (NaClO) + Cuka (CH3COOH),Tinggi
2,3,2.94,6.74,3.8,7.14,15.55,36.24,0.2118,455.7,2,Cuka (CH3COOH),Sabun Cuci Piring,Cuka (CH3COOH) + Sabun Cuci Piring,Tinggi
5,10,6.81,6.72,0.1,97.61,103.35,32.53,0.6852,105.9,2,Air (H2O),Gas LPG (Propana/Butana),Air (H2O) + Gas LPG (Propana/Butana),Tinggi
5,9,6.88,6.82,0.07,102.07,9.12,33.62,0.9819,408.7,2,Air (H2O),Asap Pembakaran (CO),Air (H2O) + Asap Pembakaran (CO),Tinggi
2,5,2.69,6.78,4.09,5.07,97.23,24.83,0.707,310.3,0,Cuka (CH3COOH),Air (H2O),Cuka (CH3COOH) + Air (H2O),Aman
1,2,11.59,2.22,9.36,7.23,2.57,32.39,0.8697,307.7,1,Amonia (NH3),Cuka (CH3COOH),Amonia (NH3) + Cuka (CH3COOH),Sedang
0,5,11.97,6.93,5.04,3.72,96.28,27.6,0.5985,311.1,0,Pemutih (NaClO),Air (H2O),Pemutih (NaClO) + Air (H2O),Aman
4,5,0.88,6.83,5.94,11.9,96.86,20.84,0.0726,159.5,0,Pembersih Lantai (HCl),Air (H2O),Pembersih Lantai (HCl) + Air (H2O),Aman
0,5,12.54,7.19,5.36,7.42,101.04,25.18,0.8366,123.4,2,Pemutih (NaClO),Air (H2O),Pemutih (NaClO) + Air (H2O),Tinggi
0,5,12.72,7.24,5.48,2.8,100.49,32.09,0.2093,382.5,0,Pemutih (NaClO),Air (H2O),Pemutih (NaClO) + Air (H2O),Aman
1,5,11.58,7.63,3.96,13.46,96.64,23.24,0.5352,460.7,1,Amonia (NH3),Air (H2O),Amonia (NH3) + Air (H2O),Sedang
7,8,13.7,7.1,6.61,18.85,98.31,20.75,0.7985,372.1,2,Basa Kuat (NaOH),Aluminium Foil (Al),Basa Kuat (NaOH) + Aluminium Foil (Al),Tinggi
1,3,11.04,6.79,4.25,6.42,14.78,23.51,0.387,484.2,0,Amonia (NH3),Sabun Cuci Piring,Amonia (NH3) + Sabun Cuci Piring,Aman
0,4,12.17,1.11,11.05,7.69,11.97,20.41,0.7833,85.9,2,Pemutih (NaClO),Pembersih Lantai (HCl),Pemutih (NaClO) + Pembersih Lantai (HCl),Tinggi
0,2,12.47,2.52,9.95,0.5,6.01,29.95,0.3325,333.8,2,Pemutih (NaClO),Cuka (CH3COOH),Pemutih (NaClO) + Cuka (CH3COOH),Tinggi
5,6,7.73,7.41,0.32,97.85,71.41,34.0,0.9968,65.1,0,Air (H2O),Alkohol (Etanol),Air (H2O) + Alkohol (Etanol),Aman
2,5,2.05,7.32,5.27,3.78,100.81,29.15,0.2157,439.7,0,Cuka (CH3COOH),Air (H2O),Cuka (CH3COOH) + Air (H2O),Aman
1,4,11.19,0.47,10.73,9.2,9.29,38.64,0.3016,440.4,1,Amonia (NH3),Pembersih Lantai (HCl),Amonia (NH3) + Pembersih Lantai (HCl),Sedang
5,6,6.95,6.9,0.05,100.49,69.5,26.13,0.1609,278.7,1,Air (H2O),Alkohol (Etanol),Air (H2O) + Alkohol (Etanol),Sedang
0,5,12.37,6.34,6.03,4.62,100.86,31.23,0.8087,135.6,0,Pemutih (NaClO),Air (H2O),Pemutih (NaClO) + Air (H2O),Aman
5,6,6.65,7.22,0.58,98.69,70.19,22.38,0.4095,259.7,0,Air (H2O),Alkohol (Etanol),Air (H2O) + Alkohol (Etanol),Aman
1,3,11.98,6.47,5.5,12.14,16.92,34.12,0.8099,324.7,0,Amonia (NH3),Sabun Cuci Piring,Amonia (NH3) + Sabun Cuci Piring,Aman
1,4,11.01,0.91,10.1,14.56,7.18,36.21,0.0285,360.6,1,Amonia (NH3),Pembersih Lantai (HCl),Amonia (NH3) + Pembersih Lantai (HCl),Sedang
1,4,11.57,0.87,10.7,8.34,13.93,35.99,0.7254,141.0,1,Amonia (NH3),Pembersih Lantai (HCl),Amonia (NH3) + Pembersih Lantai (HCl),Sedang
0,6,12.5,6.34,6.16,7.29,69.31,38.98,0.941,131.4,2,Pemutih (NaClO),Alkohol (Etanol),Pemutih (NaClO) + Alkohol (Etanol),Tinggi
2,3,2.4,6.94,4.54,5.22,12.86,27.2,0.2742,280.0,1,Cuka (CH3COOH),Sabun Cuci Piring,Cuka (CH3COOH) + Sabun Cuci Piring,Sedang
1,5,11.94,7.39,4.54,9.96,101.51,30.1,0.142,388.3,0,Amonia (NH3),Air (H2O),Amonia (NH3) + Air (H2O),Aman
0,6,12.65,6.66,5.99,4.74,76.43,31.81,0.6519,61.7,2,Pemutih (NaClO),Alkohol (Etanol),Pemutih (NaClO) + Alkohol (Etanol),Tinggi
2,3,2.73,7.46,4.73,3.65,13.24,36.92,0.2957,460.4,2,Cuka (CH3COOH),Sabun Cuci Piring,Cuka (CH3COOH) + Sabun Cuci Piring,Tinggi
1,3,11.78,6.47,5.31,8.04,14.05,30.41,0.3194,387.2,0,Amonia (NH3),Sabun Cuci Piring,Amonia (NH3) + Sabun Cuci Piring,Aman
0,4,12.64,1.14,11.5,5.22,4.75,35.97,0.1011,409.9,2,Pemutih (NaClO),Pembersih Lantai (HCl),Pemutih (NaClO) + Pembersih Lantai (HCl),Tinggi
1,5,11.92,6.98,4.94,9.33,100.24,34.13,0.7956,395.0,0,Amonia (NH3),Air (H2O),Amonia (NH3) + Air (H2O),Aman
1,4,11.52,1.13,10.4,9.79,10.63,29.23,0.6578,417.1,1,Amonia (NH3),Pembersih Lantai (HCl),Amonia (NH3) + Pembersih Lantai (HCl),Sedang
1,4,11.6,0.94,10.66,7.66,10.94,20.27,0.5487,121.4,1,Amonia (NH3),Pembersih Lantai (HCl),Amonia (NH3) + Pembersih Lantai (HCl),Sedang
2,5,2.75,7.63,4.88,2.26,100.29,31.72,0.3025,337.9,0,Cuka (CH3COOH),Air (H2O),Cuka (CH3COOH) + Air (H2O),Aman
3,5,7.18,6.7,0.48,15.41,102.42,38.75,0.2119,165.2,0,Sabun Cuci Piring,Air (H2O),Sabun Cuci Piring + Air (H2O),Aman
3,5,7.01,6.96,0.05,13.89,98.35,30.35,0.3233,449.4,0,Sabun Cuci Piring,Air (H2O),Sabun Cuci Piring + Air (H2O),Aman
5,6,7.08,6.44,0.64,101.41,72.22,36.8,0.0682,85.2,0,Air (H2O),Alkohol (Etanol),Air (H2O) + Alkohol (Etanol),Aman
7,8,13.79,6.86,6.93,24.24,98.93,37.39,0.1095,398.3,2,Basa Kuat (NaOH),Aluminium Foil (Al),Basa Kuat (NaOH) + Aluminium Foil (Al),Tinggi
0,5,12.71,6.75,5.96,5.01,99.64,20.86,0.8316,427.1,0,Pemutih (NaClO),Air (H2O),Pemutih (NaClO) + Air (H2O),Aman
0,6,12.31,6.47,5.85,5.08,69.71,37.46,0.98,160.9,2,Pemutih (NaClO),Alkohol (Etanol),Pemutih (NaClO) + Alkohol (Etanol),Tinggi
0,1,12.44,11.66,0.78,5.87,11.33,38.02,0.3252,379.8,0,Pemutih (NaClO),Amonia (NH3),Pemutih (NaClO) + Amonia (NH3),Aman
1,4,11.3,1.13,10.17,9.3,9.13,24.46,0.4246,82.5,1,Amonia (NH3),Pembersih Lantai (HCl),Amonia (NH3) + Pembersih Lantai (HCl),Sedang
5,9,7.23,7.05,0.18,100.54,12.0,31.71,0.7126,237.2,2,Air (H2O),Asap Pembakaran (CO),Air (H2O) + Asap Pembakaran (CO),Tinggi
3,5,7.04,7.06,0.01,15.55,97.6,39.25,0.2313,215.4,0,Sabun Cuci Piring,Air (H2O),Sabun Cuci Piring + Air (H2O),Aman
1,5,11.34,7.09,4.25,11.8,99.42,36.63,0.6822,64.5,0,Amonia (NH3),Air (H2O),Amonia (NH3) + Air (H2O),Aman
4,5,0.94,7.13,6.2,8.47,100.03,37.73,0.4976,432.6,0,Pembersih Lantai (HCl),Air (H2O),Pembersih Lantai (HCl) + Air (H2O),Aman
1,4,11.34,1.49,9.85,9.99,9.95,20.5,0.066,341.9,1,Amonia (NH3),Pembersih Lantai (HCl),Amonia (NH3) + Pembersih Lantai (HCl),Sedang
0,2,12.12,2.59,9.53,5.15,4.96,39.88,0.1389,301.7,2,Pemutih (NaClO),Cuka (CH3COOH),Pemutih (NaClO) + Cuka (CH3COOH),Tinggi
0,6,12.83,7.24,5.59,5.88,66.93,26.45,0.7293,154.8,2,Pemutih (NaClO),Alkohol (Etanol),Pemutih (NaClO) + Alkohol (Etanol),Tinggi
7,8,14.05,6.95,7.1,19.43,101.23,20.05,0.8321,168.0,2,Basa Kuat (NaOH),Aluminium Foil (Al),Basa Kuat (NaOH) + Aluminium Foil (Al),Tinggi
1,4,11.29,1.18,10.11,8.94,12.37,26.3,0.0952,114.6,1,Amonia (NH3),Pembersih Lantai (HCl),Amonia (NH3) + Pembersih Lantai (HCl),Sedang
0,3,12.74,7.65,5.1,3.48,15.55,24.16,0.6431,327.7,1,Pemutih (NaClO),Sabun Cuci Piring,Pemutih (NaClO) + Sabun Cuci Piring,Sedang
3,5,7.43,7.23,0.2,9.76,105.45,27.12,0.5046,313.3,0,Sabun Cuci Piring,Air (H2O),Sabun Cuci Piring + Air (H2O),Aman
2,3,2.76,7.17,4.41,4.82,18.56,30.88,0.6752,302.3,1,Cuka (CH3COOH),Sabun Cuci Piring,Cuka (CH3COOH) + Sabun Cuci Piring,Sedang
3,4,7.08,0.84,6.24,15.73,9.53,24.4,0.3003,475.8,0,Sabun Cuci Piring,Pembersih Lantai (HCl),Sabun Cuci Piring + Pembersih Lantai (HCl),Aman
0,4,12.25,0.69,11.56,7.32,7.0,34.17,0.1028,251.1,2,Pemutih (NaClO),Pembersih Lantai (HCl),Pemutih (NaClO) + Pembersih Lantai (HCl),Tinggi
0,6,12.82,6.96,5.86,6.69,71.45,24.42,0.7917,133.4,2,Pemutih (NaClO),Alkohol (Etanol),Pemutih (NaClO) + Alkohol (Etanol),Tinggi
2,4,2.11,1.28,0.84,5.36,11.82,37.43,0.5452,239.5,1,Cuka (CH3COOH),Pembersih Lantai (HCl),Cuka (CH3COOH) + Pembersih Lantai (HCl),Sedang
2,3,2.91,6.99,4.08,4.32,15.36,26.26,0.3976,365.1,1,Cuka (CH3COOH),Sabun Cuci Piring,Cuka (CH3COOH) + Sabun Cuci Piring,Sedang
7,8,13.68,6.59,7.09,20.68,100.83,20.93,0.0157,264.7,2,Basa Kuat (NaOH),Aluminium Foil (Al),Basa Kuat (NaOH) + Aluminium Foil (Al),Tinggi
1,4,11.64,0.87,10.76,13.86,12.05,37.36,0.5233,460.7,2,Amonia (NH3),Pembersih Lantai (HCl),Amonia (NH3) + Pembersih Lantai (HCl),Tinggi
1,3,11.4,7.14,4.26,9.5,14.73,39.4,0.5973,156.8,0,Amonia (NH3),Sabun Cuci Piring,Amonia (NH3) + Sabun Cuci Piring,Aman
7,8,14.11,6.68,7.43,18.08,96.81,31.93,0.4423,264.2,2,Basa Kuat (NaOH),Aluminium Foil (Al),Basa Kuat (NaOH) + Aluminium Foil (Al),Tinggi
3,5,6.99,6.74,0.26,16.4,98.47,20.2,0.9687,388.2,0,Sabun Cuci Piring,Air (H2O),Sabun Cuci Piring + Air (H2O),Aman
2,3,2.32,6.64,4.31,5.33,15.82,29.54,0.6046,350.9,1,Cuka (CH3COOH),Sabun Cuci Piring,Cuka (CH3COOH) + Sabun Cuci Piring,Sedang
5,6,6.91,6.85,0.06,98.23,68.45,30.72,0.8327,175.5,0,Air (H2O),Alkohol (Etanol),Air (H2O) + Alkohol (Etanol),Aman
0,1,12.1,11.8,0.31,3.97,7.92,38.59,0.7406,178.1,2,Pemutih (NaClO),Amonia (NH3),Pemutih (NaClO) + Amonia (NH3),Tinggi
2,4,2.4,0.72,1.68,3.81,12.67,22.18,0.6011,72.9,1,Cuka (CH3COOH),Pembersih Lantai (HCl),Cuka (CH3COOH) + Pembersih Lantai (HCl),Sedang
0,3,12.61,7.14,5.47,4.32,11.19,27.87,0.8457,71.1,0,Pemutih (NaClO),Sabun Cuci Piring,Pemutih (NaClO) + Sabun Cuci Piring,Aman
0,4,13.33,1.38,11.95,0.5,9.19,26.63,0.1752,395.8,2,Pemutih (NaClO),Pembersih Lantai (HCl),Pemutih (NaClO) + Pembersih Lantai (HCl),Tinggi
1,4,11.49,1.01,10.48,11.41,10.5,36.77,0.9894,262.6,2,Amonia (NH3),Pembersih Lantai (HCl),Amonia (NH3) + Pembersih Lantai (HCl),Tinggi
0,6,13.08,6.91,6.17,6.08,73.36,27.97,0.0262,248.5,2,Pemutih (NaClO),Alkohol (Etanol),Pemutih (NaClO) + Alkohol (Etanol),Tinggi
2,5,2.41,6.86,4.44,4.0,96.48,20.97,0.5595,388.0,0,Cuka (CH3COOH),Air (H2O),Cuka (CH3COOH) + Air (H2O),Aman
3,4,6.98,1.03,5.96,14.01,8.95,26.22,0.5438,454.9,0,Sabun Cuci Piring,Pembersih Lantai (HCl),Sabun Cuci Piring + Pembersih Lantai (HCl),Aman
0,1,12.35,11.92,0.44,7.27,6.57,29.89,0.3567,493.5,2,Pemutih (NaClO),Amonia (NH3),Pemutih (NaClO) + Amonia (NH3),Tinggi
0,5,12.1,7.03,5.07,5.71,100.03,20.44,0.3547,463.2,0,Pemutih (NaClO),Air (H2O),Pemutih (NaClO) + Air (H2O),Aman
0,4,12.52,1.26,11.25,2.94,11.69,37.41,0.2907,413.2,2,Pemutih (NaClO),Pembersih Lantai (HCl),Pemutih (NaClO) + Pembersih Lantai (HCl),Tinggi
0,1,13.03,11.88,1.15,2.47,9.77,25.1,0.2393,423.6,2,Pemutih (NaClO),Amonia (NH3),Pemutih (NaClO) + Amonia (NH3),Tinggi
0,1,12.46,11.49,0.97,4.19,8.99,32.16,0.5688,93.7,2,Pemutih (NaClO),Amonia (NH3),Pemutih (NaClO) + Amonia (NH3),Tinggi
0,3,12.3,7.31,4.99,6.87,15.87,29.42,0.2342,495.1,1,Pemutih (NaClO),Sabun Cuci Piring,Pemutih (NaClO) + Sabun Cuci Piring,Sedang
5,6,6.76,7.5,0.74,97.64,67.81,27.79,0.4886,237.6,0,Air (H2O),Alkohol (Etanol),Air (H2O) + Alkohol (Etanol),Aman
5,9,6.93,7.33,0.41,101.97,8.53,33.36,0.0588,288.3,2,Air (H2O),Asap Pembakaran (CO),Air (H2O) + Asap Pembakaran (CO),Tinggi
3,5,7.48,6.62,0.85,16.38,99.22,25.56,0.1808,59.9,0,Sabun Cuci Piring,Air (H2O),Sabun Cuci Piring + Air (H2O),Aman
3,4,7.08,1.0,6.08,16.59,10.06,30.18,0.1159,261.7,0,Sabun Cuci Piring,Pembersih Lantai (HCl),Sabun Cuci Piring + Pembersih Lantai (HCl),Aman
2,4,2.35,1.31,1.04,7.08,11.6,35.29,0.6377,481.1,2,Cuka (CH3COOH),Pembersih Lantai (HCl),Cuka (CH3COOH) + Pembersih Lantai (HCl),Tinggi
2,3,2.2,7.11,4.91,6.56,15.25,28.73,0.6548,365.1,2,Cuka (CH3COOH),Sabun Cuci Piring,Cuka (CH3COOH) + Sabun Cuci Piring,Tinggi
0,4,11.98,1.34,10.64,5.04,8.95,35.25,0.1357,445.2,0,Pemutih (NaClO),Pembersih Lantai (HCl),Pemutih (NaClO) + Pembersih Lantai (HCl),Aman
1,4,11.41,0.53,10.87,3.69,11.0,39.01,0.2108,130.6,1,Amonia (NH3),Pembersih Lantai (HCl),Amonia (NH3) + Pembersih Lantai (HCl),Sedang
4,5,0.84,7.54,6.7,6.96,101.07,34.63,0.9275,387.5,0,Pembersih Lantai (HCl),Air (H2O),Pembersih Lantai (HCl) + Air (H2O),Aman
3,5,6.87,6.68,0.19,16.25,101.33,38.27,0.4762,464.3,0,Sabun Cuci Piring,Air (H2O),Sabun Cuci Piring + Air (H2O),Aman
7,8,14.17,7.19,6.97,20.43,99.29,26.94,0.6903,50.0,2,Basa Kuat (NaOH),Aluminium Foil (Al),Basa Kuat (NaOH) + Aluminium Foil (Al),Tinggi
3,4,6.82,0.95,5.87,16.33,9.6,28.36,0.6688,317.1,0,Sabun Cuci Piring,Pembersih Lantai (HCl),Sabun Cuci Piring + Pembersih Lantai (HCl),Aman
2,4,2.46,0.77,1.69,5.51,11.17,24.78,0.6304,413.1,1,Cuka (CH3COOH),Pembersih Lantai (HCl),Cuka (CH3COOH) + Pembersih Lantai (HCl),Sedang
5,9,7.11,7.03,0.09,97.79,11.57,39.75,0.6424,449.1,2,Air (H2O),Asap Pembakaran (CO),Air (H2O) + Asap Pembakaran (CO),Tinggi
0,4,12.49,1.24,11.26,7.36,9.59,31.34,0.2572,281.1,2,Pemutih (NaClO),Pembersih Lantai (HCl),Pemutih (NaClO) + Pembersih Lantai (HCl),Tinggi
4,5,1.19,6.85,5.66,8.47,101.84,23.63,0.6056,247.5,0,Pembersih Lantai (HCl),Air (H2O),Pembersih Lantai (HCl) + Air (H2O),Aman
1,3,11.36,7.68,3.69,12.9,14.77,32.89,0.9069,304.9,0,Amonia (NH3),Sabun Cuci Piring,Amonia (NH3) + Sabun Cuci Piring,Aman
2,3,3.07,6.75,3.68,4.73,14.9,33.8,0.0065,410.5,1,Cuka (CH3COOH),Sabun Cuci Piring,Cuka (CH3COOH) + Sabun Cuci Piring,Sedang
2,3,2.36,6.21,3.84,6.85,13.27,36.05,0.2962,93.6,1,Cuka (CH3COOH),Sabun Cuci Piring,Cuka (CH3COOH) + Sabun Cuci Piring,Sedang
1,4,11.47,1.36,10.11,9.82,12.48,31.14,0.9953,478.2,1,Amonia (NH3),Pembersih Lantai (HCl),Amonia (NH3) + Pembersih Lantai (HCl),Sedang
0,5,12.92,7.26,5.65,8.2,101.21,28.58,0.7276,114.7,0,Pemutih (NaClO),Air (H2O),Pemutih (NaClO) + Air (H2O),Aman
2,3,2.75,6.98,4.23,3.77,16.4,31.72,0.2101,177.8,1,Cuka (CH3COOH),Sabun Cuci Piring,Cuka (CH3COOH) + Sabun Cuci Piring,Sedang
0,1,12.49,11.49,1.0,0.61,8.85,38.41,0.4566,375.0,2,Pemutih (NaClO),Amonia (NH3),Pemutih (NaClO) + Amonia (NH3),Tinggi
1,3,11.39,7.24,4.14,11.56,14.15,28.29,0.4463,431.7,0,Amonia (NH3),Sabun Cuci Piring,Amonia (NH3) + Sabun Cuci Piring,Aman
5,6,6.91,6.77,0.14,99.89,69.34,23.24,0.3288,418.7,0,Air (H2O),Alkohol (Etanol),Air (H2O) + Alkohol (Etanol),Aman
3,5,6.51,6.84,0.33,17.74,99.21,37.24,0.5968,316.2,0,Sabun Cuci Piring,Air (H2O),Sabun Cuci Piring + Air (H2O),Aman
5,6,6.76,6.33,0.44,100.68,66.95,23.08,0.3158,435.9,0,Air (H2O),Alkohol (Etanol),Air (H2O) + Alkohol (Etanol),Aman
4,5,1.05,7.01,5.96,13.7,99.97,23.8,0.449,463.2,0,Pembersih Lantai (HCl),Air (H2O),Pembersih Lantai (HCl) + Air (H2O),Aman
0,2,12.63,2.62,10.01,5.27,4.89,20.3,0.9542,400.1,2,Pemutih (NaClO),Cuka (CH3COOH),Pemutih (NaClO) + Cuka (CH3COOH),Tinggi
1,4,10.95,0.63,10.32,4.96,10.03,27.0,0.3077,144.5,1,Amonia (NH3),Pembersih Lantai (HCl),Amonia (NH3) + Pembersih Lantai (HCl),Sedang
2,4,2.25,0.85,1.4,5.04,11.68,36.6,0.9715,207.1,0,Cuka (CH3COOH),Pembersih Lantai (HCl),Cuka (CH3COOH) + Pembersih Lantai (HCl),Aman
0,6,12.45,7.24,5.2,8.09,72.45,30.75,0.2682,179.0,2,Pemutih (NaClO),Alkohol (Etanol),Pemutih (NaClO) + Alkohol (Etanol),Tinggi
2,4,2.49,0.68,1.81,3.33,13.17,30.44,0.2019,471.0,1,Cuka (CH3COOH),Pembersih Lantai (HCl),Cuka (CH3COOH) + Pembersih Lantai (HCl),Sedang
7,8,14.42,7.03,7.39,20.27,101.67,20.08,0.1974,273.3,2,Basa Kuat (NaOH),Aluminium Foil (Al),Basa Kuat (NaOH) + Aluminium Foil (Al),Tinggi
0,2,12.45,2.55,9.9,4.23,4.73,38.61,0.4786,203.2,2,Pemutih (NaClO),Cuka (CH3COOH),Pemutih (NaClO) + Cuka (CH3COOH),Tinggi
5,10,7.07,7.15,0.08,97.16,96.06,24.95,0.185,153.7,2,Air (H2O),Gas LPG (Propana/Butana),Air (H2O) + Gas LPG (Propana/Butana),Tinggi
2,4,2.04,0.49,1.55,3.57,8.64,28.85,0.8688,325.1,1,Cuka (CH3COOH),Pembersih Lantai (HCl),Cuka (CH3COOH) + Pembersih Lantai (HCl),Sedang
1,4,11.67,0.51,11.17,9.68,8.73,30.46,0.4811,191.5,1,Amonia (NH3),Pembersih Lantai (HCl),Amonia (NH3) + Pembersih Lantai (HCl),Sedang
1,3,11.69,6.72,4.96,8.44,9.67,31.55,0.2515,180.1,0,Amonia (NH3),Sabun Cuci Piring,Amonia (NH3) + Sabun Cuci Piring,Aman
2,5,2.51,6.53,4.01,4.61,101.77,33.19,0.0448,372.1,0,Cuka (CH3COOH),Air (H2O),Cuka (CH3COOH) + Air (H2O),Aman
2,5,2.3,7.26,4.95,4.09,98.98,35.92,0.5405,395.2,0,Cuka (CH3COOH),Air (H2O),Cuka (CH3COOH) + Air (H2O),Aman
1,4,11.96,1.27,10.69,12.48,10.64,22.15,0.048,403.2,1,Amonia (NH3),Pembersih Lantai (HCl),Amonia (NH3) + Pembersih Lantai (HCl),Sedang
3,5,7.03,6.72,0.3,18.07,95.16,36.34,0.2377,387.8,0,Sabun Cuci Piring,Air (H2O),Sabun Cuci Piring + Air (H2O),Aman
3,4,7.19,1.05,6.14,15.14,11.39,38.63,0.5721,183.9,0,Sabun Cuci Piring,Pembersih Lantai (HCl),Sabun Cuci Piring + Pembersih Lantai (HCl),Aman
0,3,12.78,6.94,5.84,7.7,10.87,29.65,0.8235,428.1,2,Pemutih (NaClO),Sabun Cuci Piring,Pemutih (NaClO) + Sabun Cuci Piring,Tinggi
2,4,2.5,1.37,1.13,3.2,9.47,22.55,0.1153,121.7,1,Cuka (CH3COOH),Pembersih Lantai (HCl),Cuka (CH3COOH) + Pembersih Lantai (HCl),Sedang
3,4,6.78,0.93,5.85,12.28,7.67,32.5,0.2386,411.5,0,Sabun Cuci Piring,Pembersih Lantai (HCl),Sabun Cuci Piring + Pembersih Lantai (HCl),Aman
3,5,6.73,7.09,0.36,13.24,103.86,30.28,0.9851,155.9,0,Sabun Cuci Piring,Air (H2O),Sabun Cuci Piring + Air (H2O),Aman
0,5,12.34,6.94,5.4,3.81,101.89,25.67,0.717,335.6,0,Pemutih (NaClO),Air (H2O),Pemutih (NaClO) + Air (H2O),Aman
7,8,13.88,7.12,6.76,20.09,104.85,28.27,0.7705,491.0,2,Basa Kuat (NaOH),Aluminium Foil (Al),Basa Kuat (NaOH) + Aluminium Foil (Al),Tinggi
5,6,6.97,6.86,0.11,103.77,68.59,32.93,0.2833,316.3,0,Air (H2O),Alkohol (Etanol),Air (H2O) + Alkohol (Etanol),Aman
2,3,2.38,7.08,4.69,1.56,14.06,38.35,0.8953,458.9,2,Cuka (CH3COOH),Sabun Cuci Piring,Cuka (CH3COOH) + Sabun Cuci Piring,Tinggi
1,5,11.69,7.73,3.95,8.22,95.7,29.23,0.9596,133.3,0,Amonia (NH3),Air (H2O),Amonia (NH3) + Air (H2O),Aman
3,5,6.41,6.95,0.54,14.94,98.4,38.61,0.2825,179.8,0,Sabun Cuci Piring,Air (H2O),Sabun Cuci Piring + Air (H2O),Aman
1,5,10.82,6.52,4.3,10.58,100.66,23.5,0.9684,145.9,0,Amonia (NH3),Air (H2O),Amonia (NH3) + Air (H2O),Aman
2,4,2.32,1.12,1.21,5.88,7.49,35.95,0.2086,271.3,2,Cuka (CH3COOH),Pembersih Lantai (HCl),Cuka (CH3COOH) + Pembersih Lantai (HCl),Tinggi
0,1,12.03,11.57,0.46,5.13,10.48,26.02,0.2451,342.6,2,Pemutih (NaClO),Amonia (NH3),Pemutih (NaClO) + Amonia (NH3),Tinggi
5,6,7.05,7.26,0.21,100.08,73.32,28.93,0.6659,425.1,0,Air (H2O),Alkohol (Etanol),Air (H2O) + Alkohol (Etanol),Aman
1,3,11.55,7.16,4.39,9.12,15.03,21.83,0.021,72.9,0,Amonia (NH3),Sabun Cuci Piring,Amonia (NH3) + Sabun Cuci Piring,Aman
5,9,6.4,6.92,0.52,100.33,10.91,27.21,0.3345,196.0,2,Air (H2O),Asap Pembakaran (CO),Air (H2O) + Asap Pembakaran (CO),Tinggi
1,4,11.76,1.46,10.3,13.45,6.23,26.22,0.7977,99.6,1,Amonia (NH3),Pembersih Lantai (HCl),Amonia (NH3) + Pembersih Lantai (HCl),Sedang
3,5,7.11,6.92,0.19,16.37,98.58,37.23,0.3624,223.6,0,Sabun Cuci Piring,Air (H2O),Sabun Cuci Piring + Air (H2O),Aman
2,3,2.52,7.13,4.61,5.36,16.03,36.42,0.8131,201.8,0,Cuka (CH3COOH),Sabun Cuci Piring,Cuka (CH3COOH) + Sabun Cuci Piring,Aman
2,5,2.08,7.13,5.05,4.61,99.84,39.2,0.687,488.4,0,Cuka (CH3COOH),Air (H2O),Cuka (CH3COOH) + Air (H2O),Aman
0,6,12.2,7.17,5.03,4.25,67.05,33.61,0.3941,408.0,2,Pemutih (NaClO),Alkohol (Etanol),Pemutih (NaClO) + Alkohol (Etanol),Tinggi
0,2,12.69,2.43,10.26,3.71,6.67,35.1,0.6553,164.3,2,Pemutih (NaClO),Cuka (CH3COOH),Pemutih (NaClO) + Cuka (CH3COOH),Tinggi
7,8,13.72,6.94,6.78,19.75,100.65,24.95,0.8824,212.4,2,Basa Kuat (NaOH),Aluminium Foil (Al),Basa Kuat (NaOH) + Aluminium Foil (Al),Tinggi
1,4,11.38,0.76,10.62,8.67,12.94,23.87,0.6218,210.6,1,Amonia (NH3),Pembersih Lantai (HCl),Amonia (NH3) + Pembersih Lantai (HCl),Sedang
2,5,2.75,7.43,4.68,2.41,100.74,35.96,0.0685,144.5,0,Cuka (CH3COOH),Air (H2O),Cuka (CH3COOH) + Air (H2O),Aman
5,6,7.34,7.09,0.25,100.29,68.15,28.35,0.5324,496.1,0,Air (H2O),Alkohol (Etanol),Air (H2O) + Alkohol (Etanol),Aman
2,5,2.4,7.13,4.73,7.48,97.94,29.12,0.8523,420.8,0,Cuka (CH3COOH),Air (H2O),Cuka (CH3COOH) + Air (H2O),Aman
1,4,11.2,0.94,10.26,11.77,8.69,39.87,0.4256,293.7,2,Amonia (NH3),Pembersih Lantai (HCl),Amonia (NH3) + Pembersih Lantai (HCl),Tinggi
0,4,12.04,0.32,11.71,5.08,9.7,36.37,0.5476,448.5,2,Pemutih (NaClO),Pembersih Lantai (HCl),Pemutih (NaClO) + Pembersih Lantai (HCl),Tinggi
5,9,7.01,7.1,0.09,96.96,9.28,33.25,0.2788,194.8,2,Air (H2O),Asap Pembakaran (CO),Air (H2O) + Asap Pembakaran (CO),Tinggi
0,4,12.27,1.34,10.93,2.67,11.45,28.81,0.2744,240.6,2,Pemutih (NaClO),Pembersih Lantai (HCl),Pemutih (NaClO) + Pembersih Lantai (HCl),Tinggi
2,3,2.04,6.98,4.94,5.35,15.0,30.15,0.0396,457.1,1,Cuka (CH3COOH),Sabun Cuci Piring,Cuka (CH3COOH) + Sabun Cuci Piring,Sedang
1,2,11.61,2.52,9.09,11.82,3.56,36.56,0.9985,314.7,1,Amonia (NH3),Cuka (CH3COOH),Amonia (NH3) + Cuka (CH3COOH),Sedang
2,4,2.8,0.92,1.88,6.3,13.62,29.2,0.2993,333.2,1,Cuka (CH3COOH),Pembersih Lantai (HCl),Cuka (CH3COOH) + Pembersih Lantai (HCl),Sedang
1,2,11.33,2.31,9.03,10.26,3.77,25.47,0.0383,129.8,1,Amonia (NH3),Cuka (CH3COOH),Amonia (NH3) + Cuka (CH3COOH),Sedang
1,2,11.94,2.32,9.62,9.64,6.1,22.68,0.314,103.3,1,Amonia (NH3),Cuka (CH3COOH),Amonia (NH3) + Cuka (CH3COOH),Sedang
5,10,6.32,7.05,0.73,100.39,96.28,34.35,0.5996,278.7,2,Air (H2O),Gas LPG (Propana/Butana),Air (H2O) + Gas LPG (Propana/Butana),Tinggi
0,1,12.63,11.7,0.93,8.41,4.33,21.59,0.2092,190.3,2,Pemutih (NaClO),Amonia (NH3),Pemutih (NaClO) + Amonia (NH3),Tinggi
7,8,14.04,6.77,7.27,21.43,97.41,36.39,0.7665,118.0,2,Basa Kuat (NaOH),Aluminium Foil (Al),Basa Kuat (NaOH) + Aluminium Foil (Al),Tinggi
0,2,12.31,2.5,9.81,6.79,6.78,31.6,0.7657,171.9,2,Pemutih (NaClO),Cuka (CH3COOH),Pemutih (NaClO) + Cuka (CH3COOH),Tinggi
3,5,7.27,6.95,0.31,13.89,101.46,29.09,0.1971,121.9,0,Sabun Cuci Piring,Air (H2O),Sabun Cuci Piring + Air (H2O),Aman
0,5,12.9,6.88,6.02,5.3,98.02,20.89,0.4107,193.2,0,Pemutih (NaClO),Air (H2O),Pemutih (NaClO) + Air (H2O),Aman
0,1,12.8,10.88,1.93,6.98,11.81,27.33,0.196,161.8,2,Pemutih (NaClO),Amonia (NH3),Pemutih (NaClO) + Amonia (NH3),Tinggi
5,10,6.87,6.77,0.1,98.53,100.04,20.32,0.787,190.2,2,Air (H2O),Gas LPG (Propana/Butana),Air (H2O) + Gas LPG (Propana/Butana),Tinggi
1,5,11.05,6.94,4.11,7.58,99.77,34.77,0.0276,299.6,0,Amonia (NH3),Air (H2O),Amonia (NH3) + Air (H2O),Aman
0,5,12.46,6.79,5.67,1.41,98.19,23.12,0.2543,451.3,0,Pemutih (NaClO),Air (H2O),Pemutih (NaClO) + Air (H2O),Aman
5,6,7.1,7.06,0.04,100.76,70.89,37.68,0.842,475.6,0,Air (H2O),Alkohol (Etanol),Air (H2O) + Alkohol (Etanol),Aman
2,3,2.62,7.03,4.41,1.4,15.11,36.68,0.1088,60.4,1,Cuka (CH3COOH),Sabun Cuci Piring,Cuka (CH3COOH) + Sabun Cuci Piring,Sedang
2,5,2.02,6.92,4.9,5.8,100.37,38.36,0.4723,233.5,0,Cuka (CH3COOH),Air (H2O),Cuka (CH3COOH) + Air (H2O),Aman
1,2,11.85,2.25,9.6,8.58,8.72,24.06,0.2019,363.4,1,Amonia (NH3),Cuka (CH3COOH),Amonia (NH3) + Cuka (CH3COOH),Sedang
5,9,6.8,7.27,0.47,99.54,9.95,20.2,0.805,282.8,2,Air (H2O),Asap Pembakaran (CO),Air (H2O) + Asap Pembakaran (CO),Tinggi
1,3,11.55,6.63,4.92,11.25,15.34,21.16,0.3589,116.6,0,Amonia (NH3),Sabun Cuci Piring,Amonia (NH3) + Sabun Cuci Piring,Aman
2,3,2.38,7.64,5.26,0.5,11.19,22.87,0.5078,458.1,1,Cuka (CH3COOH),Sabun Cuci Piring,Cuka (CH3COOH) + Sabun Cuci Piring,Sedang
7,8,14.53,6.3,8.23,18.65,101.92,39.84,0.0992,299.9,2,Basa Kuat (NaOH),Aluminium Foil (Al),Basa Kuat (NaOH) + Aluminium Foil (Al),Tinggi
1,4,11.29,1.08,10.21,6.76,7.13,34.71,0.0429,135.8,1,Amonia (NH3),Pembersih Lantai (HCl),Amonia (NH3) + Pembersih Lantai (HCl),Sedang
1,4,11.4,1.15,10.25,12.28,10.9,36.99,0.1948,236.0,1,Amonia (NH3),Pembersih Lantai (HCl),Amonia (NH3) + Pembersih Lantai (HCl),Sedang
0,2,12.35,2.64,9.72,3.96,2.87,22.19,0.5159,301.4,2,Pemutih (NaClO),Cuka (CH3COOH),Pemutih (NaClO) + Cuka (CH3COOH),Tinggi
2,3,2.14,6.68,4.54,2.49,14.63,22.16,0.5469,393.6,1,Cuka (CH3COOH),Sabun Cuci Piring,Cuka (CH3COOH) + Sabun Cuci Piring,Sedang
0,4,12.98,1.3,11.68,4.64,7.91,33.92,0.729,343.1,2,Pemutih (NaClO),Pembersih Lantai (HCl),Pemutih (NaClO) + Pembersih Lantai (HCl),Tinggi
0,1,12.7,11.55,1.15,4.7,6.05,24.78,0.1524,441.3,2,Pemutih (NaClO),Amonia (NH3),Pemutih (NaClO) + Amonia (NH3),Tinggi
2,3,2.2,7.24,5.04,4.92,12.96,37.73,0.6379,479.0,2,Cuka (CH3COOH),Sabun Cuci Piring,Cuka (CH3COOH) + Sabun Cuci Piring,Tinggi
0,2,12.67,2.57,10.11,3.31,5.58,39.38,0.2359,414.2,2,Pemutih (NaClO),Cuka (CH3COOH),Pemutih (NaClO) + Cuka (CH3COOH),Tinggi
0,5,12.2,6.79,5.41,6.39,100.87,33.4,0.9147,206.7,0,Pemutih (NaClO),Air (H2O),Pemutih (NaClO) + Air (H2O),Aman
0,5,12.74,7.16,5.58,4.77,101.36,37.98,0.0681,185.9,0,Pemutih (NaClO),Air (H2O),Pemutih (NaClO) + Air (H2O),Aman
0,3,12.37,7.14,5.23,1.47,15.18,27.21,0.5555,440.2,1,Pemutih (NaClO),Sabun Cuci Piring,Pemutih (NaClO) + Sabun Cuci Piring,Sedang
5,10,7.09,6.89,0.2,101.81,100.56,22.38,0.408,195.7,2,Air (H2O),Gas LPG (Propana/Butana),Air (H2O) + Gas LPG (Propana/Butana),Tinggi
1,2,11.26,2.28,8.98,9.49,6.9,37.0,0.3088,202.4,1,Amonia (NH3),Cuka (CH3COOH),Amonia (NH3) + Cuka (CH3COOH),Sedang
1,4,11.38,1.17,10.21,9.5,10.8,21.69,0.8204,397.2,1,Amonia (NH3),Pembersih Lantai (HCl),Amonia (NH3) + Pembersih Lantai (HCl),Sedang
3,5,6.88,6.62,0.26,15.92,102.33,30.77,0.8436,77.2,0,Sabun Cuci Piring,Air (H2O),Sabun Cuci Piring + Air (H2O),Aman
5,9,6.94,7.36,0.42,98.48,6.86,24.77,0.5475,428.0,2,Air (H2O),Asap Pembakaran (CO),Air (H2O) + Asap Pembakaran (CO),Tinggi
0,5,12.46,6.81,5.64,3.7,101.56,36.4,0.1266,352.3,1,Pemutih (NaClO),Air (H2O),Pemutih (NaClO) + Air (H2O),Sedang
0,3,12.54,7.07,5.48,3.21,13.6,22.27,0.2122,329.6,1,Pemutih (NaClO),Sabun Cuci Piring,Pemutih (NaClO) + Sabun Cuci Piring,Sedang
0,3,12.42,6.83,5.58,8.46,15.24,38.53,0.4291,472.5,2,Pemutih (NaClO),Sabun Cuci Piring,Pemutih (NaClO) + Sabun Cuci Piring,Tinggi
0,1,12.4,11.93,0.47,4.03,8.66,24.03,0.6511,379.7,2,Pemutih (NaClO),Amonia (NH3),Pemutih (NaClO) + Amonia (NH3),Tinggi
7,8,13.77,6.64,7.13,18.97,97.67,38.85,0.9974,358.6,2,Basa Kuat (NaOH),Aluminium Foil (Al),Basa Kuat (NaOH) + Aluminium Foil (Al),Tinggi
0,4,12.74,1.21,11.53,3.53,9.69,31.49,0.0897,450.5,2,Pemutih (NaClO),Pembersih Lantai (HCl),Pemutih (NaClO) + Pembersih Lantai (HCl),Tinggi
0,1,11.91,11.63,0.28,6.63,10.98,29.57,0.5123,230.3,2,Pemutih (NaClO),Amonia (NH3),Pemutih (NaClO) + Amonia (NH3),Tinggi
3,4,6.99,0.66,6.32,13.83,8.19,35.98,0.9512,450.3,0,Sabun Cuci Piring,Pembersih Lantai (HCl),Sabun Cuci Piring + Pembersih Lantai (HCl),Aman
5,6,7.32,7.03,0.29,98.99,67.19,22.44,0.9825,55.6,0,Air (H2O),Alkohol (Etanol),Air (H2O) + Alkohol (Etanol),Aman
0,3,12.5,7.48,5.02,2.01,11.75,34.51,0.5052,316.8,1,Pemutih (NaClO),Sabun Cuci Piring,Pemutih (NaClO) + Sabun Cuci Piring,Sedang
7,8,13.92,6.85,7.07,19.13,96.28,32.65,0.2184,341.4,2,Basa Kuat (NaOH),Aluminium Foil (Al),Basa Kuat (NaOH) + Aluminium Foil (Al),Tinggi
0,3,12.49,6.89,5.61,8.5,15.2,38.03,0.2243,64.2,2,Pemutih (NaClO),Sabun Cuci Piring,Pemutih (NaClO) + Sabun Cuci Piring,Tinggi
0,2,12.53,2.81,9.72,5.67,4.34,24.88,0.0961,440.8,2,Pemutih (NaClO),Cuka (CH3COOH),Pemutih (NaClO) + Cuka (CH3COOH),Tinggi
0,5,12.41,6.88,5.53,3.28,102.71,37.3,0.8573,478.2,0,Pemutih (NaClO),Air (H2O),Pemutih (NaClO) + Air (H2O),Aman
0,3,13.19,7.55,5.64,4.8,17.89,25.74,0.2501,52.1,1,Pemutih (NaClO),Sabun Cuci Piring,Pemutih (NaClO) + Sabun Cuci Piring,Sedang
1,2,11.82,2.06,9.76,8.6,4.49,37.89,0.8396,163.7,1,Amonia (NH3),Cuka (CH3COOH),Amonia (NH3) + Cuka (CH3COOH),Sedang
5,10,7.1,7.05,0.05,101.75,98.12,24.11,0.7053,80.1,2,Air (H2O),Gas LPG (Propana/Butana),Air (H2O) + Gas LPG (Propana/Butana),Tinggi
5,6,6.86,6.59,0.27,100.42,72.09,39.51,0.6078,401.5,0,Air (H2O),Alkohol (Etanol),Air (H2O) + Alkohol (Etanol),Aman
3,5,6.97,7.47,0.5,12.2,97.78,38.89,0.3935,368.6,0,Sabun Cuci Piring,Air (H2O),Sabun Cuci Piring + Air (H2O),Aman
0,2,12.62,2.17,10.45,6.63,5.51,35.45,0.2716,383.3,2,Pemutih (NaClO),Cuka (CH3COOH),Pemutih (NaClO) + Cuka (CH3COOH),Tinggi
5,10,6.4,6.86,0.46,103.47,98.94,30.38,0.4273,491.2,2,Air (H2O),Gas LPG (Propana/Butana),Air (H2O) + Gas LPG (Propana/Butana),Tinggi
2,5,2.29,7.15,4.86,4.86,98.52,25.43,0.232,229.6,0,Cuka (CH3COOH),Air (H2O),Cuka (CH3COOH) + Air (H2O),Aman
1,2,11.36,2.46,8.9,5.8,5.81,22.08,0.1423,50.9,1,Amonia (NH3),Cuka (CH3COOH),Amonia (NH3) + Cuka (CH3COOH),Sedang
4,5,0.74,7.13,6.39,9.96,101.85,25.16,0.5861,193.6,0,Pembersih Lantai (HCl),Air (H2O),Pembersih Lantai (HCl) + Air (H2O),Aman
1,5,11.39,7.09,4.3,9.33,98.99,39.88,0.3271,464.9,0,Amonia (NH3),Air (H2O),Amonia (NH3) + Air (H2O),Aman
1,3,11.12,7.11,4.01,8.9,14.84,29.97,0.3701,411.7,0,Amonia (NH3),Sabun Cuci Piring,Amonia (NH3) + Sabun Cuci Piring,Aman
0,2,12.31,2.47,9.84,5.41,7.1,38.94,0.9518,58.4,2,Pemutih (NaClO),Cuka (CH3COOH),Pemutih (NaClO) + Cuka (CH3COOH),Tinggi
1,4,11.42,1.19,10.23,9.86,7.35,39.35,0.0971,456.2,1,Amonia (NH3),Pembersih Lantai (HCl),Amonia (NH3) + Pembersih Lantai (HCl),Sedang
7,8,13.6,6.95,6.65,20.77,98.24,34.9,0.1181,157.9,2,Basa Kuat (NaOH),Aluminium Foil (Al),Basa Kuat (NaOH) + Aluminium Foil (Al),Tinggi
2,5,2.53,6.8,4.27,5.06,102.16,35.95,0.1322,82.7,0,Cuka (CH3COOH),Air (H2O),Cuka (CH3COOH) + Air (H2O),Aman
0,1,12.69,11.13,1.56,5.63,7.96,39.45,0.9465,154.0,2,Pemutih (NaClO),Amonia (NH3),Pemutih (NaClO) + Amonia (NH3),Tinggi
1,5,11.23,7.07,4.16,12.44,101.64,35.8,0.0795,59.0,0,Amonia (NH3),Air (H2O),Amonia (NH3) + Air (H2O),Aman
1,3,11.42,6.85,4.57,8.29,13.09,26.42,0.9688,350.9,0,Amonia (NH3),Sabun Cuci Piring,Amonia (NH3) + Sabun Cuci Piring,Aman
1,3,12.05,6.95,5.1,7.45,17.1,24.21,0.7388,296.6,0,Amonia (NH3),Sabun Cuci Piring,Amonia (NH3) + Sabun Cuci Piring,Aman
0,1,12.76,11.06,1.7,6.42,13.97,28.2,0.1454,360.3,2,Pemutih (NaClO),Amonia (NH3),Pemutih (NaClO) + Amonia (NH3),Tinggi
5,9,7.4,7.08,0.33,101.45,11.1,22.56,0.0995,417.6,2,Air (H2O),Asap Pembakaran (CO),Air (H2O) + Asap Pembakaran (CO),Tinggi
1,3,11.74,7.9,3.85,12.47,14.33,21.1,0.574,455.3,0,Amonia (NH3),Sabun Cuci Piring,Amonia (NH3) + Sabun Cuci Piring,Aman
2,3,2.29,6.95,4.66,2.74,16.12,29.03,0.9703,338.8,1,Cuka (CH3COOH),Sabun Cuci Piring,Cuka (CH3COOH) + Sabun Cuci Piring,Sedang
0,4,12.52,0.93,11.59,5.57,12.65,20.44,0.9936,132.5,2,Pemutih (NaClO),Pembersih Lantai (HCl),Pemutih (NaClO) + Pembersih Lantai (HCl),Tinggi
0,1,12.86,11.38,1.48,7.02,10.06,26.53,0.649,496.5,2,Pemutih (NaClO),Amonia (NH3),Pemutih (NaClO) + Amonia (NH3),Tinggi
0,3,12.27,7.26,5.01,1.79,14.85,34.54,0.8373,402.9,1,Pemutih (NaClO),Sabun Cuci Piring,Pemutih (NaClO) + Sabun Cuci Piring,Sedang
1,3,10.59,6.5,4.09,10.89,15.55,37.97,0.0019,382.4,0,Amonia (NH3),Sabun Cuci Piring,Amonia (NH3) + Sabun Cuci Piring,Aman
0,6,12.38,6.72,5.65,7.2,67.27,38.18,0.9113,308.9,2,Pemutih (NaClO),Alkohol (Etanol),Pemutih (NaClO) + Alkohol (Etanol),Tinggi
0,4,12.1,0.95,11.14,4.97,10.42,36.81,0.8399,156.4,2,Pemutih (NaClO),Pembersih Lantai (HCl),Pemutih (NaClO) + Pembersih Lantai (HCl),Tinggi
1,2,11.78,2.0,9.79,9.54,7.06,36.35,0.4753,382.0,1,Amonia (NH3),Cuka (CH3COOH),Amonia (NH3) + Cuka (CH3COOH),Sedang
1,4,11.69,1.39,10.3,6.82,7.1,22.03,0.2623,256.5,1,Amonia (NH3),Pembersih Lantai (HCl),Amonia (NH3) + Pembersih Lantai (HCl),Sedang
1,4,11.33,1.21,10.12,12.43,7.89,35.42,0.8044,162.2,1,Amonia (NH3),Pembersih Lantai (HCl),Amonia (NH3) + Pembersih Lantai (HCl),Sedang
3,5,6.96,7.32,0.36,18.95,100.73,29.26,0.9446,194.1,0,Sabun Cuci Piring,Air (H2O),Sabun Cuci Piring + Air (H2O),Aman
0,2,12.93,2.42,10.52,3.97,4.53,20.62,0.5859,317.5,2,Pemutih (NaClO),Cuka (CH3COOH),Pemutih (NaClO) + Cuka (CH3COOH),Tinggi
0,5,12.8,7.28,5.53,5.53,101.04,28.78,0.0797,330.1,0,Pemutih (NaClO),Air (H2O),Pemutih (NaClO) + Air (H2O),Aman
0,5,12.9,7.04,5.86,6.4,98.14,29.54,0.7839,468.6,0,Pemutih (NaClO),Air (H2O),Pemutih (NaClO) + Air (H2O),Aman
5,6,6.88,7.46,0.57,101.18,71.4,34.55,0.4913,80.1,0,Air (H2O),Alkohol (Etanol),Air (H2O) + Alkohol (Etanol),Aman
0,1,12.33,11.93,0.4,6.19,9.49,26.63,0.9751,370.7,2,Pemutih (NaClO),Amonia (NH3),Pemutih (NaClO) + Amonia (NH3),Tinggi
3,4,6.46,0.77,5.69,20.03,8.63,32.82,0.0021,485.6,0,Sabun Cuci Piring,Pembersih Lantai (HCl),Sabun Cuci Piring + Pembersih Lantai (HCl),Aman
5,9,7.13,7.66,0.53,99.58,8.95,30.85,0.7949,137.6,2,Air (H2O),Asap Pembakaran (CO),Air (H2O) + Asap Pembakaran (CO),Tinggi
1,4,11.18,1.66,9.52,9.73,11.05,33.52,0.1836,230.3,1,Amonia (NH3),Pembersih Lantai (HCl),Amonia (NH3) + Pembersih Lantai (HCl),Sedang
0,3,12.54,7.64,4.9,4.09,13.96,24.62,0.4029,217.9,1,Pemutih (NaClO),Sabun Cuci Piring,Pemutih (NaClO) + Sabun Cuci Piring,Sedang
2,3,2.59,7.41,4.82,6.09,16.11,26.52,0.411,193.0,1,Cuka (CH3COOH),Sabun Cuci Piring,Cuka (CH3COOH) + Sabun Cuci Piring,Sedang
2,3,2.32,6.56,4.23,4.92,15.77,32.87,0.518,93.2,1,Cuka (CH3COOH),Sabun Cuci Piring,Cuka (CH3COOH) + Sabun Cuci Piring,Sedang
1,2,11.5,2.24,9.26,14.06,2.86,38.62,0.8966,201.8,2,Amonia (NH3),Cuka (CH3COOH),Amonia (NH3) + Cuka (CH3COOH),Tinggi
5,6,6.82,6.66,0.17,105.04,70.27,30.82,0.2938,174.3,0,Air (H2O),Alkohol (Etanol),Air (H2O) + Alkohol (Etanol),Aman
5,6,6.82,6.84,0.02,103.13,68.16,20.68,0.3213,263.5,0,Air (H2O),Alkohol (Etanol),Air (H2O) + Alkohol (Etanol),Aman
7,8,14.41,6.95,7.46,19.62,97.14,36.49,0.7593,214.5,2,Basa Kuat (NaOH),Aluminium Foil (Al),Basa Kuat (NaOH) + Aluminium Foil (Al),Tinggi
0,4,12.15,1.04,11.11,9.26,8.51,29.22,0.5448,477.8,2,Pemutih (NaClO),Pembersih Lantai (HCl),Pemutih (NaClO) + Pembersih Lantai (HCl),Tinggi
7,8,13.96,6.66,7.29,18.56,98.8,20.44,0.445,494.8,2,Basa Kuat (NaOH),Aluminium Foil (Al),Basa Kuat (NaOH) + Aluminium Foil (Al),Tinggi
0,6,12.67,7.28,5.4,3.32,72.28,38.52,0.7119,234.6,2,Pemutih (NaClO),Alkohol (Etanol),Pemutih (NaClO) + Alkohol (Etanol),Tinggi
4,5,0.95,7.29,6.33,8.58,100.62,38.39,0.707,104.7,0,Pembersih Lantai (HCl),Air (H2O),Pembersih Lantai (HCl) + Air (H2O),Aman
3,5,7.41,6.8,0.61,14.27,102.66,24.66,0.5154,378.0,0,Sabun Cuci Piring,Air (H2O),Sabun Cuci Piring + Air (H2O),Aman
0,6,12.28,6.73,5.55,1.64,71.95,21.0,0.4751,75.8,2,Pemutih (NaClO),Alkohol (Etanol),Pemutih (NaClO) + Alkohol (Etanol),Tinggi
2,5,2.82,7.12,4.3,0.75,99.94,21.23,0.9721,93.5,0,Cuka (CH3COOH),Air (H2O),Cuka (CH3COOH) + Air (H2O),Aman
0,1,12.6,11.46,1.14,5.83,9.31,25.62,0.9268,483.7,2,Pemutih (NaClO),Amonia (NH3),Pemutih (NaClO) + Amonia (NH3),Tinggi
0,4,12.72,1.43,11.29,4.75,9.87,39.45,0.7122,469.9,2,Pemutih (NaClO),Pembersih Lantai (HCl),Pemutih (NaClO) + Pembersih Lantai (HCl),Tinggi
5,6,7.08,6.78,0.3,98.55,67.97,23.61,0.2574,449.7,0,Air (H2O),Alkohol (Etanol),Air (H2O) + Alkohol (Etanol),Aman
5,6,7.15,6.86,0.3,99.64,68.04,21.61,0.8657,311.2,0,Air (H2O),Alkohol (Etanol),Air (H2O) + Alkohol (Etanol),Aman
1,4,11.87,0.89,10.97,11.47,11.27,30.17,0.2777,186.3,1,Amonia (NH3),Pembersih Lantai (HCl),Amonia (NH3) + Pembersih Lantai (HCl),Sedang
0,4,12.67,1.01,11.66,4.51,11.17,38.76,0.6957,196.1,2,Pemutih (NaClO),Pembersih Lantai (HCl),Pemutih (NaClO) + Pembersih Lantai (HCl),Tinggi
1,2,11.48,2.44,9.03,9.14,3.39,21.2,0.236,169.6,1,Amonia (NH3),Cuka (CH3COOH),Amonia (NH3) + Cuka (CH3COOH),Sedang
0,5,12.4,7.3,5.1,6.55,97.83,37.51,0.3401,138.7,0,Pemutih (NaClO),Air (H2O),Pemutih (NaClO) + Air (H2O),Aman
0,5,11.87,7.43,4.44,5.24,99.45,31.51,0.7352,96.6,0,Pemutih (NaClO),Air (H2O),Pemutih (NaClO) + Air (H2O),Aman
7,8,13.72,7.23,6.49,21.27,99.01,39.5,0.6648,253.6,2,Basa Kuat (NaOH),Aluminium Foil (Al),Basa Kuat (NaOH) + Aluminium Foil (Al),Tinggi
0,4,12.33,0.64,11.69,4.03,8.26,29.79,0.959,481.8,2,Pemutih (NaClO),Pembersih Lantai (HCl),Pemutih (NaClO) + Pembersih Lantai (HCl),Tinggi
2,3,2.18,7.03,4.85,4.72,13.43,36.17,0.1487,222.5,1,Cuka (CH3COOH),Sabun Cuci Piring,Cuka (CH3COOH) + Sabun Cuci Piring,Sedang
2,4,2.77,1.24,1.53,6.96,6.52,26.03,0.0677,66.9,2,Cuka (CH3COOH),Pembersih Lantai (HCl),Cuka (CH3COOH) + Pembersih Lantai (HCl),Tinggi
1,2,11.51,3.26,8.25,11.13,3.66,32.46,0.1375,193.6,1,Amonia (NH3),Cuka (CH3COOH),Amonia (NH3) + Cuka (CH3COOH),Sedang
2,5,2.23,7.24,5.01,5.47,102.11,25.28,0.2253,359.6,0,Cuka (CH3COOH),Air (H2O),Cuka (CH3COOH) + Air (H2O),Aman
1,5,11.18,6.67,4.51,8.97,101.9,36.23,0.8317,198.4,0,Amonia (NH3),Air (H2O),Amonia (NH3) + Air (H2O),Aman
2,5,2.34,6.83,4.48,5.09,99.99,20.34,0.7247,339.8,0,Cuka (CH3COOH),Air (H2O),Cuka (CH3COOH) + Air (H2O),Aman
3,4,6.77,0.35,6.42,17.25,10.71,33.97,0.0679,223.5,0,Sabun Cuci Piring,Pembersih Lantai (HCl),Sabun Cuci Piring + Pembersih Lantai (HCl),Aman
0,3,12.78,7.34,5.44,1.22,16.63,32.38,0.618,357.3,1,Pemutih (NaClO),Sabun Cuci Piring,Pemutih (NaClO) + Sabun Cuci Piring,Sedang
3,5,6.5,7.4,0.9,13.33,99.3,36.31,0.4308,350.9,0,Sabun Cuci Piring,Air (H2O),Sabun Cuci Piring + Air (H2O),Aman
1,5,11.58,7.13,4.45,9.41,101.1,38.62,0.6911,353.5,0,Amonia (NH3),Air (H2O),Amonia (NH3) + Air (H2O),Aman
1,2,12.09,3.3,8.79,8.42,4.18,31.5,0.7452,487.1,1,Amonia (NH3),Cuka (CH3COOH),Amonia (NH3) + Cuka (CH3COOH),Sedang
2,5,2.46,7.38,4.92,13.3,98.35,28.69,0.6988,371.7,0,Cuka (CH3COOH),Air (H2O),Cuka (CH3COOH) + Air (H2O),Aman
5,10,7.04,6.77,0.27,102.04,99.31,34.02,0.4814,164.8,2,Air (H2O),Gas LPG (Propana/Butana),Air (H2O) + Gas LPG (Propana/Butana),Tinggi
0,3,12.94,7.08,5.86,4.34,14.78,33.95,0.9075,448.6,0,Pemutih (NaClO),Sabun Cuci Piring,Pemutih (NaClO) + Sabun Cuci Piring,Aman
3,4,7.58,0.67,6.91,13.34,5.87,34.68,0.785,342.3,0,Sabun Cuci Piring,Pembersih Lantai (HCl),Sabun Cuci Piring + Pembersih Lantai (HCl),Aman
7,8,14.39,6.93,7.46,18.82,103.39,28.81,0.5163,181.2,2,Basa Kuat (NaOH),Aluminium Foil (Al),Basa Kuat (NaOH) + Aluminium Foil (Al),Tinggi
1,2,11.47,2.28,9.19,12.03,5.28,26.87,0.2135,459.0,1,Amonia (NH3),Cuka (CH3COOH),Amonia (NH3) + Cuka (CH3COOH),Sedang
1,2,11.34,2.16,9.18,11.65,7.52,25.27,0.6134,205.1,1,Amonia (NH3),Cuka (CH3COOH),Amonia (NH3) + Cuka (CH3COOH),Sedang
7,8,13.96,7.25,6.71,17.42,99.23,27.56,0.2313,336.1,2,Basa Kuat (NaOH),Aluminium Foil (Al),Basa Kuat (NaOH) + Aluminium Foil (Al),Tinggi
2,4,2.38,1.26,1.12,6.72,10.3,30.72,0.4314,369.1,1,Cuka (CH3COOH),Pembersih Lantai (HCl),Cuka (CH3COOH) + Pembersih Lantai (HCl),Sedang
0,2,12.32,2.34,9.98,6.95,5.42,35.45,0.2551,136.4,2,Pemutih (NaClO),Cuka (CH3COOH),Pemutih (NaClO) + Cuka (CH3COOH),Tinggi
5,9,6.93,6.67,0.26,101.74,5.24,20.99,0.6549,84.9,2,Air (H2O),Asap Pembakaran (CO),Air (H2O) + Asap Pembakaran (CO),Tinggi
0,6,12.41,7.11,5.3,3.57,68.7,39.94,0.2823,87.9,2,Pemutih (NaClO),Alkohol (Etanol),Pemutih (NaClO) + Alkohol (Etanol),Tinggi
0,6,12.35,6.74,5.62,1.66,69.11,30.17,0.0583,119.2,2,Pemutih (NaClO),Alkohol (Etanol),Pemutih (NaClO) + Alkohol (Etanol),Tinggi
2,3,2.51,6.98,4.47,5.35,14.21,35.0,0.6511,379.5,1,Cuka (CH3COOH),Sabun Cuci Piring,Cuka (CH3COOH) + Sabun Cuci Piring,Sedang
2,4,2.43,1.0,1.42,8.65,9.86,21.57,0.7213,230.0,2,Cuka (CH3COOH),Pembersih Lantai (HCl),Cuka (CH3COOH) + Pembersih Lantai (HCl),Tinggi
0,4,12.58,0.92,11.66,6.74,8.31,22.64,0.0352,227.8,2,Pemutih (NaClO),Pembersih Lantai (HCl),Pemutih (NaClO) + Pembersih Lantai (HCl),Tinggi
0,5,12.57,7.1,5.47,0.5,97.14,33.06,0.129,220.2,0,Pemutih (NaClO),Air (H2O),Pemutih (NaClO) + Air (H2O),Aman
7,8,14.18,6.59,7.6,19.71,100.52,32.43,0.0465,323.5,2,Basa Kuat (NaOH),Aluminium Foil (Al),Basa Kuat (NaOH) + Aluminium Foil (Al),Tinggi
5,9,6.95,6.63,0.32,96.58,10.92,24.35,0.8985,186.6,2,Air (H2O),Asap Pembakaran (CO),Air (H2O) + Asap Pembakaran (CO),Tinggi
1,3,11.59,6.57,5.01,8.01,13.55,39.0,0.6087,186.5,0,Amonia (NH3),Sabun Cuci Piring,Amonia (NH3) + Sabun Cuci Piring,Aman
2,3,2.2,7.58,5.38,2.74,15.64,20.37,0.5398,495.2,1,Cuka (CH3COOH),Sabun Cuci Piring,Cuka (CH3COOH) + Sabun Cuci Piring,Sedang
1,5,11.4,6.83,4.57,10.53,99.08,31.42,0.5928,398.8,0,Amonia (NH3),Air (H2O),Amonia (NH3) + Air (H2O),Aman
5,9,6.9,7.22,0.32,102.35,9.8,30.51,0.8542,322.6,2,Air (H2O),Asap Pembakaran (CO),Air (H2O) + Asap Pembakaran (CO),Tinggi
0,1,12.51,11.39,1.13,6.68,6.39,21.74,0.8951,405.3,2,Pemutih (NaClO),Amonia (NH3),Pemutih (NaClO) + Amonia (NH3),Tinggi
0,3,13.16,6.85,6.31,0.5,15.8,38.66,0.5959,435.7,2,Pemutih (NaClO),Sabun Cuci Piring,Pemutih (NaClO) + Sabun Cuci Piring,Tinggi
3,5,6.84,7.15,0.31,14.29,100.71,21.56,0.8371,489.2,0,Sabun Cuci Piring,Air (H2O),Sabun Cuci Piring + Air (H2O),Aman
7,8,13.82,7.52,6.31,21.79,103.82,21.83,0.9624,244.5,2,Basa Kuat (NaOH),Aluminium Foil (Al),Basa Kuat (NaOH) + Aluminium Foil (Al),Tinggi
2,4,3.21,0.82,2.38,4.08,10.77,22.13,0.5604,83.1,1,Cuka (CH3COOH),Pembersih Lantai (HCl),Cuka (CH3COOH) + Pembersih Lantai (HCl),Sedang
0,4,12.27,0.92,11.35,4.64,10.09,26.01,0.0686,464.0,2,Pemutih (NaClO),Pembersih Lantai (HCl),Pemutih (NaClO) + Pembersih Lantai (HCl),Tinggi
3,4,6.99,1.34,5.65,14.7,10.68,23.28,0.6688,357.9,0,Sabun Cuci Piring,Pembersih Lantai (HCl),Sabun Cuci Piring + Pembersih Lantai (HCl),Aman
2,5,2.37,6.84,4.47,3.55,100.02,36.33,0.7338,137.0,0,Cuka (CH3COOH),Air (H2O),Cuka (CH3COOH) + Air (H2O),Aman
1,3,10.98,6.27,4.71,10.28,15.87,28.21,0.233,224.0,0,Amonia (NH3),Sabun Cuci Piring,Amonia (NH3) + Sabun Cuci Piring,Aman
0,6,12.04,6.81,5.23,2.55,67.36,23.97,0.5043,351.2,2,Pemutih (NaClO),Alkohol (Etanol),Pemutih (NaClO) + Alkohol (Etanol),Tinggi
0,1,13.09,11.13,1.96,1.22,11.41,38.18,0.4576,494.5,2,Pemutih (NaClO),Amonia (NH3),Pemutih (NaClO) + Amonia (NH3),Tinggi
0,2,12.89,2.6,10.29,4.18,4.9,29.73,0.8348,292.5,2,Pemutih (NaClO),Cuka (CH3COOH),Pemutih (NaClO) + Cuka (CH3COOH),Tinggi
1,5,11.7,6.42,5.28,6.93,96.52,26.92,0.4164,408.9,0,Amonia (NH3),Air (H2O),Amonia (NH3) + Air (H2O),Aman
5,6,7.05,6.84,0.21,100.77,70.55,26.35,0.5833,267.8,0,Air (H2O),Alkohol (Etanol),Air (H2O) + Alkohol (Etanol),Aman
5,9,7.02,6.73,0.29,97.04,10.31,34.94,0.4123,351.5,2,Air (H2O),Asap Pembakaran (CO),Air (H2O) + Asap Pembakaran (CO),Tinggi
5,6,7.02,7.22,0.2,101.49,68.93,35.0,0.5702,317.7,0,Air (H2O),Alkohol (Etanol),Air (H2O) + Alkohol (Etanol),Aman
1,4,11.55,0.87,10.69,10.66,11.28,24.82,0.3153,138.1,1,Amonia (NH3),Pembersih Lantai (HCl),Amonia (NH3) + Pembersih Lantai (HCl),Sedang
2,5,2.69,7.23,4.54,5.43,99.78,31.98,0.378,462.0,0,Cuka (CH3COOH),Air (H2O),Cuka (CH3COOH) + Air (H2O),Aman
2,3,2.21,7.25,5.04,4.07,15.81,31.82,0.5341,430.0,1,Cuka (CH3COOH),Sabun Cuci Piring,Cuka (CH3COOH) + Sabun Cuci Piring,Sedang
1,5,11.52,6.87,4.65,11.31,101.97,26.94,0.1962,362.5,0,Amonia (NH3),Air (H2O),Amonia (NH3) + Air (H2O),Aman
7,8,13.89,7.35,6.54,20.98,96.4,36.57,0.7237,464.4,2,Basa Kuat (NaOH),Aluminium Foil (Al),Basa Kuat (NaOH) + Aluminium Foil (Al),Tinggi
1,4,11.84,0.7,11.14,9.5,12.91,22.95,0.3409,59.1,1,Amonia (NH3),Pembersih Lantai (HCl),Amonia (NH3) + Pembersih Lantai (HCl),Sedang
2,4,2.45,0.67,1.77,3.55,10.6,22.93,0.9017,412.6,1,Cuka (CH3COOH),Pembersih Lantai (HCl),Cuka (CH3COOH) + Pembersih Lantai (HCl),Sedang
5,10,6.85,7.11,0.26,103.56,96.74,36.05,0.61,491.4,2,Air (H2O),Gas LPG (Propana/Butana),Air (H2O) + Gas LPG (Propana/Butana),Tinggi
1,4,11.52,0.46,11.06,12.88,10.33,31.28,0.9431,170.0,0,Amonia (NH3),Pembersih Lantai (HCl),Amonia (NH3) + Pembersih Lantai (HCl),Aman
0,6,12.46,6.67,5.79,7.46,68.57,23.7,0.1921,94.9,2,Pemutih (NaClO),Alkohol (Etanol),Pemutih (NaClO) + Alkohol (Etanol),Tinggi
4,5,0.85,6.92,6.07,10.23,97.55,29.34,0.5901,71.1,0,Pembersih Lantai (HCl),Air (H2O),Pembersih Lantai (HCl) + Air (H2O),Aman
5,9,6.92,7.41,0.49,99.47,9.4,22.94,0.1003,184.1,2,Air (H2O),Asap Pembakaran (CO),Air (H2O) + Asap Pembakaran (CO),Tinggi
5,6,7.11,7.5,0.39,98.85,73.09,38.25,0.5871,230.3,0,Air (H2O),Alkohol (Etanol),Air (H2O) + Alkohol (Etanol),Aman
5,9,7.12,6.37,0.75,101.74,12.86,27.74,0.7006,312.6,2,Air (H2O),Asap Pembakaran (CO),Air (H2O) + Asap Pembakaran (CO),Tinggi
2,5,3.0,6.89,3.89,5.99,96.66,27.57,0.8595,244.4,0,Cuka (CH3COOH),Air (H2O),Cuka (CH3COOH) + Air (H2O),Aman
0,5,12.73,6.94,5.79,5.04,102.73,24.62,0.257,212.7,0,Pemutih (NaClO),Air (H2O),Pemutih (NaClO) + Air (H2O),Aman
4,5,1.35,7.08,5.74,10.05,104.04,39.02,0.5603,131.6,0,Pembersih Lantai (HCl),Air (H2O),Pembersih Lantai (HCl) + Air (H2O),Aman
4,5,1.06,6.86,5.8,8.94,102.23,26.79,0.2491,360.1,0,Pembersih Lantai (HCl),Air (H2O),Pembersih Lantai (HCl) + Air (H2O),Aman
1,2,11.59,2.4,9.19,15.04,4.57,32.09,0.9658,490.8,0,Amonia (NH3),Cuka (CH3COOH),Amonia (NH3) + Cuka (CH3COOH),Aman
0,4,12.34,1.34,11.0,6.2,9.96,36.24,0.9229,476.2,2,Pemutih (NaClO),Pembersih Lantai (HCl),Pemutih (NaClO) + Pembersih Lantai (HCl),Tinggi
5,9,7.62,6.87,0.75,102.31,9.75,20.48,0.2499,246.3,2,Air (H2O),Asap Pembakaran (CO),Air (H2O) + Asap Pembakaran (CO),Tinggi
0,4,12.73,1.43,11.3,4.8,7.49,34.54,0.7918,248.5,2,Pemutih (NaClO),Pembersih Lantai (HCl),Pemutih (NaClO) + Pembersih Lantai (HCl),Tinggi
2,5,2.7,7.37,4.67,6.01,100.39,25.86,0.4944,68.9,0,Cuka (CH3COOH),Air (H2O),Cuka (CH3COOH) + Air (H2O),Aman
1,2,11.8,2.57,9.23,9.85,7.53,26.18,0.7007,437.8,1,Amonia (NH3),Cuka (CH3COOH),Amonia (NH3) + Cuka (CH3COOH),Sedang
7,8,14.62,6.69,7.93,18.65,96.97,37.99,0.3303,432.5,2,Basa Kuat (NaOH),Aluminium Foil (Al),Basa Kuat (NaOH) + Aluminium Foil (Al),Tinggi
3,4,6.54,0.6,5.94,14.39,9.7,29.41,0.5603,496.6,0,Sabun Cuci Piring,Pembersih Lantai (HCl),Sabun Cuci Piring + Pembersih Lantai (HCl),Aman
2,4,2.75,1.07,1.67,4.37,12.33,35.79,0.1939,380.0,1,Cuka (CH3COOH),Pembersih Lantai (HCl),Cuka (CH3COOH) + Pembersih Lantai (HCl),Sedang
3,5,6.91,6.79,0.12,13.91,100.38,27.42,0.462,202.6,0,Sabun Cuci Piring,Air (H2O),Sabun Cuci Piring + Air (H2O),Aman
0,2,12.29,2.21,10.08,4.65,3.05,29.43,0.2356,160.7,2,Pemutih (NaClO),Cuka (CH3COOH),Pemutih (NaClO) + Cuka (CH3COOH),Tinggi
3,4,7.2,0.93,6.27,13.34,6.28,23.09,0.0569,267.0,0,Sabun Cuci Piring,Pembersih Lantai (HCl),Sabun Cuci Piring + Pembersih Lantai (HCl),Aman
2,3,2.44,7.2,4.76,4.95,14.72,21.86,0.3029,274.1,1,Cuka (CH3COOH),Sabun Cuci Piring,Cuka (CH3COOH) + Sabun Cuci Piring,Sedang
3,5,7.06,6.66,0.4,16.66,99.46,39.42,0.345,383.8,0,Sabun Cuci Piring,Air (H2O),Sabun Cuci Piring + Air (H2O),Aman
2,3,2.28,6.83,4.55,3.27,15.56,23.46,0.6164,303.6,1,Cuka (CH3COOH),Sabun Cuci Piring,Cuka (CH3COOH) + Sabun Cuci Piring,Sedang
1,4,11.57,1.59,9.98,11.66,8.75,33.0,0.8764,223.9,0,Amonia (NH3),Pembersih Lantai (HCl),Amonia (NH3) + Pembersih Lantai (HCl),Aman
7,8,14.29,6.9,7.39,23.86,100.0,20.59,0.4398,279.9,2,Basa Kuat (NaOH),Aluminium Foil (Al),Basa Kuat (NaOH) + Aluminium Foil (Al),Tinggi
2,4,2.82,1.22,1.6,3.85,4.6,34.76,0.3416,499.8,1,Cuka (CH3COOH),Pembersih Lantai (HCl),Cuka (CH3COOH) + Pembersih Lantai (HCl),Sedang
2,5,2.85,6.95,4.1,3.79,98.02,35.57,0.8512,172.4,0,Cuka (CH3COOH),Air (H2O),Cuka (CH3COOH) + Air (H2O),Aman
0,3,12.86,7.4,5.45,3.34,15.86,36.2,0.1396,402.6,2,Pemutih (NaClO),Sabun Cuci Piring,Pemutih (NaClO) + Sabun Cuci Piring,Tinggi
1,2,11.78,2.79,8.99,8.24,8.64,32.63,0.7963,251.9,1,Amonia (NH3),Cuka (CH3COOH),Amonia (NH3) + Cuka (CH3COOH),Sedang
4,5,0.99,6.95,5.96,8.58,97.11,36.18,0.5427,54.4,0,Pembersih Lantai (HCl),Air (H2O),Pembersih Lantai (HCl) + Air (H2O),Aman
2,4,2.58,0.26,2.32,5.16,10.68,35.25,0.2232,248.8,2,Cuka (CH3COOH),Pembersih Lantai (HCl),Cuka (CH3COOH) + Pembersih Lantai (HCl),Tinggi
0,3,13.38,7.55,5.83,2.85,15.0,39.43,0.655,179.5,1,Pemutih (NaClO),Sabun Cuci Piring,Pemutih (NaClO) + Sabun Cuci Piring,Sedang
0,3,12.6,7.03,5.57,6.81,18.14,31.74,0.304,221.7,1,Pemutih (NaClO),Sabun Cuci Piring,Pemutih (NaClO) + Sabun Cuci Piring,Sedang
7,8,13.79,6.64,7.15,19.07,99.18,25.61,0.4136,371.3,2,Basa Kuat (NaOH),Aluminium Foil (Al),Basa Kuat (NaOH) + Aluminium Foil (Al),Tinggi
0,3,12.5,6.93,5.57,2.86,17.71,23.01,0.0445,364.2,1,Pemutih (NaClO),Sabun Cuci Piring,Pemutih (NaClO) + Sabun Cuci Piring,Sedang
3,4,7.11,1.44,5.67,15.47,9.58,32.84,0.1041,67.9,0,Sabun Cuci Piring,Pembersih Lantai (HCl),Sabun Cuci Piring + Pembersih Lantai (HCl),Aman
0,1,12.35,11.68,0.67,1.97,9.62,36.31,0.453,258.6,2,Pemutih (NaClO),Amonia (NH3),Pemutih (NaClO) + Amonia (NH3),Tinggi
5,10,7.07,7.45,0.38,100.05,102.25,25.18,0.3548,452.3,2,Air (H2O),Gas LPG (Propana/Butana),Air (H2O) + Gas LPG (Propana/Butana),Tinggi
2,4,2.56,1.29,1.27,9.92,7.21,24.54,0.0795,332.1,1,Cuka (CH3COOH),Pembersih Lantai (HCl),Cuka (CH3COOH) + Pembersih Lantai (HCl),Sedang
5,10,6.62,7.34,0.72,96.29,100.81,28.62,0.0524,496.6,2,Air (H2O),Gas LPG (Propana/Butana),Air (H2O) + Gas LPG (Propana/Butana),Tinggi
7,8,13.65,6.8,6.85,18.98,102.08,33.68,0.0766,213.4,2,Basa Kuat (NaOH),Aluminium Foil (Al),Basa Kuat (NaOH) + Aluminium Foil (Al),Tinggi
2,4,2.6,1.28,1.31,3.13,8.38,20.03,0.3531,436.0,1,Cuka (CH3COOH),Pembersih Lantai (HCl),Cuka (CH3COOH) + Pembersih Lantai (HCl),Sedang
1,5,11.2,7.48,3.72,11.08,101.48,36.38,0.012,413.1,0,Amonia (NH3),Air (H2O),Amonia (NH3) + Air (H2O),Aman
5,9,7.09,7.01,0.08,98.45,8.01,24.35,0.9859,371.5,2,Air (H2O),Asap Pembakaran (CO),Air (H2O) + Asap Pembakaran (CO),Tinggi
5,6,6.65,7.21,0.56,100.24,66.41,22.78,0.2016,209.3,0,Air (H2O),Alkohol (Etanol),Air (H2O) + Alkohol (Etanol),Aman
2,4,2.43,0.89,1.53,7.32,8.61,20.17,0.9684,316.5,2,Cuka (CH3COOH),Pembersih Lantai (HCl),Cuka (CH3COOH) + Pembersih Lantai (HCl),Tinggi
0,3,11.95,6.69,5.26,2.16,16.14,34.01,0.6074,58.9,1,Pemutih (NaClO),Sabun Cuci Piring,Pemutih (NaClO) + Sabun Cuci Piring,Sedang
0,2,12.69,2.1,10.59,4.83,1.64,22.31,0.1272,82.3,2,Pemutih (NaClO),Cuka (CH3COOH),Pemutih (NaClO) + Cuka (CH3COOH),Tinggi
7,8,13.72,7.19,6.53,19.05,102.35,20.84,0.3055,176.6,2,Basa Kuat (NaOH),Aluminium Foil (Al),Basa Kuat (NaOH) + Aluminium Foil (Al),Tinggi
2,5,2.51,6.41,3.9,5.08,99.19,31.17,0.2401,300.6,0,Cuka (CH3COOH),Air (H2O),Cuka (CH3COOH) + Air (H2O),Aman
1,5,11.47,7.04,4.43,11.14,101.62,21.47,0.1194,122.5,0,Amonia (NH3),Air (H2O),Amonia (NH3) + Air (H2O),Aman
2,5,2.74,6.97,4.23,3.93,97.53,37.76,0.8232,219.5,2,Cuka (CH3COOH),Air (H2O),Cuka (CH3COOH) + Air (H2O),Tinggi
2,5,2.36,7.07,4.71,5.14,100.64,32.56,0.4538,448.6,0,Cuka (CH3COOH),Air (H2O),Cuka (CH3COOH) + Air (H2O),Aman
0,5,12.56,7.33,5.22,3.82,99.99,27.66,0.4098,258.5,0,Pemutih (NaClO),Air (H2O),Pemutih (NaClO) + Air (H2O),Aman
1,3,11.25,7.82,3.44,10.9,16.3,25.18,0.4713,319.0,0,Amonia (NH3),Sabun Cuci Piring,Amonia (NH3) + Sabun Cuci Piring,Aman
3,5,7.02,7.25,0.22,17.16,99.34,24.3,0.9158,135.3,0,Sabun Cuci Piring,Air (H2O),Sabun Cuci Piring + Air (H2O),Aman
2,5,2.62,6.63,4.0,4.1,99.52,23.93,0.1811,298.8,0,Cuka (CH3COOH),Air (H2O),Cuka (CH3COOH) + Air (H2O),Aman
5,6,6.79,6.77,0.02,98.68,70.01,26.76,0.0436,457.2,0,Air (H2O),Alkohol (Etanol),Air (H2O) + Alkohol (Etanol),Aman
0,1,12.19,12.19,0.0,6.13,13.85,38.74,0.0973,405.3,2,Pemutih (NaClO),Amonia (NH3),Pemutih (NaClO) + Amonia (NH3),Tinggi
0,1,12.76,11.47,1.29,3.7,6.66,22.07,0.2797,291.9,2,Pemutih (NaClO),Amonia (NH3),Pemutih (NaClO) + Amonia (NH3),Tinggi
0,2,13.06,2.36,10.7,2.11,5.58,36.76,0.9597,322.5,2,Pemutih (NaClO),Cuka (CH3COOH),Pemutih (NaClO) + Cuka (CH3COOH),Tinggi
0,6,12.86,6.58,6.28,4.74,68.82,30.71,0.596,262.4,2,Pemutih (NaClO),Alkohol (Etanol),Pemutih (NaClO) + Alkohol (Etanol),Tinggi
2,5,1.69,7.2,5.51,5.3,99.58,25.6,0.8414,139.9,0,Cuka (CH3COOH),Air (H2O),Cuka (CH3COOH) + Air (H2O),Aman
1,4,11.52,1.35,10.17,11.6,9.56,24.76,0.1932,479.3,1,Amonia (NH3),Pembersih Lantai (HCl),Amonia (NH3) + Pembersih Lantai (HCl),Sedang
0,4,12.61,1.03,11.58,2.13,7.45,39.52,0.7072,389.6,2,Pemutih (NaClO),Pembersih Lantai (HCl),Pemutih (NaClO) + Pembersih Lantai (HCl),Tinggi
0,1,12.33,11.53,0.79,4.56,10.52,36.29,0.2744,494.9,2,Pemutih (NaClO),Amonia (NH3),Pemutih (NaClO) + Amonia (NH3),Tinggi
0,5,12.81,7.1,5.71,6.85,99.99,23.32,0.9009,320.8,0,Pemutih (NaClO),Air (H2O),Pemutih (NaClO) + Air (H2O),Aman
1,3,11.5,7.22,4.27,11.02,15.6,22.2,0.4664,300.2,0,Amonia (NH3),Sabun Cuci Piring,Amonia (NH3) + Sabun Cuci Piring,Aman
3,5,7.01,6.41,0.6,13.97,100.29,27.54,0.3075,423.9,0,Sabun Cuci Piring,Air (H2O),Sabun Cuci Piring + Air (H2O),Aman
0,5,12.77,6.63,6.14,5.65,100.89,22.93,0.6746,66.1,0,Pemutih (NaClO),Air (H2O),Pemutih (NaClO) + Air (H2O),Aman
1,4,11.92,1.49,10.43,9.72,10.91,37.2,0.0033,135.5,1,Amonia (NH3),Pembersih Lantai (HCl),Amonia (NH3) + Pembersih Lantai (HCl),Sedang
2,5,2.71,7.01,4.31,7.7,97.63,20.34,0.4377,351.0,0,Cuka (CH3COOH),Air (H2O),Cuka (CH3COOH) + Air (H2O),Aman
2,5,2.23,7.53,5.3,5.53,99.71,33.6,0.4013,101.4,0,Cuka (CH3COOH),Air (H2O),Cuka (CH3COOH) + Air (H2O),Aman
2,3,2.14,6.75,4.61,3.21,16.51,20.96,0.4057,330.4,1,Cuka (CH3COOH),Sabun Cuci Piring,Cuka (CH3COOH) + Sabun Cuci Piring,Sedang
1,2,11.72,2.65,9.08,9.72,7.75,29.31,0.7851,267.2,1,Amonia (NH3),Cuka (CH3COOH),Amonia (NH3) + Cuka (CH3COOH),Sedang
0,3,12.5,6.68,5.82,4.87,15.39,22.48,0.4925,171.5,1,Pemutih (NaClO),Sabun Cuci Piring,Pemutih (NaClO) + Sabun Cuci Piring,Sedang
5,10,7.0,6.99,0.01,98.32,103.48,36.13,0.7974,272.6,2,Air (H2O),Gas LPG (Propana/Butana),Air (H2O) + Gas LPG (Propana/Butana),Tinggi
0,1,12.69,11.24,1.45,4.11,8.0,31.58,0.0498,217.3,2,Pemutih (NaClO),Amonia (NH3),Pemutih (NaClO) + Amonia (NH3),Tinggi
1,5,11.02,6.91,4.11,10.73,99.65,26.33,0.7519,338.1,0,Amonia (NH3),Air (H2O),Amonia (NH3) + Air (H2O),Aman
1,2,11.96,2.46,9.5,10.69,5.14,35.36,0.4974,408.0,1,Amonia (NH3),Cuka (CH3COOH),Amonia (NH3) + Cuka (CH3COOH),Sedang
0,5,12.06,7.24,4.82,5.84,100.93,34.7,0.0394,409.2,0,Pemutih (NaClO),Air (H2O),Pemutih (NaClO) + Air (H2O),Aman
2,4,2.45,0.81,1.65,6.63,11.78,21.72,0.361,306.7,2,Cuka (CH3COOH),Pembersih Lantai (HCl),Cuka (CH3COOH) + Pembersih Lantai (HCl),Tinggi
5,10,7.31,7.18,0.13,100.45,99.74,20.99,0.5985,287.4,2,Air (H2O),Gas LPG (Propana/Butana),Air (H2O) + Gas LPG (Propana/Butana),Tinggi
1,4,11.68,0.71,10.96,8.06,9.19,38.05,0.9646,426.2,1,Amonia (NH3),Pembersih Lantai (HCl),Amonia (NH3) + Pembersih Lantai (HCl),Sedang
3,5,6.74,7.26,0.52,14.8,100.63,30.18,0.5526,198.1,0,Sabun Cuci Piring,Air (H2O),Sabun Cuci Piring + Air (H2O),Aman
0,1,12.58,11.32,1.26,3.25,8.05,30.37,0.2065,152.5,0,Pemutih (NaClO),Amonia (NH3),Pemutih (NaClO) + Amonia (NH3),Aman
0,6,12.74,7.34,5.4,5.3,70.75,35.14,0.1709,303.1,0,Pemutih (NaClO),Alkohol (Etanol),Pemutih (NaClO) + Alkohol (Etanol),Aman
0,3,12.64,6.65,5.98,3.36,12.97,25.88,0.1581,457.6,1,Pemutih (NaClO),Sabun Cuci Piring,Pemutih (NaClO) + Sabun Cuci Piring,Sedang
0,4,12.43,0.94,11.49,5.28,11.57,25.19,0.1035,281.0,2,Pemutih (NaClO),Pembersih Lantai (HCl),Pemutih (NaClO) + Pembersih Lantai (HCl),Tinggi
0,4,12.63,0.78,11.85,4.13,8.4,20.6,0.0832,474.9,2,Pemutih (NaClO),Pembersih Lantai (HCl),Pemutih (NaClO) + Pembersih Lantai (HCl),Tinggi
0,3,12.94,6.92,6.03,4.96,16.44,34.26,0.6073,470.8,1,Pemutih (NaClO),Sabun Cuci Piring,Pemutih (NaClO) + Sabun Cuci Piring,Sedang
2,3,2.22,7.16,4.94,9.59,16.64,26.03,0.7362,123.7,1,Cuka (CH3COOH),Sabun Cuci Piring,Cuka (CH3COOH) + Sabun Cuci Piring,Sedang
1,5,11.44,6.79,4.65,10.06,98.39,23.51,0.6494,391.0,0,Amonia (NH3),Air (H2O),Amonia (NH3) + Air (H2O),Aman
3,5,6.3,7.14,0.83,11.51,99.14,24.6,0.7568,408.9,0,Sabun Cuci Piring,Air (H2O),Sabun Cuci Piring + Air (H2O),Aman
5,9,7.35,6.76,0.59,100.66,9.36,36.35,0.7682,225.4,2,Air (H2O),Asap Pembakaran (CO),Air (H2O) + Asap Pembakaran (CO),Tinggi
2,5,2.63,6.51,3.88,4.42,102.02,28.42,0.6517,267.7,0,Cuka (CH3COOH),Air (H2O),Cuka (CH3COOH) + Air (H2O),Aman
0,2,12.65,2.95,9.7,6.73,2.94,21.95,0.5724,479.1,2,Pemutih (NaClO),Cuka (CH3COOH),Pemutih (NaClO) + Cuka (CH3COOH),Tinggi
1,5,11.35,7.05,4.3,10.07,101.94,33.91,0.7072,211.6,0,Amonia (NH3),Air (H2O),Amonia (NH3) + Air (H2O),Aman
2,5,2.38,6.74,4.35,3.2,98.99,36.05,0.2011,289.1,0,Cuka (CH3COOH),Air (H2O),Cuka (CH3COOH) + Air (H2O),Aman
5,6,6.95,6.86,0.09,100.23,71.5,32.42,0.4023,61.5,0,Air (H2O),Alkohol (Etanol),Air (H2O) + Alkohol (Etanol),Aman
7,8,14.26,6.94,7.33,21.54,100.9,20.01,0.3515,101.2,2,Basa Kuat (NaOH),Aluminium Foil (Al),Basa Kuat (NaOH) + Aluminium Foil (Al),Tinggi
2,3,2.74,7.33,4.6,6.15,16.75,28.11,0.5552,164.0,1,Cuka (CH3COOH),Sabun Cuci Piring,Cuka (CH3COOH) + Sabun Cuci Piring,Sedang
0,2,12.41,2.13,10.28,6.38,6.64,28.46,0.76,426.9,2,Pemutih (NaClO),Cuka (CH3COOH),Pemutih (NaClO) + Cuka (CH3COOH),Tinggi
1,3,11.77,6.52,5.25,11.79,18.92,27.32,0.1946,353.8,0,Amonia (NH3),Sabun Cuci Piring,Amonia (NH3) + Sabun Cuci Piring,Aman
5,6,7.08,6.83,0.26,99.5,69.68,24.28,0.9347,282.4,0,Air (H2O),Alkohol (Etanol),Air (H2O) + Alkohol (Etanol),Aman
0,4,13.12,0.74,12.38,4.66,7.95,26.69,0.4186,55.4,2,Pemutih (NaClO),Pembersih Lantai (HCl),Pemutih (NaClO) + Pembersih Lantai (HCl),Tinggi
4,5,1.35,7.4,6.05,11.72,98.72,28.42,0.9619,173.4,0,Pembersih Lantai (HCl),Air (H2O),Pembersih Lantai (HCl) + Air (H2O),Aman
1,4,11.34,1.12,10.22,13.09,7.93,24.38,0.644,464.7,1,Amonia (NH3),Pembersih Lantai (HCl),Amonia (NH3) + Pembersih Lantai (HCl),Sedang
3,4,6.78,0.8,5.97,15.24,12.83,27.94,0.8599,77.7,0,Sabun Cuci Piring,Pembersih Lantai (HCl),Sabun Cuci Piring + Pembersih Lantai (HCl),Aman
0,1,12.95,11.3,1.65,4.33,11.1,34.87,0.8612,63.1,2,Pemutih (NaClO),Amonia (NH3),Pemutih (NaClO) + Amonia (NH3),Tinggi
0,4,11.97,1.43,10.54,4.33,9.76,27.28,0.2644,52.7,2,Pemutih (NaClO),Pembersih Lantai (HCl),Pemutih (NaClO) + Pembersih Lantai (HCl),Tinggi
1,4,11.22,0.67,10.54,9.5,11.96,26.6,0.5066,209.2,1,Amonia (NH3),Pembersih Lantai (HCl),Amonia (NH3) + Pembersih Lantai (HCl),Sedang
5,10,7.21,6.82,0.39,101.99,103.26,35.98,0.989,128.8,2,Air (H2O),Gas LPG (Propana/Butana),Air (H2O) + Gas LPG (Propana/Butana),Tinggi
1,5,11.52,7.07,4.45,11.19,100.02,27.19,0.8172,90.2,0,Amonia (NH3),Air (H2O),Amonia (NH3) + Air (H2O),Aman
3,5,7.1,6.77,0.34,14.61,99.79,32.86,0.9027,101.3,0,Sabun Cuci Piring,Air (H2O),Sabun Cuci Piring + Air (H2O),Aman
3,5,7.45,7.24,0.21,14.32,97.49,21.05,0.6642,75.5,1,Sabun Cuci Piring,Air (H2O),Sabun Cuci Piring + Air (H2O),Sedang
0,5,12.42,6.84,5.58,4.11,100.31,38.95,0.0977,92.6,0,Pemutih (NaClO),Air (H2O),Pemutih (NaClO) + Air (H2O),Aman
0,3,13.07,6.57,6.49,3.37,16.39,25.58,0.7584,138.6,1,Pemutih (NaClO),Sabun Cuci Piring,Pemutih (NaClO) + Sabun Cuci Piring,Sedang
7,8,13.64,6.86,6.77,17.13,105.27,22.93,0.7919,259.3,2,Basa Kuat (NaOH),Aluminium Foil (Al),Basa Kuat (NaOH) + Aluminium Foil (Al),Tinggi
2,3,1.97,7.26,5.29,3.32,14.59,38.94,0.5027,262.5,1,Cuka (CH3COOH),Sabun Cuci Piring,Cuka (CH3COOH) + Sabun Cuci Piring,Sedang
1,2,10.97,2.35,8.63,11.31,4.35,23.11,0.6724,61.6,1,Amonia (NH3),Cuka (CH3COOH),Amonia (NH3) + Cuka (CH3COOH),Sedang
5,6,7.44,6.93,0.51,99.88,72.35,21.86,0.8825,351.9,0,Air (H2O),Alkohol (Etanol),Air (H2O) + Alkohol (Etanol),Aman
5,9,7.21,6.58,0.62,100.82,6.18,28.95,0.4819,474.2,2,Air (H2O),Asap Pembakaran (CO),Air (H2O) + Asap Pembakaran (CO),Tinggi
5,6,7.95,6.8,1.15,94.87,66.29,20.62,0.6863,269.2,0,Air (H2O),Alkohol (Etanol),Air (H2O) + Alkohol (Etanol),Aman
1,2,11.42,2.83,8.59,8.34,2.94,39.81,0.1519,258.5,1,Amonia (NH3),Cuka (CH3COOH),Amonia (NH3) + Cuka (CH3COOH),Sedang
1,2,11.63,2.51,9.12,8.71,7.66,33.49,0.3651,275.4,1,Amonia (NH3),Cuka (CH3COOH),Amonia (NH3) + Cuka (CH3COOH),Sedang
0,4,12.33,1.03,11.31,7.95,12.02,22.99,0.9223,154.8,2,Pemutih (NaClO),Pembersih Lantai (HCl),Pemutih (NaClO) + Pembersih Lantai (HCl),Tinggi
2,4,2.45,1.06,1.39,4.2,7.86,28.32,0.3116,404.3,1,Cuka (CH3COOH),Pembersih Lantai (HCl),Cuka (CH3COOH) + Pembersih Lantai (HCl),Sedang
0,6,12.33,6.8,5.53,3.91,70.08,33.11,0.4688,256.3,2,Pemutih (NaClO),Alkohol (Etanol),Pemutih (NaClO) + Alkohol (Etanol),Tinggi
0,4,12.21,1.12,11.09,3.28,7.83,32.34,0.8522,104.2,2,Pemutih (NaClO),Pembersih Lantai (HCl),Pemutih (NaClO) + Pembersih Lantai (HCl),Tinggi
0,1,12.41,11.43,0.98,7.05,11.94,34.99,0.2495,50.8,2,Pemutih (NaClO),Amonia (NH3),Pemutih (NaClO) + Amonia (NH3),Tinggi
5,9,6.94,6.53,0.41,100.74,9.6,39.15,0.8792,189.2,2,Air (H2O),Asap Pembakaran (CO),Air (H2O) + Asap Pembakaran (CO),Tinggi
0,3,12.3,6.92,5.38,7.53,14.57,38.23,0.3873,206.8,2,Pemutih (NaClO),Sabun Cuci Piring,Pemutih (NaClO) + Sabun Cuci Piring,Tinggi
0,6,13.33,6.97,6.36,6.09,71.35,27.46,0.714,353.2,2,Pemutih (NaClO),Alkohol (Etanol),Pemutih (NaClO) + Alkohol (Etanol),Tinggi
3,5,7.18,7.0,0.18,14.39,98.78,21.44,0.3371,466.7,0,Sabun Cuci Piring,Air (H2O),Sabun Cuci Piring + Air (H2O),Aman
7,8,14.38,6.75,7.63,17.52,102.54,26.2,0.2008,413.4,2,Basa Kuat (NaOH),Aluminium Foil (Al),Basa Kuat (NaOH) + Aluminium Foil (Al),Tinggi
1,4,10.7,1.09,9.61,13.82,10.52,39.9,0.1476,316.7,2,Amonia (NH3),Pembersih Lantai (HCl),Amonia (NH3) + Pembersih Lantai (HCl),Tinggi
1,4,11.51,0.87,10.64,10.01,9.72,20.09,0.7896,189.0,1,Amonia (NH3),Pembersih Lantai (HCl),Amonia (NH3) + Pembersih Lantai (HCl),Sedang
1,3,11.43,6.47,4.96,8.36,17.11,33.52,0.9288,113.6,0,Amonia (NH3),Sabun Cuci Piring,Amonia (NH3) + Sabun Cuci Piring,Aman
2,4,2.84,1.06,1.78,4.01,7.51,30.64,0.9682,409.6,0,Cuka (CH3COOH),Pembersih Lantai (HCl),Cuka (CH3COOH) + Pembersih Lantai (HCl),Aman
0,5,12.65,6.89,5.76,3.95,101.41,21.69,0.4086,419.3,0,Pemutih (NaClO),Air (H2O),Pemutih (NaClO) + Air (H2O),Aman
5,10,6.81,6.86,0.05,95.34,101.54,23.6,0.8029,310.8,2,Air (H2O),Gas LPG (Propana/Butana),Air (H2O) + Gas LPG (Propana/Butana),Tinggi
5,9,7.1,7.16,0.06,99.69,10.04,29.75,0.0824,378.7,2,Air (H2O),Asap Pembakaran (CO),Air (H2O) + Asap Pembakaran (CO),Tinggi
5,10,7.3,6.83,0.47,97.99,98.39,28.53,0.3117,244.8,2,Air (H2O),Gas LPG (Propana/Butana),Air (H2O) + Gas LPG (Propana/Butana),Tinggi
1,4,11.16,0.61,10.55,11.94,9.4,36.96,0.0112,338.5,1,Amonia (NH3),Pembersih Lantai (HCl),Amonia (NH3) + Pembersih Lantai (HCl),Sedang
2,5,2.19,7.12,4.93,2.02,100.0,23.8,0.6267,496.1,0,Cuka (CH3COOH),Air (H2O),Cuka (CH3COOH) + Air (H2O),Aman
0,4,12.43,0.49,11.95,5.04,9.56,21.45,0.5016,106.2,2,Pemutih (NaClO),Pembersih Lantai (HCl),Pemutih (NaClO) + Pembersih Lantai (HCl),Tinggi
5,10,7.41,6.33,1.08,99.51,98.45,39.83,0.221,219.1,2,Air (H2O),Gas LPG (Propana/Butana),Air (H2O) + Gas LPG (Propana/Butana),Tinggi
0,5,12.72,7.67,5.05,1.72,99.77,23.42,0.4057,245.8,0,Pemutih (NaClO),Air (H2O),Pemutih (NaClO) + Air (H2O),Aman
3,5,6.67,6.97,0.3,16.18,101.75,28.51,0.6031,307.8,0,Sabun Cuci Piring,Air (H2O),Sabun Cuci Piring + Air (H2O),Aman
2,5,2.56,6.36,3.8,2.73,98.27,37.1,0.742,425.9,0,Cuka (CH3COOH),Air (H2O),Cuka (CH3COOH) + Air (H2O),Aman
5,10,6.64,6.47,0.17,101.84,102.41,38.36,0.0131,303.5,2,Air (H2O),Gas LPG (Propana/Butana),Air (H2O) + Gas LPG (Propana/Butana),Tinggi
3,5,7.22,7.01,0.21,13.03,97.87,35.72,0.7959,246.2,0,Sabun Cuci Piring,Air (H2O),Sabun Cuci Piring + Air (H2O),Aman
3,4,6.69,0.45,6.24,13.3,12.06,36.64,0.0906,209.4,0,Sabun Cuci Piring,Pembersih Lantai (HCl),Sabun Cuci Piring + Pembersih Lantai (HCl),Aman
2,4,1.81,0.95,0.86,6.61,11.6,28.22,0.7814,56.6,1,Cuka (CH3COOH),Pembersih Lantai (HCl),Cuka (CH3COOH) + Pembersih Lantai (HCl),Sedang
0,2,12.39,2.06,10.33,8.0,3.11,39.62,0.2149,431.6,2,Pemutih (NaClO),Cuka (CH3COOH),Pemutih (NaClO) + Cuka (CH3COOH),Tinggi
2,4,2.38,0.81,1.56,4.25,10.15,29.08,0.3717,450.8,1,Cuka (CH3COOH),Pembersih Lantai (HCl),Cuka (CH3COOH) + Pembersih Lantai (HCl),Sedang
0,4,12.89,0.96,11.94,3.23,10.12,23.88,0.0912,198.2,2,Pemutih (NaClO),Pembersih Lantai (HCl),Pemutih (NaClO) + Pembersih Lantai (HCl),Tinggi
1,2,11.06,2.79,8.28,10.82,5.02,37.17,0.1394,483.4,2,Amonia (NH3),Cuka (CH3COOH),Amonia (NH3) + Cuka (CH3COOH),Tinggi
7,8,13.75,6.79,6.97,17.45,100.58,21.41,0.3479,490.5,2,Basa Kuat (NaOH),Aluminium Foil (Al),Basa Kuat (NaOH) + Aluminium Foil (Al),Tinggi
2,5,2.63,6.8,4.17,0.65,101.27,21.1,0.3184,303.0,0,Cuka (CH3COOH),Air (H2O),Cuka (CH3COOH) + Air (H2O),Aman
0,1,12.92,11.29,1.64,5.78,9.9,20.61,0.6948,470.6,2,Pemutih (NaClO),Amonia (NH3),Pemutih (NaClO) + Amonia (NH3),Tinggi
1,4,10.97,0.72,10.24,10.23,12.33,21.99,0.9567,383.6,1,Amonia (NH3),Pembersih Lantai (HCl),Amonia (NH3) + Pembersih Lantai (HCl),Sedang
3,4,7.61,0.94,6.67,16.19,10.07,30.2,0.943,229.4,0,Sabun Cuci Piring,Pembersih Lantai (HCl),Sabun Cuci Piring + Pembersih Lantai (HCl),Aman
5,9,6.65,7.34,0.69,97.11,13.24,31.37,0.6128,360.7,2,Air (H2O),Asap Pembakaran (CO),Air (H2O) + Asap Pembakaran (CO),Tinggi
1,4,11.46,1.22,10.24,11.68,11.09,34.81,0.0747,75.9,1,Amonia (NH3),Pembersih Lantai (HCl),Amonia (NH3) + Pembersih Lantai (HCl),Sedang
3,4,6.61,1.41,5.2,13.63,8.15,31.15,0.4124,126.0,0,Sabun Cuci Piring,Pembersih Lantai (HCl),Sabun Cuci Piring + Pembersih Lantai (HCl),Aman
4,5,1.15,7.42,6.27,11.55,100.31,20.44,0.3331,75.9,0,Pembersih Lantai (HCl),Air (H2O),Pembersih Lantai (HCl) + Air (H2O),Aman
0,1,12.97,11.72,1.25,9.44,10.03,21.14,0.4282,157.4,2,Pemutih (NaClO),Amonia (NH3),Pemutih (NaClO) + Amonia (NH3),Tinggi
3,4,6.49,1.45,5.04,14.08,9.48,29.92,0.1698,342.1,0,Sabun Cuci Piring,Pembersih Lantai (HCl),Sabun Cuci Piring + Pembersih Lantai (HCl),Aman
5,6,6.78,7.22,0.43,101.93,69.83,37.58,0.0673,236.3,0,Air (H2O),Alkohol (Etanol),Air (H2O) + Alkohol (Etanol),Aman
1,3,11.58,6.99,4.59,10.32,16.6,31.6,0.8497,483.6,0,Amonia (NH3),Sabun Cuci Piring,Amonia (NH3) + Sabun Cuci Piring,Aman
5,6,7.38,7.5,0.12,103.22,70.83,34.79,0.0568,379.1,0,Air (H2O),Alkohol (Etanol),Air (H2O) + Alkohol (Etanol),Aman
0,3,12.85,7.17,5.68,4.86,17.49,37.91,0.7321,116.9,2,Pemutih (NaClO),Sabun Cuci Piring,Pemutih (NaClO) + Sabun Cuci Piring,Tinggi
4,5,0.79,7.14,6.35,10.56,101.48,26.98,0.5653,84.6,0,Pembersih Lantai (HCl),Air (H2O),Pembersih Lantai (HCl) + Air (H2O),Aman
5,6,6.69,6.53,0.15,97.9,71.9,21.5,0.7392,129.6,0,Air (H2O),Alkohol (Etanol),Air (H2O) + Alkohol (Etanol),Aman
2,4,2.99,0.68,2.31,7.0,11.49,34.41,0.2969,93.5,2,Cuka (CH3COOH),Pembersih Lantai (HCl),Cuka (CH3COOH) + Pembersih Lantai (HCl),Tinggi
4,5,1.46,7.13,5.67,12.98,100.82,21.98,0.8781,291.5,0,Pembersih Lantai (HCl),Air (H2O),Pembersih Lantai (HCl) + Air (H2O),Aman
0,4,12.48,0.39,12.09,1.96,10.19,22.56,0.9298,193.5,2,Pemutih (NaClO),Pembersih Lantai (HCl),Pemutih (NaClO) + Pembersih Lantai (HCl),Tinggi
2,5,2.52,7.06,4.54,5.2,99.46,24.49,0.3552,489.5,0,Cuka (CH3COOH),Air (H2O),Cuka (CH3COOH) + Air (H2O),Aman
0,2,12.18,2.95,9.23,1.81,2.33,31.62,0.5152,286.0,2,Pemutih (NaClO),Cuka (CH3COOH),Pemutih (NaClO) + Cuka (CH3COOH),Tinggi
2,5,2.42,6.79,4.37,2.61,100.27,22.36,0.4757,229.9,0,Cuka (CH3COOH),Air (H2O),Cuka (CH3COOH) + Air (H2O),Aman
0,3,12.42,7.38,5.04,2.53,14.9,27.8,0.6654,391.4,1,Pemutih (NaClO),Sabun Cuci Piring,Pemutih (NaClO) + Sabun Cuci Piring,Sedang
0,2,12.72,2.31,10.41,6.69,1.39,35.48,0.2963,356.7,2,Pemutih (NaClO),Cuka (CH3COOH),Pemutih (NaClO) + Cuka (CH3COOH),Tinggi
0,1,12.48,12.04,0.44,1.86,8.21,20.39,0.2267,369.3,2,Pemutih (NaClO),Amonia (NH3),Pemutih (NaClO) + Amonia (NH3),Tinggi
2,3,2.56,7.01,4.45,3.42,15.68,25.84,0.8481,498.9,1,Cuka (CH3COOH),Sabun Cuci Piring,Cuka (CH3COOH) + Sabun Cuci Piring,Sedang
5,9,6.42,6.85,0.42,99.39,10.64,25.67,0.8608,239.7,2,Air (H2O),Asap Pembakaran (CO),Air (H2O) + Asap Pembakaran (CO),Tinggi
3,4,6.51,0.78,5.73,15.23,6.88,21.08,0.5208,417.5,0,Sabun Cuci Piring,Pembersih Lantai (HCl),Sabun Cuci Piring + Pembersih Lantai (HCl),Aman
4,5,1.14,7.37,6.23,9.69,102.88,36.63,0.5038,92.3,0,Pembersih Lantai (HCl),Air (H2O),Pembersih Lantai (HCl) + Air (H2O),Aman
2,3,2.36,7.49,5.14,7.41,16.01,36.38,0.6918,104.2,2,Cuka (CH3COOH),Sabun Cuci Piring,Cuka (CH3COOH) + Sabun Cuci Piring,Tinggi
5,9,7.49,7.01,0.48,98.4,6.24,27.84,0.3306,422.1,2,Air (H2O),Asap Pembakaran (CO),Air (H2O) + Asap Pembakaran (CO),Tinggi
2,5,3.04,7.1,4.06,3.15,100.7,23.31,0.704,113.0,0,Cuka (CH3COOH),Air (H2O),Cuka (CH3COOH) + Air (H2O),Aman
1,4,10.9,1.14,9.76,11.39,8.46,24.11,0.2805,243.2,1,Amonia (NH3),Pembersih Lantai (HCl),Amonia (NH3) + Pembersih Lantai (HCl),Sedang
1,4,11.75,1.35,10.4,9.48,12.33,24.27,0.3391,280.9,1,Amonia (NH3),Pembersih Lantai (HCl),Amonia (NH3) + Pembersih Lantai (HCl),Sedang
1,5,11.41,6.78,4.63,6.91,98.27,32.2,0.0463,377.4,0,Amonia (NH3),Air (H2O),Amonia (NH3) + Air (H2O),Aman
5,10,6.26,7.13,0.87,102.95,100.74,31.21,0.4021,158.3,2,Air (H2O),Gas LPG (Propana/Butana),Air (H2O) + Gas LPG (Propana/Butana),Tinggi
1,2,11.41,2.04,9.37,9.69,3.28,35.84,0.4483,479.6,1,Amonia (NH3),Cuka (CH3COOH),Amonia (NH3) + Cuka (CH3COOH),Sedang
1,5,11.84,7.43,4.41,7.49,101.16,38.47,0.6267,233.7,0,Amonia (NH3),Air (H2O),Amonia (NH3) + Air (H2O),Aman
2,3,2.1,6.91,4.82,2.7,16.04,38.68,0.1045,378.3,2,Cuka (CH3COOH),Sabun Cuci Piring,Cuka (CH3COOH) + Sabun Cuci Piring,Tinggi
7,8,13.95,7.0,6.95,20.64,97.85,39.51,0.3496,166.2,2,Basa Kuat (NaOH),Aluminium Foil (Al),Basa Kuat (NaOH) + Aluminium Foil (Al),Tinggi
1,2,11.24,2.11,9.13,7.56,3.02,27.14,0.2707,350.4,1,Amonia (NH3),Cuka (CH3COOH),Amonia (NH3) + Cuka (CH3COOH),Sedang
2,5,3.02,6.99,3.97,6.28,100.43,39.42,0.6904,96.1,0,Cuka (CH3COOH),Air (H2O),Cuka (CH3COOH) + Air (H2O),Aman
3,4,6.94,1.35,5.59,14.71,13.2,29.64,0.8994,316.1,0,Sabun Cuci Piring,Pembersih Lantai (HCl),Sabun Cuci Piring + Pembersih Lantai (HCl),Aman
3,5,7.61,7.1,0.52,16.29,98.29,23.14,0.6476,222.0,0,Sabun Cuci Piring,Air (H2O),Sabun Cuci Piring + Air (H2O),Aman
1,5,11.87,6.59,5.28,7.04,100.32,20.54,0.5938,177.5,0,Amonia (NH3),Air (H2O),Amonia (NH3) + Air (H2O),Aman
3,5,6.77,6.86,0.1,18.0,98.21,22.6,0.6346,197.6,0,Sabun Cuci Piring,Air (H2O),Sabun Cuci Piring + Air (H2O),Aman
5,9,6.86,6.96,0.11,101.63,10.34,29.39,0.7531,405.5,2,Air (H2O),Asap Pembakaran (CO),Air (H2O) + Asap Pembakaran (CO),Tinggi
0,1,12.28,11.17,1.11,6.28,9.65,34.94,0.7336,460.5,2,Pemutih (NaClO),Amonia (NH3),Pemutih (NaClO) + Amonia (NH3),Tinggi
5,6,7.18,7.15,0.03,101.56,69.88,22.66,0.7918,244.8,0,Air (H2O),Alkohol (Etanol),Air (H2O) + Alkohol (Etanol),Aman
3,5,7.09,7.06,0.03,16.74,100.63,32.09,0.8653,168.7,0,Sabun Cuci Piring,Air (H2O),Sabun Cuci Piring + Air (H2O),Aman
2,4,2.09,0.59,1.5,6.61,9.24,26.18,0.5469,108.1,1,Cuka (CH3COOH),Pembersih Lantai (HCl),Cuka (CH3COOH) + Pembersih Lantai (HCl),Sedang
2,5,2.42,7.47,5.05,4.49,101.2,34.73,0.1558,171.3,0,Cuka (CH3COOH),Air (H2O),Cuka (CH3COOH) + Air (H2O),Aman
2,5,2.84,7.46,4.63,8.67,102.12,33.29,0.3101,250.8,0,Cuka (CH3COOH),Air (H2O),Cuka (CH3COOH) + Air (H2O),Aman
1,4,11.74,0.95,10.78,9.91,6.95,27.19,0.937,256.7,0,Amonia (NH3),Pembersih Lantai (HCl),Amonia (NH3) + Pembersih Lantai (HCl),Aman
7,8,14.43,7.23,7.19,19.13,98.46,20.78,0.5309,304.4,2,Basa Kuat (NaOH),Aluminium Foil (Al),Basa Kuat (NaOH) + Aluminium Foil (Al),Tinggi
1,4,11.68,0.58,11.1,10.5,9.88,36.94,0.802,90.6,2,Amonia (NH3),Pembersih Lantai (HCl),Amonia (NH3) + Pembersih Lantai (HCl),Tinggi
2,3,2.37,6.84,4.47,7.94,14.89,21.19,0.9264,193.6,0,Cuka (CH3COOH),Sabun Cuci Piring,Cuka (CH3COOH) + Sabun Cuci Piring,Aman
4,5,1.0,7.45,6.45,9.94,100.03,32.98,0.9564,414.8,0,Pembersih Lantai (HCl),Air (H2O),Pembersih Lantai (HCl) + Air (H2O),Aman
4,5,0.91,7.61,6.7,11.9,98.15,24.03,0.8886,355.0,0,Pembersih Lantai (HCl),Air (H2O),Pembersih Lantai (HCl) + Air (H2O),Aman
1,2,11.54,2.81,8.73,6.63,3.51,31.59,0.6617,185.1,1,Amonia (NH3),Cuka (CH3COOH),Amonia (NH3) + Cuka (CH3COOH),Sedang
2,3,2.16,7.47,5.31,4.83,13.9,39.99,0.1954,53.6,1,Cuka (CH3COOH),Sabun Cuci Piring,Cuka (CH3COOH) + Sabun Cuci Piring,Sedang
2,4,2.54,0.74,1.81,3.91,12.58,25.6,0.6596,346.2,1,Cuka (CH3COOH),Pembersih Lantai (HCl),Cuka (CH3COOH) + Pembersih Lantai (HCl),Sedang
5,6,6.63,6.93,0.3,99.35,72.82,30.3,0.0847,327.5,0,Air (H2O),Alkohol (Etanol),Air (H2O) + Alkohol (Etanol),Aman
5,10,7.11,6.75,0.36,96.79,99.25,24.52,0.0189,238.3,2,Air (H2O),Gas LPG (Propana/Butana),Air (H2O) + Gas LPG (Propana/Butana),Tinggi
1,5,11.85,7.04,4.81,10.13,101.81,36.15,0.6989,322.0,0,Amonia (NH3),Air (H2O),Amonia (NH3) + Air (H2O),Aman
2,4,2.69,1.07,1.62,0.5,9.39,38.93,0.1678,167.8,2,Cuka (CH3COOH),Pembersih Lantai (HCl),Cuka (CH3COOH) + Pembersih Lantai (HCl),Tinggi
5,6,7.24,7.04,0.2,103.99,69.33,20.79,0.2798,75.7,0,Air (H2O),Alkohol (Etanol),Air (H2O) + Alkohol (Etanol),Aman
2,3,2.05,7.44,5.39,5.43,15.13,33.83,0.6595,56.2,1,Cuka (CH3COOH),Sabun Cuci Piring,Cuka (CH3COOH) + Sabun Cuci Piring,Sedang
0,4,11.94,1.21,10.73,6.88,12.85,34.56,0.6533,123.3,2,Pemutih (NaClO),Pembersih Lantai (HCl),Pemutih (NaClO) + Pembersih Lantai (HCl),Tinggi
0,6,12.5,6.76,5.74,5.8,71.99,35.61,0.7,486.8,2,Pemutih (NaClO),Alkohol (Etanol),Pemutih (NaClO) + Alkohol (Etanol),Tinggi
1,3,11.64,6.97,4.68,9.27,15.71,25.56,0.0634,397.6,0,Amonia (NH3),Sabun Cuci Piring,Amonia (NH3) + Sabun Cuci Piring,Aman
1,3,11.21,6.44,4.77,12.15,15.24,31.97,0.5244,373.6,0,Amonia (NH3),Sabun Cuci Piring,Amonia (NH3) + Sabun Cuci Piring,Aman
3,5,6.87,6.34,0.53,14.45,100.49,37.91,0.0224,301.6,0,Sabun Cuci Piring,Air (H2O),Sabun Cuci Piring + Air (H2O),Aman
1,4,11.64,0.83,10.81,9.46,6.72,36.6,0.9945,242.9,2,Amonia (NH3),Pembersih Lantai (HCl),Amonia (NH3) + Pembersih Lantai (HCl),Tinggi
4,5,0.6,7.11,6.52,10.32,98.83,35.96,0.0373,412.8,1,Pembersih Lantai (HCl),Air (H2O),Pembersih Lantai (HCl) + Air (H2O),Sedang
2,4,2.21,1.29,0.92,4.7,9.49,30.22,0.9152,72.3,0,Cuka (CH3COOH),Pembersih Lantai (HCl),Cuka (CH3COOH) + Pembersih Lantai (HCl),Aman
1,3,11.68,7.85,3.83,9.38,17.14,38.51,0.7701,493.2,0,Amonia (NH3),Sabun Cuci Piring,Amonia (NH3) + Sabun Cuci Piring,Aman
5,9,6.79,7.22,0.42,102.96,9.28,23.5,0.9206,69.8,2,Air (H2O),Asap Pembakaran (CO),Air (H2O) + Asap Pembakaran (CO),Tinggi
0,6,12.18,7.41,4.77,4.49,68.59,34.41,0.8203,349.8,2,Pemutih (NaClO),Alkohol (Etanol),Pemutih (NaClO) + Alkohol (Etanol),Tinggi
5,9,7.15,7.43,0.28,102.36,7.5,24.79,0.0002,411.3,2,Air (H2O),Asap Pembakaran (CO),Air (H2O) + Asap Pembakaran (CO),Tinggi
1,4,11.39,1.09,10.3,11.08,7.39,31.97,0.6894,385.9,1,Amonia (NH3),Pembersih Lantai (HCl),Amonia (NH3) + Pembersih Lantai (HCl),Sedang
4,5,0.56,6.91,6.35,10.09,98.18,26.04,0.1644,241.6,0,Pembersih Lantai (HCl),Air (H2O),Pembersih Lantai (HCl) + Air (H2O),Aman
3,5,7.16,6.57,0.59,17.86,102.33,30.68,0.2607,258.3,0,Sabun Cuci Piring,Air (H2O),Sabun Cuci Piring + Air (H2O),Aman
1,5,11.46,7.3,4.16,9.79,101.14,37.34,0.1309,336.6,0,Amonia (NH3),Air (H2O),Amonia (NH3) + Air (H2O),Aman
4,5,0.44,6.77,6.33,8.96,98.64,31.71,0.3378,226.8,0,Pembersih Lantai (HCl),Air (H2O),Pembersih Lantai (HCl) + Air (H2O),Aman
0,4,13.07,1.27,11.8,5.41,10.37,31.14,0.7856,298.0,2,Pemutih (NaClO),Pembersih Lantai (HCl),Pemutih (NaClO) + Pembersih Lantai (HCl),Tinggi
1,5,11.73,7.13,4.6,12.49,95.83,24.16,0.0677,201.7,0,Amonia (NH3),Air (H2O),Amonia (NH3) + Air (H2O),Aman
4,5,1.44,6.73,5.29,6.97,98.65,26.72,0.9792,128.7,0,Pembersih Lantai (HCl),Air (H2O),Pembersih Lantai (HCl) + Air (H2O),Aman
0,1,13.07,11.34,1.73,6.52,8.4,33.25,0.1106,428.0,2,Pemutih (NaClO),Amonia (NH3),Pemutih (NaClO) + Amonia (NH3),Tinggi
0,3,12.7,6.83,5.88,2.17,15.61,30.04,0.6985,253.7,1,Pemutih (NaClO),Sabun Cuci Piring,Pemutih (NaClO) + Sabun Cuci Piring,Sedang
1,4,11.89,1.04,10.85,10.74,9.16,23.54,0.6272,311.1,1,Amonia (NH3),Pembersih Lantai (HCl),Amonia (NH3) + Pembersih Lantai (HCl),Sedang
1,3,11.63,6.6,5.03,12.48,13.6,34.0,0.654,367.9,0,Amonia (NH3),Sabun Cuci Piring,Amonia (NH3) + Sabun Cuci Piring,Aman
7,8,13.51,7.43,6.08,23.73,100.42,38.8,0.514,486.4,2,Basa Kuat (NaOH),Aluminium Foil (Al),Basa Kuat (NaOH) + Aluminium Foil (Al),Tinggi
3,5,6.95,7.02,0.07,16.43,100.85,37.16,0.7325,220.3,0,Sabun Cuci Piring,Air (H2O),Sabun Cuci Piring + Air (H2O),Aman
1,3,10.85,7.13,3.72,11.04,15.22,30.5,0.7862,293.2,0,Amonia (NH3),Sabun Cuci Piring,Amonia (NH3) + Sabun Cuci Piring,Aman
1,3,11.21,7.17,4.04,10.43,15.25,26.17,0.4868,323.3,0,Amonia (NH3),Sabun Cuci Piring,Amonia (NH3) + Sabun Cuci Piring,Aman
3,5,7.21,7.05,0.16,11.84,98.52,38.48,0.703,457.8,0,Sabun Cuci Piring,Air (H2O),Sabun Cuci Piring + Air (H2O),Aman
0,1,12.49,11.21,1.28,8.19,7.92,28.85,0.216,185.1,2,Pemutih (NaClO),Amonia (NH3),Pemutih (NaClO) + Amonia (NH3),Tinggi
1,4,10.91,0.84,10.07,11.23,12.11,26.31,0.0357,175.8,1,Amonia (NH3),Pembersih Lantai (HCl),Amonia (NH3) + Pembersih Lantai (HCl),Sedang
0,3,12.4,6.62,5.78,3.59,14.66,29.25,0.4065,258.5,1,Pemutih (NaClO),Sabun Cuci Piring,Pemutih (NaClO) + Sabun Cuci Piring,Sedang
3,4,7.37,0.53,6.84,11.3,10.9,29.81,0.723,302.2,0,Sabun Cuci Piring,Pembersih Lantai (HCl),Sabun Cuci Piring + Pembersih Lantai (HCl),Aman
1,3,11.21,7.09,4.12,10.8,11.58,25.08,0.0233,438.8,2,Amonia (NH3),Sabun Cuci Piring,Amonia (NH3) + Sabun Cuci Piring,Tinggi
2,4,2.55,0.67,1.89,5.23,11.54,35.41,0.7184,383.8,1,Cuka (CH3COOH),Pembersih Lantai (HCl),Cuka (CH3COOH) + Pembersih Lantai (HCl),Sedang
2,3,1.94,6.84,4.89,5.09,12.9,36.68,0.4641,77.1,1,Cuka (CH3COOH),Sabun Cuci Piring,Cuka (CH3COOH) + Sabun Cuci Piring,Sedang
5,6,7.66,7.03,0.63,101.62,73.96,35.1,0.5544,472.2,0,Air (H2O),Alkohol (Etanol),Air (H2O) + Alkohol (Etanol),Aman
1,3,11.62,6.8,4.82,10.82,14.66,35.19,0.7328,495.2,0,Amonia (NH3),Sabun Cuci Piring,Amonia (NH3) + Sabun Cuci Piring,Aman
1,3,11.05,6.99,4.06,9.18,12.48,38.14,0.7162,177.7,0,Amonia (NH3),Sabun Cuci Piring,Amonia (NH3) + Sabun Cuci Piring,Aman
0,5,12.21,7.0,5.21,7.25,100.85,24.99,0.3451,336.3,0,Pemutih (NaClO),Air (H2O),Pemutih (NaClO) + Air (H2O),Aman
1,5,11.46,6.69,4.77,11.88,95.83,29.11,0.5383,335.6,0,Amonia (NH3),Air (H2O),Amonia (NH3) + Air (H2O),Aman
5,10,6.81,7.06,0.25,100.29,101.99,22.67,0.5797,228.1,2,Air (H2O),Gas LPG (Propana/Butana),Air (H2O) + Gas LPG (Propana/Butana),Tinggi
1,5,11.12,7.32,3.81,9.37,97.88,25.34,0.8137,491.2,0,Amonia (NH3),Air (H2O),Amonia (NH3) + Air (H2O),Aman
1,2,11.57,1.54,10.04,13.19,0.5,24.07,0.9037,389.5,0,Amonia (NH3),Cuka (CH3COOH),Amonia (NH3) + Cuka (CH3COOH),Aman
0,1,12.19,12.08,0.11,4.97,9.64,22.52,0.7782,195.8,2,Pemutih (NaClO),Amonia (NH3),Pemutih (NaClO) + Amonia (NH3),Tinggi
0,4,12.24,0.54,11.7,6.86,9.77,38.94,0.2013,310.3,2,Pemutih (NaClO),Pembersih Lantai (HCl),Pemutih (NaClO) + Pembersih Lantai (HCl),Tinggi
5,9,6.87,6.95,0.08,98.76,11.19,34.03,0.2753,154.8,2,Air (H2O),Asap Pembakaran (CO),Air (H2O) + Asap Pembakaran (CO),Tinggi
1,4,11.41,1.05,10.36,10.43,8.15,20.45,0.4642,406.0,1,Amonia (NH3),Pembersih Lantai (HCl),Amonia (NH3) + Pembersih Lantai (HCl),Sedang
0,3,12.66,7.01,5.65,2.42,17.41,24.33,0.4995,331.0,1,Pemutih (NaClO),Sabun Cuci Piring,Pemutih (NaClO) + Sabun Cuci Piring,Sedang
2,3,2.85,7.01,4.16,4.1,16.6,37.29,0.0257,351.9,2,Cuka (CH3COOH),Sabun Cuci Piring,Cuka (CH3COOH) + Sabun Cuci Piring,Tinggi
0,4,12.46,1.19,11.27,3.06,6.78,29.93,0.2456,50.1,2,Pemutih (NaClO),Pembersih Lantai (HCl),Pemutih (NaClO) + Pembersih Lantai (HCl),Tinggi
5,10,6.62,6.37,0.25,97.8,102.99,29.86,0.6619,377.0,2,Air (H2O),Gas LPG (Propana/Butana),Air (H2O) + Gas LPG (Propana/Butana),Tinggi
0,6,12.39,7.33,5.06,4.45,70.44,30.58,0.4338,264.1,2,Pemutih (NaClO),Alkohol (Etanol),Pemutih (NaClO) + Alkohol (Etanol),Tinggi
1,5,11.0,7.37,3.63,10.67,98.97,23.43,0.5935,400.4,0,Amonia (NH3),Air (H2O),Amonia (NH3) + Air (H2O),Aman
0,2,12.56,2.86,9.7,5.43,6.26,29.25,0.5285,194.1,2,Pemutih (NaClO),Cuka (CH3COOH),Pemutih (NaClO) + Cuka (CH3COOH),Tinggi
2,3,2.52,7.41,4.89,3.98,17.71,20.79,0.9462,87.2,1,Cuka (CH3COOH),Sabun Cuci Piring,Cuka (CH3COOH) + Sabun Cuci Piring,Sedang
1,4,11.5,0.78,10.72,9.31,6.2,24.96,0.2744,419.9,1,Amonia (NH3),Pembersih Lantai (HCl),Amonia (NH3) + Pembersih Lantai (HCl),Sedang
2,4,2.49,1.18,1.3,5.58,8.39,39.21,0.9381,456.3,2,Cuka (CH3COOH),Pembersih Lantai (HCl),Cuka (CH3COOH) + Pembersih Lantai (HCl),Tinggi
5,6,7.27,6.62,0.65,101.52,68.95,27.68,0.4725,145.1,0,Air (H2O),Alkohol (Etanol),Air (H2O) + Alkohol (Etanol),Aman
1,5,11.44,6.73,4.71,5.88,99.66,24.78,0.9538,336.1,0,Amonia (NH3),Air (H2O),Amonia (NH3) + Air (H2O),Aman
3,5,6.99,6.82,0.17,15.89,98.6,35.93,0.5603,134.6,0,Sabun Cuci Piring,Air (H2O),Sabun Cuci Piring + Air (H2O),Aman
0,3,12.21,6.74,5.47,7.5,15.86,27.15,0.4243,225.1,2,Pemutih (NaClO),Sabun Cuci Piring,Pemutih (NaClO) + Sabun Cuci Piring,Tinggi
3,5,6.69,6.9,0.21,15.34,98.97,20.89,0.1594,480.9,0,Sabun Cuci Piring,Air (H2O),Sabun Cuci Piring + Air (H2O),Aman
5,9,7.2,6.52,0.68,102.9,11.53,22.87,0.4045,65.0,2,Air (H2O),Asap Pembakaran (CO),Air (H2O) + Asap Pembakaran (CO),Tinggi
4,5,1.04,7.1,6.06,9.59,98.02,37.03,0.6429,238.3,2,Pembersih Lantai (HCl),Air (H2O),Pembersih Lantai (HCl) + Air (H2O),Tinggi
0,2,12.41,2.33,10.08,5.35,3.65,23.72,0.5537,449.2,2,Pemutih (NaClO),Cuka (CH3COOH),Pemutih (NaClO) + Cuka (CH3COOH),Tinggi
0,3,12.75,6.94,5.8,4.67,15.85,30.53,0.5662,129.3,1,Pemutih (NaClO),Sabun Cuci Piring,Pemutih (NaClO) + Sabun Cuci Piring,Sedang
0,3,12.65,7.21,5.44,3.71,12.28,39.11,0.5592,386.5,1,Pemutih (NaClO),Sabun Cuci Piring,Pemutih (NaClO) + Sabun Cuci Piring,Sedang
0,1,11.92,11.64,0.28,0.5,10.74,30.55,0.5523,90.3,2,Pemutih (NaClO),Amonia (NH3),Pemutih (NaClO) + Amonia (NH3),Tinggi
0,5,12.67,7.35,5.32,4.12,99.75,36.04,0.3489,57.9,0,Pemutih (NaClO),Air (H2O),Pemutih (NaClO) + Air (H2O),Aman
3,4,7.12,1.21,5.91,16.29,12.44,30.39,0.9797,362.7,0,Sabun Cuci Piring,Pembersih Lantai (HCl),Sabun Cuci Piring + Pembersih Lantai (HCl),Aman
2,4,2.96,1.28,1.68,3.21,11.92,21.88,0.7631,140.9,1,Cuka (CH3COOH),Pembersih Lantai (HCl),Cuka (CH3COOH) + Pembersih Lantai (HCl),Sedang
2,5,2.31,6.92,4.6,6.87,99.29,26.05,0.7154,345.9,0,Cuka (CH3COOH),Air (H2O),Cuka (CH3COOH) + Air (H2O),Aman
0,5,12.42,6.66,5.75,7.28,103.27,37.05,0.9718,349.4,0,Pemutih (NaClO),Air (H2O),Pemutih (NaClO) + Air (H2O),Aman
0,2,12.68,2.28,10.41,3.68,8.27,36.21,0.1112,68.4,2,Pemutih (NaClO),Cuka (CH3COOH),Pemutih (NaClO) + Cuka (CH3COOH),Tinggi
7,8,14.7,7.18,7.52,22.67,100.72,30.32,0.8805,156.0,2,Basa Kuat (NaOH),Aluminium Foil (Al),Basa Kuat (NaOH) + Aluminium Foil (Al),Tinggi
0,3,12.56,6.26,6.3,4.32,17.47,22.16,0.5377,418.8,1,Pemutih (NaClO),Sabun Cuci Piring,Pemutih (NaClO) + Sabun Cuci Piring,Sedang
0,4,12.25,0.76,11.49,6.6,11.1,31.31,0.566,148.1,2,Pemutih (NaClO),Pembersih Lantai (HCl),Pemutih (NaClO) + Pembersih Lantai (HCl),Tinggi
3,4,7.52,1.38,6.14,16.22,7.61,28.68,0.3423,145.7,0,Sabun Cuci Piring,Pembersih Lantai (HCl),Sabun Cuci Piring + Pembersih Lantai (HCl),Aman
0,1,12.55,11.38,1.18,3.51,13.36,32.89,0.72,319.9,2,Pemutih (NaClO),Amonia (NH3),Pemutih (NaClO) + Amonia (NH3),Tinggi
3,5,7.25,6.99,0.26,15.44,97.06,31.05,0.58,193.8,0,Sabun Cuci Piring,Air (H2O),Sabun Cuci Piring + Air (H2O),Aman
0,5,12.59,6.85,5.74,6.51,98.52,30.54,0.4373,360.8,0,Pemutih (NaClO),Air (H2O),Pemutih (NaClO) + Air (H2O),Aman
5,6,7.04,6.49,0.55,99.28,72.1,32.45,0.4201,444.5,0,Air (H2O),Alkohol (Etanol),Air (H2O) + Alkohol (Etanol),Aman
0,5,12.5,7.31,5.19,6.3,100.36,32.99,0.5698,80.1,0,Pemutih (NaClO),Air (H2O),Pemutih (NaClO) + Air (H2O),Aman
5,9,7.17,7.23,0.06,102.29,7.8,38.35,0.8643,497.6,2,Air (H2O),Asap Pembakaran (CO),Air (H2O) + Asap Pembakaran (CO),Tinggi
5,10,6.85,7.14,0.29,102.62,99.33,24.74,0.9586,249.8,2,Air (H2O),Gas LPG (Propana/Butana),Air (H2O) + Gas LPG (Propana/Butana),Tinggi
0,4,13.05,1.15,11.9,6.56,7.95,25.53,0.5699,371.9,2,Pemutih (NaClO),Pembersih Lantai (HCl),Pemutih (NaClO) + Pembersih Lantai (HCl),Tinggi
7,8,13.79,6.47,7.31,21.14,101.05,34.14,0.3711,272.3,2,Basa Kuat (NaOH),Aluminium Foil (Al),Basa Kuat (NaOH) + Aluminium Foil (Al),Tinggi
3,5,6.46,7.21,0.75,14.61,99.21,28.36,0.7128,54.2,0,Sabun Cuci Piring,Air (H2O),Sabun Cuci Piring + Air (H2O),Aman
4,5,0.81,6.44,5.63,10.34,98.33,25.5,0.9438,219.9,0,Pembersih Lantai (HCl),Air (H2O),Pembersih Lantai (HCl) + Air (H2O),Aman
2,4,2.3,0.89,1.41,7.69,8.69,25.15,0.3873,73.5,1,Cuka (CH3COOH),Pembersih Lantai (HCl),Cuka (CH3COOH) + Pembersih Lantai (HCl),Sedang
2,5,2.45,6.83,4.38,4.46,100.26,23.9,0.9348,311.6,0,Cuka (CH3COOH),Air (H2O),Cuka (CH3COOH) + Air (H2O),Aman
2,5,2.75,7.08,4.33,3.57,96.25,23.97,0.0844,232.6,0,Cuka (CH3COOH),Air (H2O),Cuka (CH3COOH) + Air (H2O),Aman
2,4,2.87,0.57,2.29,7.23,7.72,32.66,0.2782,336.1,1,Cuka (CH3COOH),Pembersih Lantai (HCl),Cuka (CH3COOH) + Pembersih Lantai (HCl),Sedang
5,10,6.85,6.97,0.11,101.58,100.03,34.12,0.2911,160.3,2,Air (H2O),Gas LPG (Propana/Butana),Air (H2O) + Gas LPG (Propana/Butana),Tinggi
0,5,12.79,6.61,6.19,5.6,99.05,20.85,0.2957,155.4,0,Pemutih (NaClO),Air (H2O),Pemutih (NaClO) + Air (H2O),Aman
3,5,7.16,6.76,0.4,13.72,103.94,29.71,0.187,364.4,0,Sabun Cuci Piring,Air (H2O),Sabun Cuci Piring + Air (H2O),Aman
2,4,2.67,1.28,1.39,6.23,10.03,36.77,0.3855,358.0,1,Cuka (CH3COOH),Pembersih Lantai (HCl),Cuka (CH3COOH) + Pembersih Lantai (HCl),Sedang
2,3,2.77,6.82,4.05,2.28,18.39,21.37,0.2803,67.6,2,Cuka (CH3COOH),Sabun Cuci Piring,Cuka (CH3COOH) + Sabun Cuci Piring,Tinggi
0,4,12.67,0.87,11.79,2.78,8.06,38.47,0.7002,63.5,2,Pemutih (NaClO),Pembersih Lantai (HCl),Pemutih (NaClO) + Pembersih Lantai (HCl),Tinggi
0,3,12.57,6.92,5.65,5.09,15.1,37.25,0.528,96.9,1,Pemutih (NaClO),Sabun Cuci Piring,Pemutih (NaClO) + Sabun Cuci Piring,Sedang
5,10,7.37,7.12,0.25,95.64,97.3,29.92,0.7228,486.4,2,Air (H2O),Gas LPG (Propana/Butana),Air (H2O) + Gas LPG (Propana/Butana),Tinggi
1,5,11.5,7.39,4.11,4.46,101.24,27.69,0.1613,419.3,0,Amonia (NH3),Air (H2O),Amonia (NH3) + Air (H2O),Aman
1,3,11.39,7.56,3.83,13.75,16.18,28.7,0.1862,222.8,0,Amonia (NH3),Sabun Cuci Piring,Amonia (NH3) + Sabun Cuci Piring,Aman
0,6,12.76,7.06,5.7,4.96,73.28,23.96,0.0982,360.8,2,Pemutih (NaClO),Alkohol (Etanol),Pemutih (NaClO) + Alkohol (Etanol),Tinggi
3,4,6.84,1.08,5.76,17.09,10.89,35.24,0.1794,156.5,0,Sabun Cuci Piring,Pembersih Lantai (HCl),Sabun Cuci Piring + Pembersih Lantai (HCl),Aman
0,3,12.29,7.26,5.02,5.07,16.34,23.06,0.8108,161.3,0,Pemutih (NaClO),Sabun Cuci Piring,Pemutih (NaClO) + Sabun Cuci Piring,Aman
1,3,11.55,6.88,4.67,8.15,17.01,32.98,0.8016,327.2,0,Amonia (NH3),Sabun Cuci Piring,Amonia (NH3) + Sabun Cuci Piring,Aman
0,4,12.55,1.47,11.08,6.0,10.57,32.02,0.6282,107.1,2,Pemutih (NaClO),Pembersih Lantai (HCl),Pemutih (NaClO) + Pembersih Lantai (HCl),Tinggi
2,5,2.9,6.71,3.81,3.43,100.77,22.96,0.6908,59.7,0,Cuka (CH3COOH),Air (H2O),Cuka (CH3COOH) + Air (H2O),Aman
1,5,11.3,7.05,4.24,12.31,101.29,28.59,0.262,269.0,0,Amonia (NH3),Air (H2O),Amonia (NH3) + Air (H2O),Aman
0,2,12.39,2.37,10.01,3.07,5.34,33.07,0.1072,400.2,2,Pemutih (NaClO),Cuka (CH3COOH),Pemutih (NaClO) + Cuka (CH3COOH),Tinggi
0,1,12.56,11.13,1.43,5.0,10.06,24.52,0.6363,471.8,2,Pemutih (NaClO),Amonia (NH3),Pemutih (NaClO) + Amonia (NH3),Tinggi
5,10,6.87,6.68,0.18,99.22,97.42,32.91,0.8128,185.9,2,Air (H2O),Gas LPG (Propana/Butana),Air (H2O) + Gas LPG (Propana/Butana),Tinggi
5,10,7.28,6.57,0.71,99.45,98.41,37.67,0.4548,386.0,2,Air (H2O),Gas LPG (Propana/Butana),Air (H2O) + Gas LPG (Propana/Butana),Tinggi
0,5,12.07,6.45,5.61,8.07,100.83,32.65,0.5054,58.4,0,Pemutih (NaClO),Air (H2O),Pemutih (NaClO) + Air (H2O),Aman
1,3,11.76,7.23,4.53,11.3,16.45,20.89,0.8951,450.2,0,Amonia (NH3),Sabun Cuci Piring,Amonia (NH3) + Sabun Cuci Piring,Aman
1,2,11.65,2.09,9.56,12.63,9.18,35.95,0.8061,76.9,0,Amonia (NH3),Cuka (CH3COOH),Amonia (NH3) + Cuka (CH3COOH),Aman
5,6,6.86,6.97,0.11,103.17,71.56,38.17,0.7307,172.3,0,Air (H2O),Alkohol (Etanol),Air (H2O) + Alkohol (Etanol),Aman
5,10,7.36,6.72,0.65,99.94,97.91,38.05,0.6194,145.9,2,Air (H2O),Gas LPG (Propana/Butana),Air (H2O) + Gas LPG (Propana/Butana),Tinggi
0,4,12.33,1.83,10.5,7.78,10.05,30.75,0.4843,239.5,2,Pemutih (NaClO),Pembersih Lantai (HCl),Pemutih (NaClO) + Pembersih Lantai (HCl),Tinggi
2,3,2.54,7.14,4.6,1.81,13.17,27.61,0.7918,187.0,1,Cuka (CH3COOH),Sabun Cuci Piring,Cuka (CH3COOH) + Sabun Cuci Piring,Sedang
2,4,2.26,1.22,1.04,2.31,11.19,31.84,0.697,436.9,1,Cuka (CH3COOH),Pembersih Lantai (HCl),Cuka (CH3COOH) + Pembersih Lantai (HCl),Sedang
5,6,6.87,7.17,0.31,100.37,71.58,36.29,0.2217,470.6,0,Air (H2O),Alkohol (Etanol),Air (H2O) + Alkohol (Etanol),Aman
3,4,6.26,0.81,5.45,12.97,12.61,38.95,0.3199,132.5,0,Sabun Cuci Piring,Pembersih Lantai (HCl),Sabun Cuci Piring + Pembersih Lantai (HCl),Aman
0,5,12.4,6.91,5.49,8.48,97.23,35.98,0.4297,494.0,0,Pemutih (NaClO),Air (H2O),Pemutih (NaClO) + Air (H2O),Aman
0,4,12.13,0.97,11.15,7.28,11.67,32.33,0.8975,469.1,2,Pemutih (NaClO),Pembersih Lantai (HCl),Pemutih (NaClO) + Pembersih Lantai (HCl),Tinggi
7,8,14.21,6.99,7.21,22.6,103.24,20.46,0.7121,234.4,2,Basa Kuat (NaOH),Aluminium Foil (Al),Basa Kuat (NaOH) + Aluminium Foil (Al),Tinggi
1,4,11.23,1.24,9.99,9.11,9.17,29.49,0.247,311.1,1,Amonia (NH3),Pembersih Lantai (HCl),Amonia (NH3) + Pembersih Lantai (HCl),Sedang
5,9,6.96,7.49,0.54,98.68,8.82,23.19,0.2568,276.8,2,Air (H2O),Asap Pembakaran (CO),Air (H2O) + Asap Pembakaran (CO),Tinggi
0,2,12.22,2.76,9.46,10.08,6.2,36.84,0.9531,274.6,2,Pemutih (NaClO),Cuka (CH3COOH),Pemutih (NaClO) + Cuka (CH3COOH),Tinggi
2,4,2.78,0.61,2.17,6.27,7.47,24.21,0.7853,99.9,1,Cuka (CH3COOH),Pembersih Lantai (HCl),Cuka (CH3COOH) + Pembersih Lantai (HCl),Sedang
0,6,12.46,7.27,5.2,4.5,67.92,33.77,0.1389,59.9,2,Pemutih (NaClO),Alkohol (Etanol),Pemutih (NaClO) + Alkohol (Etanol),Tinggi
5,10,7.59,7.31,0.27,93.43,97.87,25.94,0.7269,219.8,2,Air (H2O),Gas LPG (Propana/Butana),Air (H2O) + Gas LPG (Propana/Butana),Tinggi
1,3,11.34,6.75,4.59,13.58,16.03,29.54,0.3461,277.6,0,Amonia (NH3),Sabun Cuci Piring,Amonia (NH3) + Sabun Cuci Piring,Aman
3,5,7.17,6.76,0.41,14.68,98.98,37.67,0.0788,403.3,0,Sabun Cuci Piring,Air (H2O),Sabun Cuci Piring + Air (H2O),Aman
5,6,6.98,6.89,0.1,97.26,71.18,28.53,0.1855,402.8,0,Air (H2O),Alkohol (Etanol),Air (H2O) + Alkohol (Etanol),Aman
0,4,11.97,0.88,11.09,4.21,10.15,34.57,0.4857,109.6,2,Pemutih (NaClO),Pembersih Lantai (HCl),Pemutih (NaClO) + Pembersih Lantai (HCl),Tinggi
1,2,11.45,2.55,8.9,7.85,7.92,20.57,0.1645,452.9,1,Amonia (NH3),Cuka (CH3COOH),Amonia (NH3) + Cuka (CH3COOH),Sedang
4,5,0.85,6.94,6.09,7.83,98.43,39.84,0.6807,467.0,0,Pembersih Lantai (HCl),Air (H2O),Pembersih Lantai (HCl) + Air (H2O),Aman
5,6,6.56,7.35,0.79,101.6,70.75,36.23,0.7541,451.6,0,Air (H2O),Alkohol (Etanol),Air (H2O) + Alkohol (Etanol),Aman
4,5,1.33,7.07,5.74,14.7,102.54,27.79,0.5164,54.9,0,Pembersih Lantai (HCl),Air (H2O),Pembersih Lantai (HCl) + Air (H2O),Aman
0,5,12.4,6.49,5.92,2.98,100.15,35.02,0.7117,339.2,0,Pemutih (NaClO),Air (H2O),Pemutih (NaClO) + Air (H2O),Aman
2,5,2.53,6.55,4.02,5.03,98.88,22.82,0.4299,319.1,0,Cuka (CH3COOH),Air (H2O),Cuka (CH3COOH) + Air (H2O),Aman
5,9,6.92,7.0,0.08,101.17,9.52,23.24,0.1023,69.8,2,Air (H2O),Asap Pembakaran (CO),Air (H2O) + Asap Pembakaran (CO),Tinggi
1,2,11.83,2.3,9.53,5.9,9.26,21.88,0.9749,102.4,0,Amonia (NH3),Cuka (CH3COOH),Amonia (NH3) + Cuka (CH3COOH),Aman
0,4,12.78,1.05,11.73,4.39,10.02,24.36,0.9268,93.9,2,Pemutih (NaClO),Pembersih Lantai (HCl),Pemutih (NaClO) + Pembersih Lantai (HCl),Tinggi
1,2,11.58,2.18,9.4,9.81,6.05,39.93,0.8993,175.4,1,Amonia (NH3),Cuka (CH3COOH),Amonia (NH3) + Cuka (CH3COOH),Sedang
7,8,14.0,7.25,6.75,19.66,96.03,36.62,0.3174,487.1,2,Basa Kuat (NaOH),Aluminium Foil (Al),Basa Kuat (NaOH) + Aluminium Foil (Al),Tinggi
2,5,2.66,6.66,4.0,6.56,97.78,21.89,0.6201,281.0,0,Cuka (CH3COOH),Air (H2O),Cuka (CH3COOH) + Air (H2O),Aman
1,4,10.9,1.3,9.6,9.92,12.53,22.73,0.4496,153.0,1,Amonia (NH3),Pembersih Lantai (HCl),Amonia (NH3) + Pembersih Lantai (HCl),Sedang
0,1,12.77,11.79,0.99,1.88,11.35,31.04,0.2409,164.2,2,Pemutih (NaClO),Amonia (NH3),Pemutih (NaClO) + Amonia (NH3),Tinggi
1,4,11.75,1.18,10.57,12.79,12.3,28.06,0.7458,95.1,1,Amonia (NH3),Pembersih Lantai (HCl),Amonia (NH3) + Pembersih Lantai (HCl),Sedang
2,5,2.08,7.3,5.23,7.56,99.19,24.51,0.9577,89.5,1,Cuka (CH3COOH),Air (H2O),Cuka (CH3COOH) + Air (H2O),Sedang
1,2,11.7,2.62,9.07,12.88,6.39,38.44,0.775,154.5,1,Amonia (NH3),Cuka (CH3COOH),Amonia (NH3) + Cuka (CH3COOH),Sedang
2,3,2.44,7.29,4.85,5.6,12.71,33.38,0.6159,219.7,1,Cuka (CH3COOH),Sabun Cuci Piring,Cuka (CH3COOH) + Sabun Cuci Piring,Sedang
0,3,12.17,7.33,4.84,5.38,20.25,28.05,0.0214,324.6,1,Pemutih (NaClO),Sabun Cuci Piring,Pemutih (NaClO) + Sabun Cuci Piring,Sedang
5,6,6.82,6.73,0.09,103.29,69.25,32.19,0.8113,155.3,0,Air (H2O),Alkohol (Etanol),Air (H2O) + Alkohol (Etanol),Aman
0,6,12.28,6.82,5.46,4.1,71.01,23.16,0.9533,320.9,2,Pemutih (NaClO),Alkohol (Etanol),Pemutih (NaClO) + Alkohol (Etanol),Tinggi
5,9,6.68,6.41,0.27,102.78,10.85,27.23,0.3157,271.0,2,Air (H2O),Asap Pembakaran (CO),Air (H2O) + Asap Pembakaran (CO),Tinggi
0,2,12.54,2.71,9.82,2.63,2.3,39.62,0.9912,210.2,2,Pemutih (NaClO),Cuka (CH3COOH),Pemutih (NaClO) + Cuka (CH3COOH),Tinggi
5,6,6.83,6.93,0.1,102.41,71.84,39.75,0.5804,269.3,0,Air (H2O),Alkohol (Etanol),Air (H2O) + Alkohol (Etanol),Aman
0,4,12.46,0.73,11.73,5.23,8.31,31.27,0.2944,186.1,2,Pemutih (NaClO),Pembersih Lantai (HCl),Pemutih (NaClO) + Pembersih Lantai (HCl),Tinggi
3,5,6.93,7.13,0.2,11.79,100.16,34.79,0.2454,441.6,0,Sabun Cuci Piring,Air (H2O),Sabun Cuci Piring + Air (H2O),Aman
3,5,6.86,6.77,0.09,11.33,99.21,31.6,0.826,213.6,0,Sabun Cuci Piring,Air (H2O),Sabun Cuci Piring + Air (H2O),Aman
1,2,10.97,2.92,8.05,8.41,7.31,34.33,0.1647,165.6,1,Amonia (NH3),Cuka (CH3COOH),Amonia (NH3) + Cuka (CH3COOH),Sedang
1,3,11.47,6.72,4.76,10.96,15.15,28.38,0.6002,415.4,0,Amonia (NH3),Sabun Cuci Piring,Amonia (NH3) + Sabun Cuci Piring,Aman
2,4,2.45,1.12,1.33,2.93,11.57,26.93,0.5939,314.7,1,Cuka (CH3COOH),Pembersih Lantai (HCl),Cuka (CH3COOH) + Pembersih Lantai (HCl),Sedang
0,6,12.44,6.58,5.86,5.58,67.7,37.46,0.086,63.7,2,Pemutih (NaClO),Alkohol (Etanol),Pemutih (NaClO) + Alkohol (Etanol),Tinggi
0,5,12.47,6.37,6.1,0.5,97.6,28.79,0.0062,156.4,0,Pemutih (NaClO),Air (H2O),Pemutih (NaClO) + Air (H2O),Aman
0,3,12.42,7.42,5.0,5.8,14.31,37.56,0.2327,312.9,1,Pemutih (NaClO),Sabun Cuci Piring,Pemutih (NaClO) + Sabun Cuci Piring,Sedang
0,6,12.4,7.4,5.0,2.55,67.74,32.23,0.4044,298.2,2,Pemutih (NaClO),Alkohol (Etanol),Pemutih (NaClO) + Alkohol (Etanol),Tinggi
0,5,12.64,6.58,6.06,7.92,98.7,23.07,0.1027,285.5,0,Pemutih (NaClO),Air (H2O),Pemutih (NaClO) + Air (H2O),Aman
0,4,12.37,0.79,11.58,4.73,8.73,38.94,0.8471,316.6,2,Pemutih (NaClO),Pembersih Lantai (HCl),Pemutih (NaClO) + Pembersih Lantai (HCl),Tinggi
0,5,12.44,7.16,5.28,8.0,100.35,24.13,0.4028,246.9,0,Pemutih (NaClO),Air (H2O),Pemutih (NaClO) + Air (H2O),Aman
3,4,7.03,0.7,6.34,13.15,11.32,23.98,0.0849,287.2,0,Sabun Cuci Piring,Pembersih Lantai (HCl),Sabun Cuci Piring + Pembersih Lantai (HCl),Aman
0,4,11.81,0.95,10.86,7.56,9.27,22.18,0.0518,229.6,2,Pemutih (NaClO),Pembersih Lantai (HCl),Pemutih (NaClO) + Pembersih Lantai (HCl),Tinggi
5,6,6.77,7.52,0.75,97.27,70.02,21.84,0.637,210.6,0,Air (H2O),Alkohol (Etanol),Air (H2O) + Alkohol (Etanol),Aman
7,8,13.61,7.06,6.55,20.97,100.92,22.96,0.574,214.9,2,Basa Kuat (NaOH),Aluminium Foil (Al),Basa Kuat (NaOH) + Aluminium Foil (Al),Tinggi
0,6,13.01,7.29,5.72,4.39,70.3,27.34,0.8808,410.2,2,Pemutih (NaClO),Alkohol (Etanol),Pemutih (NaClO) + Alkohol (Etanol),Tinggi
0,6,12.34,7.18,5.16,4.64,66.97,26.24,0.4391,172.3,2,Pemutih (NaClO),Alkohol (Etanol),Pemutih (NaClO) + Alkohol (Etanol),Tinggi
0,4,12.37,0.97,11.41,5.82,12.35,24.65,0.8891,418.1,2,Pemutih (NaClO),Pembersih Lantai (HCl),Pemutih (NaClO) + Pembersih Lantai (HCl),Tinggi
5,6,7.31,6.92,0.4,98.3,70.56,36.69,0.5224,456.6,0,Air (H2O),Alkohol (Etanol),Air (H2O) + Alkohol (Etanol),Aman
0,5,12.31,7.18,5.13,6.48,97.45,32.75,0.7591,144.3,0,Pemutih (NaClO),Air (H2O),Pemutih (NaClO) + Air (H2O),Aman
7,8,14.01,6.85,7.16,20.85,103.0,36.12,0.2761,453.8,2,Basa Kuat (NaOH),Aluminium Foil (Al),Basa Kuat (NaOH) + Aluminium Foil (Al),Tinggi
2,3,2.73,6.9,4.18,3.43,17.77,29.69,0.8996,449.0,1,Cuka (CH3COOH),Sabun Cuci Piring,Cuka (CH3COOH) + Sabun Cuci Piring,Sedang
0,6,12.74,7.3,5.44,4.89,71.06,30.37,0.6195,477.5,2,Pemutih (NaClO),Alkohol (Etanol),Pemutih (NaClO) + Alkohol (Etanol),Tinggi
5,6,7.06,6.79,0.27,102.26,69.19,37.36,0.8389,217.8,0,Air (H2O),Alkohol (Etanol),Air (H2O) + Alkohol (Etanol),Aman
3,5,6.95,6.83,0.12,16.71,97.17,25.21,0.3703,74.4,0,Sabun Cuci Piring,Air (H2O),Sabun Cuci Piring + Air (H2O),Aman
0,6,12.59,6.73,5.86,6.18,68.99,37.66,0.1011,432.4,2,Pemutih (NaClO),Alkohol (Etanol),Pemutih (NaClO) + Alkohol (Etanol),Tinggi
3,5,7.17,6.76,0.41,17.25,99.04,33.03,0.0573,60.1,0,Sabun Cuci Piring,Air (H2O),Sabun Cuci Piring + Air (H2O),Aman
2,3,2.34,7.01,4.67,5.0,15.68,39.13,0.1742,292.3,1,Cuka (CH3COOH),Sabun Cuci Piring,Cuka (CH3COOH) + Sabun Cuci Piring,Sedang
0,3,12.94,7.0,5.94,3.12,15.88,28.87,0.1658,190.9,1,Pemutih (NaClO),Sabun Cuci Piring,Pemutih (NaClO) + Sabun Cuci Piring,Sedang
0,3,12.55,6.79,5.76,6.48,10.59,39.86,0.9641,423.1,1,Pemutih (NaClO),Sabun Cuci Piring,Pemutih (NaClO) + Sabun Cuci Piring,Sedang
0,1,13.02,11.41,1.62,2.85,10.47,39.03,0.3638,403.1,2,Pemutih (NaClO),Amonia (NH3),Pemutih (NaClO) + Amonia (NH3),Tinggi
0,6,11.98,6.83,5.16,5.74,68.64,36.14,0.4738,268.0,2,Pemutih (NaClO),Alkohol (Etanol),Pemutih (NaClO) + Alkohol (Etanol),Tinggi
0,2,12.55,2.27,10.28,5.21,7.16,20.34,0.5578,207.6,2,Pemutih (NaClO),Cuka (CH3COOH),Pemutih (NaClO) + Cuka (CH3COOH),Tinggi
0,6,12.57,6.78,5.79,4.93,70.09,27.88,0.1629,102.7,2,Pemutih (NaClO),Alkohol (Etanol),Pemutih (NaClO) + Alkohol (Etanol),Tinggi
0,4,12.49,0.51,11.98,6.11,7.52,29.65,0.4536,408.2,2,Pemutih (NaClO),Pembersih Lantai (HCl),Pemutih (NaClO) + Pembersih Lantai (HCl),Tinggi
2,4,2.4,1.21,1.19,4.63,11.75,31.3,0.2697,493.2,1,Cuka (CH3COOH),Pembersih Lantai (HCl),Cuka (CH3COOH) + Pembersih Lantai (HCl),Sedang
2,4,2.61,1.33,1.28,4.39,9.02,24.55,0.8718,410.3,0,Cuka (CH3COOH),Pembersih Lantai (HCl),Cuka (CH3COOH) + Pembersih Lantai (HCl),Aman
1,3,11.03,6.86,4.17,11.2,12.49,34.3,0.1919,335.0,0,Amonia (NH3),Sabun Cuci Piring,Amonia (NH3) + Sabun Cuci Piring,Aman
1,5,11.76,6.89,4.87,9.7,100.77,22.58,0.1081,177.2,0,Amonia (NH3),Air (H2O),Amonia (NH3) + Air (H2O),Aman
0,1,12.62,11.57,1.05,7.44,8.79,27.91,0.5642,451.5,2,Pemutih (NaClO),Amonia (NH3),Pemutih (NaClO) + Amonia (NH3),Tinggi
2,5,2.06,6.72,4.66,7.36,99.24,28.98,0.344,373.5,0,Cuka (CH3COOH),Air (H2O),Cuka (CH3COOH) + Air (H2O),Aman
0,5,12.92,6.64,6.28,5.86,97.05,31.29,0.924,95.7,0,Pemutih (NaClO),Air (H2O),Pemutih (NaClO) + Air (H2O),Aman
0,3,12.65,7.22,5.43,8.02,15.71,28.52,0.0016,380.6,2,Pemutih (NaClO),Sabun Cuci Piring,Pemutih (NaClO) + Sabun Cuci Piring,Tinggi
1,3,11.4,7.6,3.8,11.01,14.07,38.31,0.3918,155.8,0,Amonia (NH3),Sabun Cuci Piring,Amonia (NH3) + Sabun Cuci Piring,Aman
0,4,12.03,0.77,11.26,2.55,7.42,34.2,0.6514,248.3,2,Pemutih (NaClO),Pembersih Lantai (HCl),Pemutih (NaClO) + Pembersih Lantai (HCl),Tinggi
2,3,2.8,7.12,4.32,7.03,9.97,28.32,0.354,298.9,1,Cuka (CH3COOH),Sabun Cuci Piring,Cuka (CH3COOH) + Sabun Cuci Piring,Sedang
1,5,12.01,7.26,4.76,10.53,100.82,25.89,0.4415,413.1,0,Amonia (NH3),Air (H2O),Amonia (NH3) + Air (H2O),Aman
0,3,12.28,7.14,5.14,3.72,14.64,25.7,0.8811,293.2,1,Pemutih (NaClO),Sabun Cuci Piring,Pemutih (NaClO) + Sabun Cuci Piring,Sedang
3,4,7.19,1.11,6.08,15.14,9.34,35.44,0.9267,493.7,0,Sabun Cuci Piring,Pembersih Lantai (HCl),Sabun Cuci Piring + Pembersih Lantai (HCl),Aman
0,5,12.45,7.54,4.9,9.41,100.48,27.84,0.0325,211.6,0,Pemutih (NaClO),Air (H2O),Pemutih (NaClO) + Air (H2O),Aman
2,4,2.21,1.64,0.56,4.58,9.78,32.12,0.5469,409.5,1,Cuka (CH3COOH),Pembersih Lantai (HCl),Cuka (CH3COOH) + Pembersih Lantai (HCl),Sedang
4,5,0.92,6.66,5.74,5.56,99.98,32.28,0.0082,373.7,0,Pembersih Lantai (HCl),Air (H2O),Pembersih Lantai (HCl) + Air (H2O),Aman
1,5,11.11,7.38,3.73,10.76,98.6,23.71,0.1783,313.4,0,Amonia (NH3),Air (H2O),Amonia (NH3) + Air (H2O),Aman
7,8,14.07,7.26,6.81,18.79,99.42,33.95,0.464,390.4,2,Basa Kuat (NaOH),Aluminium Foil (Al),Basa Kuat (NaOH) + Aluminium Foil (Al),Tinggi
7,8,14.34,6.95,7.39,22.47,98.91,20.5,0.0835,399.4,2,Basa Kuat (NaOH),Aluminium Foil (Al),Basa Kuat (NaOH) + Aluminium Foil (Al),Tinggi
2,5,2.7,7.39,4.69,9.08,102.09,36.34,0.0287,85.2,0,Cuka (CH3COOH),Air (H2O),Cuka (CH3COOH) + Air (H2O),Aman
1,2,11.27,2.48,8.79,11.63,5.41,24.19,0.0081,399.5,1,Amonia (NH3),Cuka (CH3COOH),Amonia (NH3) + Cuka (CH3COOH),Sedang
2,3,2.43,6.75,4.32,3.52,10.95,20.14,0.5034,431.6,1,Cuka (CH3COOH),Sabun Cuci Piring,Cuka (CH3COOH) + Sabun Cuci Piring,Sedang
0,6,12.42,7.07,5.36,2.63,71.59,38.51,0.201,86.6,2,Pemutih (NaClO),Alkohol (Etanol),Pemutih (NaClO) + Alkohol (Etanol),Tinggi
5,9,7.24,7.11,0.12,101.52,6.11,35.22,0.3633,419.8,2,Air (H2O),Asap Pembakaran (CO),Air (H2O) + Asap Pembakaran (CO),Tinggi
2,4,2.27,1.34,0.93,4.13,9.29,24.88,0.7379,381.2,1,Cuka (CH3COOH),Pembersih Lantai (HCl),Cuka (CH3COOH) + Pembersih Lantai (HCl),Sedang
2,4,2.24,1.21,1.03,3.23,6.24,29.38,0.6536,292.8,1,Cuka (CH3COOH),Pembersih Lantai (HCl),Cuka (CH3COOH) + Pembersih Lantai (HCl),Sedang
2,3,2.78,6.27,3.49,6.63,15.84,39.5,0.0425,251.7,1,Cuka (CH3COOH),Sabun Cuci Piring,Cuka (CH3COOH) + Sabun Cuci Piring,Sedang
2,3,2.81,6.65,3.85,6.2,12.4,37.52,0.7985,131.9,1,Cuka (CH3COOH),Sabun Cuci Piring,Cuka (CH3COOH) + Sabun Cuci Piring,Sedang
0,4,12.44,0.65,11.78,4.61,12.75,23.96,0.3932,269.5,2,Pemutih (NaClO),Pembersih Lantai (HCl),Pemutih (NaClO) + Pembersih Lantai (HCl),Tinggi
1,4,11.15,1.18,9.97,9.55,13.44,37.2,0.8659,194.1,0,Amonia (NH3),Pembersih Lantai (HCl),Amonia (NH3) + Pembersih Lantai (HCl),Aman
0,2,12.85,2.54,10.31,4.78,5.81,26.68,0.1423,176.8,2,Pemutih (NaClO),Cuka (CH3COOH),Pemutih (NaClO) + Cuka (CH3COOH),Tinggi
3,5,6.83,7.18,0.35,15.31,100.36,28.95,0.318,486.7,0,Sabun Cuci Piring,Air (H2O),Sabun Cuci Piring + Air (H2O),Aman
5,9,7.24,6.83,0.41,100.6,6.1,36.38,0.7243,360.2,2,Air (H2O),Asap Pembakaran (CO),Air (H2O) + Asap Pembakaran (CO),Tinggi
1,4,11.39,1.11,10.28,9.3,9.85,33.48,0.3574,417.2,1,Amonia (NH3),Pembersih Lantai (HCl),Amonia (NH3) + Pembersih Lantai (HCl),Sedang
0,2,12.71,2.78,9.92,2.65,2.6,26.38,0.4902,84.3,2,Pemutih (NaClO),Cuka (CH3COOH),Pemutih (NaClO) + Cuka (CH3COOH),Tinggi
1,5,11.55,7.05,4.5,8.67,98.68,33.22,0.8262,143.8,0,Amonia (NH3),Air (H2O),Amonia (NH3) + Air (H2O),Aman
1,2,11.26,1.99,9.27,12.05,3.56,27.18,0.2685,362.0,1,Amonia (NH3),Cuka (CH3COOH),Amonia (NH3) + Cuka (CH3COOH),Sedang
5,10,6.44,6.99,0.55,99.23,100.04,38.56,0.0877,256.7,2,Air (H2O),Gas LPG (Propana/Butana),Air (H2O) + Gas LPG (Propana/Butana),Tinggi
0,3,12.69,7.03,5.66,0.5,14.02,35.22,0.6871,237.2,1,Pemutih (NaClO),Sabun Cuci Piring,Pemutih (NaClO) + Sabun Cuci Piring,Sedang
0,1,12.26,11.28,0.98,4.7,12.07,20.68,0.8427,169.2,2,Pemutih (NaClO),Amonia (NH3),Pemutih (NaClO) + Amonia (NH3),Tinggi
0,4,13.11,0.9,12.22,2.79,10.21,32.83,0.1444,335.1,2,Pemutih (NaClO),Pembersih Lantai (HCl),Pemutih (NaClO) + Pembersih Lantai (HCl),Tinggi
0,5,12.29,6.71,5.58,3.82,102.13,34.13,0.6836,410.2,0,Pemutih (NaClO),Air (H2O),Pemutih (NaClO) + Air (H2O),Aman
1,5,11.81,6.66,5.14,10.23,97.88,20.01,0.0597,244.7,0,Amonia (NH3),Air (H2O),Amonia (NH3) + Air (H2O),Aman
2,3,2.35,7.47,5.12,3.92,12.7,24.99,0.4274,254.7,1,Cuka (CH3COOH),Sabun Cuci Piring,Cuka (CH3COOH) + Sabun Cuci Piring,Sedang
1,5,11.45,6.75,4.69,7.08,99.75,27.02,0.5375,387.1,0,Amonia (NH3),Air (H2O),Amonia (NH3) + Air (H2O),Aman
5,9,6.81,7.67,0.86,98.31,7.2,32.16,0.7133,69.2,2,Air (H2O),Asap Pembakaran (CO),Air (H2O) + Asap Pembakaran (CO),Tinggi
5,6,6.64,7.0,0.36,97.18,69.81,34.88,0.5939,85.3,0,Air (H2O),Alkohol (Etanol),Air (H2O) + Alkohol (Etanol),Aman
1,4,11.28,1.53,9.76,8.6,11.02,38.57,0.4645,63.9,1,Amonia (NH3),Pembersih Lantai (HCl),Amonia (NH3) + Pembersih Lantai (HCl),Sedang
0,4,12.72,1.12,11.6,3.13,11.45,22.02,0.2388,60.8,2,Pemutih (NaClO),Pembersih Lantai (HCl),Pemutih (NaClO) + Pembersih Lantai (HCl),Tinggi
1,2,11.85,2.58,9.27,12.71,6.63,21.56,0.8965,226.4,1,Amonia (NH3),Cuka (CH3COOH),Amonia (NH3) + Cuka (CH3COOH),Sedang
5,6,7.59,7.08,0.51,103.18,71.48,26.77,0.9367,79.0,0,Air (H2O),Alkohol (Etanol),Air (H2O) + Alkohol (Etanol),Aman
1,5,11.9,6.85,5.05,6.75,99.23,23.77,0.8156,436.9,0,Amonia (NH3),Air (H2O),Amonia (NH3) + Air (H2O),Aman
0,1,12.53,11.85,0.68,3.47,8.95,26.56,0.2896,295.1,2,Pemutih (NaClO),Amonia (NH3),Pemutih (NaClO) + Amonia (NH3),Tinggi
4,5,0.88,7.16,6.28,11.34,97.41,30.16,0.6487,304.1,0,Pembersih Lantai (HCl),Air (H2O),Pembersih Lantai (HCl) + Air (H2O),Aman
1,2,11.1,2.12,8.98,9.3,5.18,30.84,0.2578,170.2,1,Amonia (NH3),Cuka (CH3COOH),Amonia (NH3) + Cuka (CH3COOH),Sedang
5,6,7.3,7.06,0.24,97.37,68.57,30.41,0.6615,211.0,0,Air (H2O),Alkohol (Etanol),Air (H2O) + Alkohol (Etanol),Aman
3,4,6.78,0.41,6.37,9.18,10.69,27.68,0.9399,491.1,0,Sabun Cuci Piring,Pembersih Lantai (HCl),Sabun Cuci Piring + Pembersih Lantai (HCl),Aman
0,3,13.0,7.34,5.66,5.51,13.7,33.77,0.7569,143.2,1,Pemutih (NaClO),Sabun Cuci Piring,Pemutih (NaClO) + Sabun Cuci Piring,Sedang
1,4,11.71,1.01,10.7,11.1,7.95,29.56,0.4331,252.5,1,Amonia (NH3),Pembersih Lantai (HCl),Amonia (NH3) + Pembersih Lantai (HCl),Sedang
3,5,7.08,6.88,0.2,14.82,98.88,37.98,0.2602,332.9,0,Sabun Cuci Piring,Air (H2O),Sabun Cuci Piring + Air (H2O),Aman
3,4,7.5,0.94,6.57,19.38,12.93,40.0,0.7105,355.1,0,Sabun Cuci Piring,Pembersih Lantai (HCl),Sabun Cuci Piring + Pembersih Lantai (HCl),Aman
2,3,2.45,6.78,4.33,0.5,12.22,30.27,0.0651,279.4,1,Cuka (CH3COOH),Sabun Cuci Piring,Cuka (CH3COOH) + Sabun Cuci Piring,Sedang
5,6,6.89,6.48,0.41,102.8,75.89,20.06,0.3492,82.1,0,Air (H2O),Alkohol (Etanol),Air (H2O) + Alkohol (Etanol),Aman
0,2,12.62,2.81,9.81,3.7,2.05,23.33,0.3255,406.0,2,Pemutih (NaClO),Cuka (CH3COOH),Pemutih (NaClO) + Cuka (CH3COOH),Tinggi
2,4,2.12,0.91,1.21,9.02,14.35,20.43,0.147,489.4,1,Cuka (CH3COOH),Pembersih Lantai (HCl),Cuka (CH3COOH) + Pembersih Lantai (HCl),Sedang
0,4,12.1,1.19,10.91,8.19,15.71,20.2,0.4548,82.1,2,Pemutih (NaClO),Pembersih Lantai (HCl),Pemutih (NaClO) + Pembersih Lantai (HCl),Tinggi
1,2,12.06,2.04,10.02,8.56,7.27,25.56,0.2594,355.3,1,Amonia (NH3),Cuka (CH3COOH),Amonia (NH3) + Cuka (CH3COOH),Sedang
3,5,6.83,6.59,0.24,16.24,101.86,33.91,0.3582,123.1,0,Sabun Cuci Piring,Air (H2O),Sabun Cuci Piring + Air (H2O),Aman
0,1,12.93,11.83,1.1,3.14,9.14,22.97,0.0246,406.8,0,Pemutih (NaClO),Amonia (NH3),Pemutih (NaClO) + Amonia (NH3),Aman
0,4,12.65,1.23,11.42,7.68,9.95,24.94,0.7202,160.9,2,Pemutih (NaClO),Pembersih Lantai (HCl),Pemutih (NaClO) + Pembersih Lantai (HCl),Tinggi
3,5,7.0,6.51,0.5,14.94,98.18,23.31,0.3328,170.1,0,Sabun Cuci Piring,Air (H2O),Sabun Cuci Piring + Air (H2O),Aman
5,10,7.36,6.98,0.37,98.56,99.38,34.6,0.7206,214.7,2,Air (H2O),Gas LPG (Propana/Butana),Air (H2O) + Gas LPG (Propana/Butana),Tinggi
1,2,11.87,2.19,9.68,9.48,2.76,30.76,0.8584,129.4,1,Amonia (NH3),Cuka (CH3COOH),Amonia (NH3) + Cuka (CH3COOH),Sedang
7,8,14.55,7.27,7.27,20.59,102.16,37.12,0.7319,145.0,2,Basa Kuat (NaOH),Aluminium Foil (Al),Basa Kuat (NaOH) + Aluminium Foil (Al),Tinggi
5,9,7.3,6.59,0.71,97.59,12.65,28.65,0.7988,392.2,2,Air (H2O),Asap Pembakaran (CO),Air (H2O) + Asap Pembakaran (CO),Tinggi
0,2,12.72,2.33,10.38,6.45,5.59,27.56,0.8125,272.2,2,Pemutih (NaClO),Cuka (CH3COOH),Pemutih (NaClO) + Cuka (CH3COOH),Tinggi
2,5,2.65,6.58,3.94,5.61,99.32,22.5,0.9785,254.6,0,Cuka (CH3COOH),Air (H2O),Cuka (CH3COOH) + Air (H2O),Aman
0,2,12.59,2.3,10.29,6.66,6.08,25.32,0.7859,480.6,2,Pemutih (NaClO),Cuka (CH3COOH),Pemutih (NaClO) + Cuka (CH3COOH),Tinggi
4,5,1.32,6.18,4.87,11.94,98.14,39.77,0.5034,476.5,0,Pembersih Lantai (HCl),Air (H2O),Pembersih Lantai (HCl) + Air (H2O),Aman
0,1,12.57,11.5,1.07,3.65,10.28,27.75,0.5939,98.0,2,Pemutih (NaClO),Amonia (NH3),Pemutih (NaClO) + Amonia (NH3),Tinggi
5,6,7.12,6.97,0.15,97.87,67.81,21.69,0.8188,203.7,0,Air (H2O),Alkohol (Etanol),Air (H2O) + Alkohol (Etanol),Aman
0,3,12.21,8.0,4.21,1.43,16.48,25.02,0.2933,393.1,1,Pemutih (NaClO),Sabun Cuci Piring,Pemutih (NaClO) + Sabun Cuci Piring,Sedang
1,3,11.97,7.37,4.6,9.49,17.13,34.99,0.5207,279.7,0,Amonia (NH3),Sabun Cuci Piring,Amonia (NH3) + Sabun Cuci Piring,Aman
0,6,12.61,6.49,6.12,2.38,67.63,27.2,0.5403,232.7,2,Pemutih (NaClO),Alkohol (Etanol),Pemutih (NaClO) + Alkohol (Etanol),Tinggi
7,8,13.62,6.44,7.18,23.62,103.46,36.0,0.2807,442.1,2,Basa Kuat (NaOH),Aluminium Foil (Al),Basa Kuat (NaOH) + Aluminium Foil (Al),Tinggi
3,5,7.28,6.72,0.57,18.38,97.6,26.5,0.0563,144.4,0,Sabun Cuci Piring,Air (H2O),Sabun Cuci Piring + Air (H2O),Aman
1,2,11.44,2.44,9.01,15.18,3.01,35.99,0.4782,115.3,2,Amonia (NH3),Cuka (CH3COOH),Amonia (NH3) + Cuka (CH3COOH),Tinggi
1,2,11.45,2.59,8.85,12.45,3.77,36.61,0.2679,204.5,1,Amonia (NH3),Cuka (CH3COOH),Amonia (NH3) + Cuka (CH3COOH),Sedang
1,4,11.62,0.52,11.1,7.89,10.16,31.66,0.5769,84.7,1,Amonia (NH3),Pembersih Lantai (HCl),Amonia (NH3) + Pembersih Lantai (HCl),Sedang
2,5,2.57,7.21,4.64,8.63,100.17,33.49,0.7214,167.2,0,Cuka (CH3COOH),Air (H2O),Cuka (CH3COOH) + Air (H2O),Aman
0,2,13.07,2.15,10.92,5.5,6.65,28.04,0.838,267.0,2,Pemutih (NaClO),Cuka (CH3COOH),Pemutih (NaClO) + Cuka (CH3COOH),Tinggi
1,3,11.54,6.96,4.58,10.9,13.66,31.93,0.9382,439.7,0,Amonia (NH3),Sabun Cuci Piring,Amonia (NH3) + Sabun Cuci Piring,Aman
1,5,11.64,7.23,4.41,9.07,97.81,31.33,0.0194,156.1,0,Amonia (NH3),Air (H2O),Amonia (NH3) + Air (H2O),Aman
5,6,7.48,7.4,0.08,98.39,71.17,35.04,0.4383,334.7,0,Air (H2O),Alkohol (Etanol),Air (H2O) + Alkohol (Etanol),Aman
5,9,6.98,7.63,0.65,99.85,8.12,33.49,0.8163,358.6,2,Air (H2O),Asap Pembakaran (CO),Air (H2O) + Asap Pembakaran (CO),Tinggi
0,1,12.63,11.37,1.26,4.54,11.66,24.28,0.929,60.3,2,Pemutih (NaClO),Amonia (NH3),Pemutih (NaClO) + Amonia (NH3),Tinggi
7,8,14.08,7.63,6.45,22.73,102.4,32.22,0.8105,402.9,2,Basa Kuat (NaOH),Aluminium Foil (Al),Basa Kuat (NaOH) + Aluminium Foil (Al),Tinggi
1,5,11.61,7.25,4.36,12.39,102.23,31.24,0.7103,387.9,0,Amonia (NH3),Air (H2O),Amonia (NH3) + Air (H2O),Aman
5,10,7.18,6.76,0.41,101.1,102.17,31.84,0.5783,355.2,2,Air (H2O),Gas LPG (Propana/Butana),Air (H2O) + Gas LPG (Propana/Butana),Tinggi
2,5,2.3,7.0,4.7,6.08,97.38,26.42,0.6206,428.5,0,Cuka (CH3COOH),Air (H2O),Cuka (CH3COOH) + Air (H2O),Aman
1,4,11.01,1.15,9.86,11.0,8.34,39.01,0.2917,299.7,2,Amonia (NH3),Pembersih Lantai (HCl),Amonia (NH3) + Pembersih Lantai (HCl),Tinggi
1,2,11.41,2.5,8.91,11.77,6.74,25.23,0.3233,433.4,1,Amonia (NH3),Cuka (CH3COOH),Amonia (NH3) + Cuka (CH3COOH),Sedang
1,2,11.36,2.26,9.09,8.45,4.23,21.49,0.243,480.6,1,Amonia (NH3),Cuka (CH3COOH),Amonia (NH3) + Cuka (CH3COOH),Sedang
0,2,12.61,2.73,9.88,2.32,3.74,25.6,0.2421,58.1,2,Pemutih (NaClO),Cuka (CH3COOH),Pemutih (NaClO) + Cuka (CH3COOH),Tinggi
0,6,11.99,6.75,5.23,6.92,67.87,38.78,0.2628,229.2,2,Pemutih (NaClO),Alkohol (Etanol),Pemutih (NaClO) + Alkohol (Etanol),Tinggi
1,4,11.67,0.45,11.23,9.78,9.73,22.69,0.2003,456.2,1,Amonia (NH3),Pembersih Lantai (HCl),Amonia (NH3) + Pembersih Lantai (HCl),Sedang
4,5,1.15,6.78,5.63,9.36,101.52,35.45,0.98,112.8,0,Pembersih Lantai (HCl),Air (H2O),Pembersih Lantai (HCl) + Air (H2O),Aman
3,5,6.74,7.46,0.71,13.95,99.58,26.54,0.1265,151.9,0,Sabun Cuci Piring,Air (H2O),Sabun Cuci Piring + Air (H2O),Aman
3,5,7.09,6.82,0.27,12.17,101.35,22.63,0.4437,334.5,0,Sabun Cuci Piring,Air (H2O),Sabun Cuci Piring + Air (H2O),Aman
1,3,11.78,7.15,4.62,10.91,14.8,30.02,0.1606,449.1,0,Amonia (NH3),Sabun Cuci Piring,Amonia (NH3) + Sabun Cuci Piring,Aman
1,2,11.83,2.79,9.04,12.47,1.54,29.53,0.0768,273.2,1,Amonia (NH3),Cuka (CH3COOH),Amonia (NH3) + Cuka (CH3COOH),Sedang
5,6,7.22,6.84,0.38,102.4,71.29,28.36,0.1757,207.6,0,Air (H2O),Alkohol (Etanol),Air (H2O) + Alkohol (Etanol),Aman
5,6,7.04,7.05,0.01,103.62,65.82,37.76,0.6163,270.3,0,Air (H2O),Alkohol (Etanol),Air (H2O) + Alkohol (Etanol),Aman
0,1,11.9,11.59,0.3,1.69,11.05,35.81,0.8913,384.2,2,Pemutih (NaClO),Amonia (NH3),Pemutih (NaClO) + Amonia (NH3),Tinggi
4,5,1.0,6.85,5.85,9.19,99.16,33.09,0.4569,225.3,0,Pembersih Lantai (HCl),Air (H2O),Pembersih Lantai (HCl) + Air (H2O),Aman
7,8,14.05,6.52,7.53,21.31,102.23,20.99,0.3796,128.3,0,Basa Kuat (NaOH),Aluminium Foil (Al),Basa Kuat (NaOH) + Aluminium Foil (Al),Aman
2,4,2.19,1.51,0.69,5.75,10.4,39.99,0.2829,134.2,1,Cuka (CH3COOH),Pembersih Lantai (HCl),Cuka (CH3COOH) + Pembersih Lantai (HCl),Sedang
2,3,2.51,8.18,5.67,3.15,16.15,36.48,0.927,348.5,0,Cuka (CH3COOH),Sabun Cuci Piring,Cuka (CH3COOH) + Sabun Cuci Piring,Aman
1,5,11.37,7.41,3.96,9.46,102.53,21.49,0.7068,232.1,0,Amonia (NH3),Air (H2O),Amonia (NH3) + Air (H2O),Aman
2,5,2.12,7.18,5.06,2.76,101.57,27.76,0.8567,382.5,0,Cuka (CH3COOH),Air (H2O),Cuka (CH3COOH) + Air (H2O),Aman
1,2,11.69,2.48,9.21,12.28,5.8,31.04,0.3269,88.7,1,Amonia (NH3),Cuka (CH3COOH),Amonia (NH3) + Cuka (CH3COOH),Sedang
1,3,11.73,6.6,5.12,9.89,14.46,29.19,0.9645,148.5,0,Amonia (NH3),Sabun Cuci Piring,Amonia (NH3) + Sabun Cuci Piring,Aman
7,8,14.45,7.24,7.21,18.84,99.55,33.71,0.1343,118.2,2,Basa Kuat (NaOH),Aluminium Foil (Al),Basa Kuat (NaOH) + Aluminium Foil (Al),Tinggi
2,4,2.47,1.18,1.29,2.47,11.96,28.59,0.6781,395.4,1,Cuka (CH3COOH),Pembersih Lantai (HCl),Cuka (CH3COOH) + Pembersih Lantai (HCl),Sedang
3,5,7.19,6.68,0.51,16.4,96.95,22.74,0.0228,438.6,0,Sabun Cuci Piring,Air (H2O),Sabun Cuci Piring + Air (H2O),Aman
5,9,7.01,6.74,0.26,99.92,8.98,26.55,0.3356,336.0,2,Air (H2O),Asap Pembakaran (CO),Air (H2O) + Asap Pembakaran (CO),Tinggi
0,5,12.62,7.02,5.6,6.61,100.32,20.54,0.728,417.5,0,Pemutih (NaClO),Air (H2O),Pemutih (NaClO) + Air (H2O),Aman
1,3,11.55,6.88,4.67,10.55,17.73,21.21,0.8175,69.4,0,Amonia (NH3),Sabun Cuci Piring,Amonia (NH3) + Sabun Cuci Piring,Aman
0,4,12.82,0.88,11.94,5.4,10.11,29.34,0.3216,302.5,2,Pemutih (NaClO),Pembersih Lantai (HCl),Pemutih (NaClO) + Pembersih Lantai (HCl),Tinggi
5,9,7.21,7.11,0.1,99.25,9.92,39.54,0.8305,64.3,2,Air (H2O),Asap Pembakaran (CO),Air (H2O) + Asap Pembakaran (CO),Tinggi
2,5,2.16,7.27,5.11,6.26,98.54,33.35,0.9244,463.3,0,Cuka (CH3COOH),Air (H2O),Cuka (CH3COOH) + Air (H2O),Aman
5,10,6.95,6.96,0.01,97.42,102.15,21.0,0.7541,156.1,2,Air (H2O),Gas LPG (Propana/Butana),Air (H2O) + Gas LPG (Propana/Butana),Tinggi
1,5,11.86,7.2,4.67,10.43,98.3,30.06,0.1972,216.0,0,Amonia (NH3),Air (H2O),Amonia (NH3) + Air (H2O),Aman
1,2,11.44,2.54,8.9,7.35,2.65,37.21,0.8162,394.7,0,Amonia (NH3),Cuka (CH3COOH),Amonia (NH3) + Cuka (CH3COOH),Aman
5,9,7.14,6.92,0.21,101.05,9.52,38.08,0.9237,273.3,2,Air (H2O),Asap Pembakaran (CO),Air (H2O) + Asap Pembakaran (CO),Tinggi
7,8,14.08,7.07,7.01,18.87,99.78,35.75,0.8476,387.9,2,Basa Kuat (NaOH),Aluminium Foil (Al),Basa Kuat (NaOH) + Aluminium Foil (Al),Tinggi
3,5,7.17,7.17,0.01,14.2,100.89,29.98,0.2338,152.1,0,Sabun Cuci Piring,Air (H2O),Sabun Cuci Piring + Air (H2O),Aman
2,4,2.27,1.55,0.72,3.64,8.83,29.13,0.1571,236.6,1,Cuka (CH3COOH),Pembersih Lantai (HCl),Cuka (CH3COOH) + Pembersih Lantai (HCl),Sedang
1,3,11.18,6.46,4.72,9.99,16.41,26.68,0.2124,328.3,0,Amonia (NH3),Sabun Cuci Piring,Amonia (NH3) + Sabun Cuci Piring,Aman
0,3,12.45,6.84,5.61,2.28,18.3,35.44,0.6152,213.3,1,Pemutih (NaClO),Sabun Cuci Piring,Pemutih (NaClO) + Sabun Cuci Piring,Sedang
4,5,0.73,7.39,6.67,14.49,97.38,35.98,0.4369,431.1,0,Pembersih Lantai (HCl),Air (H2O),Pembersih Lantai (HCl) + Air (H2O),Aman
2,3,2.41,7.1,4.69,5.21,14.38,33.24,0.825,179.6,1,Cuka (CH3COOH),Sabun Cuci Piring,Cuka (CH3COOH) + Sabun Cuci Piring,Sedang
0,1,12.75,11.24,1.5,4.45,9.07,31.45,0.764,81.5,2,Pemutih (NaClO),Amonia (NH3),Pemutih (NaClO) + Amonia (NH3),Tinggi
7,8,14.0,6.67,7.32,17.44,101.23,24.9,0.081,164.5,2,Basa Kuat (NaOH),Aluminium Foil (Al),Basa Kuat (NaOH) + Aluminium Foil (Al),Tinggi
5,6,6.91,7.18,0.27,99.76,70.72,23.03,0.6393,269.6,0,Air (H2O),Alkohol (Etanol),Air (H2O) + Alkohol (Etanol),Aman
5,9,7.06,6.96,0.09,99.68,8.77,21.37,0.931,424.6,1,Air (H2O),Asap Pembakaran (CO),Air (H2O) + Asap Pembakaran (CO),Sedang
1,2,11.22,2.23,8.98,13.72,3.35,26.29,0.4625,58.3,1,Amonia (NH3),Cuka (CH3COOH),Amonia (NH3) + Cuka (CH3COOH),Sedang
2,5,2.02,7.27,5.25,3.99,101.4,28.87,0.8186,161.6,0,Cuka (CH3COOH),Air (H2O),Cuka (CH3COOH) + Air (H2O),Aman
0,6,12.26,7.17,5.09,3.5,67.18,30.63,0.9178,299.2,2,Pemutih (NaClO),Alkohol (Etanol),Pemutih (NaClO) + Alkohol (Etanol),Tinggi
2,5,2.38,7.12,4.74,2.57,95.48,24.41,0.3147,404.7,0,Cuka (CH3COOH),Air (H2O),Cuka (CH3COOH) + Air (H2O),Aman
5,10,6.16,7.32,1.16,100.35,97.6,38.93,0.2801,182.0,2,Air (H2O),Gas LPG (Propana/Butana),Air (H2O) + Gas LPG (Propana/Butana),Tinggi
0,1,12.74,11.48,1.25,3.28,7.84,34.21,0.9368,347.0,0,Pemutih (NaClO),Amonia (NH3),Pemutih (NaClO) + Amonia (NH3),Aman
1,2,11.22,2.08,9.14,10.52,6.46,26.53,0.252,249.6,1,Amonia (NH3),Cuka (CH3COOH),Amonia (NH3) + Cuka (CH3COOH),Sedang
1,4,12.18,0.51,11.68,10.45,9.1,29.11,0.8904,301.4,0,Amonia (NH3),Pembersih Lantai (HCl),Amonia (NH3) + Pembersih Lantai (HCl),Aman
5,9,6.56,7.01,0.45,99.45,5.33,33.41,0.6925,114.0,2,Air (H2O),Asap Pembakaran (CO),Air (H2O) + Asap Pembakaran (CO),Tinggi
2,4,2.38,0.68,1.7,6.38,8.14,22.13,0.1977,394.1,1,Cuka (CH3COOH),Pembersih Lantai (HCl),Cuka (CH3COOH) + Pembersih Lantai (HCl),Sedang
5,6,6.34,7.26,0.92,103.36,70.28,28.72,0.8385,303.5,0,Air (H2O),Alkohol (Etanol),Air (H2O) + Alkohol (Etanol),Aman
0,1,12.5,11.68,0.81,1.65,9.94,20.18,0.0929,177.9,2,Pemutih (NaClO),Amonia (NH3),Pemutih (NaClO) + Amonia (NH3),Tinggi
4,5,1.07,7.17,6.1,9.0,101.11,37.94,0.554,360.8,0,Pembersih Lantai (HCl),Air (H2O),Pembersih Lantai (HCl) + Air (H2O),Aman
0,4,12.89,1.06,11.83,8.86,7.99,36.38,0.5987,59.9,2,Pemutih (NaClO),Pembersih Lantai (HCl),Pemutih (NaClO) + Pembersih Lantai (HCl),Tinggi
0,1,12.22,11.3,0.92,7.85,13.73,35.29,0.9355,73.8,2,Pemutih (NaClO),Amonia (NH3),Pemutih (NaClO) + Amonia (NH3),Tinggi
5,10,7.15,7.16,0.01,103.82,100.87,21.46,0.741,477.3,2,Air (H2O),Gas LPG (Propana/Butana),Air (H2O) + Gas LPG (Propana/Butana),Tinggi
1,4,11.56,0.91,10.65,9.33,10.31,23.96,0.0288,459.8,1,Amonia (NH3),Pembersih Lantai (HCl),Amonia (NH3) + Pembersih Lantai (HCl),Sedang
0,4,12.59,0.73,11.85,4.39,11.42,29.1,0.9217,271.5,2,Pemutih (NaClO),Pembersih Lantai (HCl),Pemutih (NaClO) + Pembersih Lantai (HCl),Tinggi
3,5,7.51,7.35,0.15,13.54,99.68,36.33,0.2886,491.6,0,Sabun Cuci Piring,Air (H2O),Sabun Cuci Piring + Air (H2O),Aman
1,4,11.6,1.4,10.2,10.1,11.5,39.16,0.3695,75.7,2,Amonia (NH3),Pembersih Lantai (HCl),Amonia (NH3) + Pembersih Lantai (HCl),Tinggi
3,4,7.22,0.94,6.28,14.42,9.6,30.91,0.3201,195.6,0,Sabun Cuci Piring,Pembersih Lantai (HCl),Sabun Cuci Piring + Pembersih Lantai (HCl),Aman
2,5,2.83,7.24,4.4,2.45,100.01,21.43,0.8501,423.2,0,Cuka (CH3COOH),Air (H2O),Cuka (CH3COOH) + Air (H2O),Aman
1,4,11.38,1.43,9.95,9.61,7.5,26.19,0.9912,471.0,0,Amonia (NH3),Pembersih Lantai (HCl),Amonia (NH3) + Pembersih Lantai (HCl),Aman
5,6,6.55,6.67,0.12,99.26,73.19,39.3,0.772,59.1,0,Air (H2O),Alkohol (Etanol),Air (H2O) + Alkohol (Etanol),Aman
0,4,12.06,1.23,10.83,6.92,7.03,28.91,0.2119,72.8,2,Pemutih (NaClO),Pembersih Lantai (HCl),Pemutih (NaClO) + Pembersih Lantai (HCl),Tinggi
0,4,13.18,0.99,12.18,2.18,12.65,22.39,0.2295,450.7,2,Pemutih (NaClO),Pembersih Lantai (HCl),Pemutih (NaClO) + Pembersih Lantai (HCl),Tinggi
0,5,12.92,6.53,6.39,2.28,97.91,23.36,0.7714,308.9,0,Pemutih (NaClO),Air (H2O),Pemutih (NaClO) + Air (H2O),Aman
5,9,7.26,7.19,0.07,105.81,8.13,31.68,0.6635,224.5,2,Air (H2O),Asap Pembakaran (CO),Air (H2O) + Asap Pembakaran (CO),Tinggi
1,4,11.56,0.99,10.57,10.69,9.59,30.79,0.7575,53.2,1,Amonia (NH3),Pembersih Lantai (HCl),Amonia (NH3) + Pembersih Lantai (HCl),Sedang
1,5,10.99,6.48,4.5,8.94,100.88,22.07,0.443,413.2,0,Amonia (NH3),Air (H2O),Amonia (NH3) + Air (H2O),Aman
1,5,11.57,7.11,4.46,4.9,101.1,23.03,0.5708,89.9,0,Amonia (NH3),Air (H2O),Amonia (NH3) + Air (H2O),Aman
